time,data
05.03.2026_10:00:00.000,AA:55:01:82:00:00:00:00:00:A1:0F:19:19:00:00:00:00:00:70:30:03:00:18:1F
05.03.2026_10:00:00.025,AA:55:02:82:00:00:00:00:00:A3:0F:19:19:00:00:00:04:00:4C:31:04:00:18:03
05.03.2026_10:00:00.050,AA:55:03:82:00:00:00:00:00:A2:0F:19:19:00:00:00:00:00:28:32:05:00:18:DC
05.03.2026_10:00:00.075,AA:55:10:8B:09:FD:08:0E:09:F7:08:0E:00:F0:00:2E:00:00:05:28:00:00:1B:23
05.03.2026_10:00:00.100,AA:55:01:82:00:00:00:00:00:A0:0F:19:19:01:00:00:00:00:70:30:03:00:18:1F
05.03.2026_10:00:00.125,AA:55:02:82:00:00:00:00:00:9F:0F:19:19:00:00:00:00:00:4C:31:04:00:18:FB
05.03.2026_10:00:00.150,AA:55:03:82:00:00:00:00:00:9E:0F:19:19:00:00:00:00:00:28:32:05:00:18:D8
05.03.2026_10:00:00.175,AA:55:10:8B:09:FB:08:08:09:F6:08:0F:00:EF:00:2D:00:00:05:23:00:00:1B:14
05.03.2026_10:00:00.200,AA:55:01:82:00:00:00:00:00:A0:0F:19:19:02:00:00:00:00:70:30:03:00:18:20
05.03.2026_10:00:00.225,AA:55:02:82:00:00:00:00:00:A1:0F:19:19:00:00:00:05:00:4C:31:04:00:18:02
05.03.2026_10:00:00.250,AA:55:03:82:00:00:00:00:00:A4:0F:19:19:01:00:00:00:00:28:32:05:00:18:DF
05.03.2026_10:00:00.275,AA:55:10:8B:09:F9:08:07:09:F4:08:0F:00:EF:00:2D:00:00:05:28:00:00:1B:14
05.03.2026_10:00:00.300,AA:55:01:82:00:00:00:00:00:A1:0F:19:19:03:00:00:00:00:70:30:03:00:18:22
05.03.2026_10:00:00.325,AA:55:02:82:00:00:00:00:00:A0:0F:19:19:02:00:00:03:00:4C:31:04:00:18:01
05.03.2026_10:00:00.350,AA:55:03:82:00:00:00:00:00:A0:0F:19:19:00:00:00:00:00:28:32:05:00:18:DA
05.03.2026_10:00:00.375,AA:55:10:8B:09:F9:08:07:09:F6:08:09:00:EF:00:2D:00:00:05:26:00:00:1B:0E
05.03.2026_10:00:00.400,AA:55:01:82:00:00:00:00:00:A2:0F:19:19:00:00:00:00:00:70:30:03:00:18:20
05.03.2026_10:00:00.425,AA:55:02:82:00:00:00:00:00:9F:0F:19:19:00:00:00:02:00:4C:31:04:00:18:FD
05.03.2026_10:00:00.450,AA:55:03:82:00:00:00:00:00:9E:0F:19:19:00:00:00:00:00:28:32:05:00:18:D8
05.03.2026_10:00:00.475,AA:55:10:8B:09:01:09:07:09:FA:08:0D:00:EF:00:2D:00:00:05:25:00:00:1B:1E
05.03.2026_10:00:00.500,AA:55:01:82:00:00:00:00:00:A2:0F:19:19:02:00:00:00:00:70:30:03:00:18:22
05.03.2026_10:00:00.525,AA:55:02:82:00:00:00:00:00:A1:0F:19:19:00:00:00:00:00:4C:31:04:00:18:FD
05.03.2026_10:00:00.550,AA:55:03:82:00:00:00:00:00:9E:0F:19:19:01:00:00:00:00:28:32:05:00:18:D9
05.03.2026_10:00:00.575,AA:55:10:8B:09:FF:08:0E:09:F7:08:0A:00:EF:00:2D:00:00:05:23:00:00:1B:1A
05.03.2026_10:00:00.600,AA:55:01:82:00:00:00:00:00:9D:0F:19:19:02:00:00:00:00:70:30:03:00:18:1D
05.03.2026_10:00:00.625,AA:55:02:82:00:00:00:00:00:A2:0F:19:19:01:00:00:00:00:4C:31:04:00:18:FF
05.03.2026_10:00:00.650,AA:55:03:82:00:00:00:00:00:9F:0F:19:19:00:00:00:00:00:28:32:05:00:18:D9
05.03.2026_10:00:00.675,AA:55:10:8B:09:FB:08:08:09:FA:08:0C:00:F0:00:2D:00:00:05:23:00:00:1B:16
05.03.2026_10:00:00.700,AA:55:01:82:00:00:00:00:00:A2:0F:19:19:02:00:00:00:00:70:30:03:00:18:22
05.03.2026_10:00:00.725,AA:55:02:82:00:00:00:00:00:9D:0F:19:18:00:00:00:00:00:4C:31:04:00:18:F8
05.03.2026_10:00:00.750,AA:55:03:82:00:00:00:00:00:A0:0F:19:19:00:00:00:00:00:28:32:05:00:18:DA
05.03.2026_10:00:00.775,AA:55:10:8B:09:FC:08:0C:09:F2:08:0F:00:EF:00:2E:00:00:05:23:00:00:1B:16
05.03.2026_10:00:00.800,AA:55:01:82:00:00:00:00:00:A1:0F:19:19:00:00:00:01:00:70:30:03:00:18:20
05.03.2026_10:00:00.825,AA:55:02:82:00:00:00:00:00:A0:0F:19:19:00:00:00:03:00:4C:31:04:00:18:FF
05.03.2026_10:00:00.850,AA:55:03:82:00:00:00:00:00:A0:0F:19:19:02:00:00:00:00:28:32:05:00:18:DC
05.03.2026_10:00:00.875,AA:55:10:8B:09:00:09:0B:09:F5:08:0B:00:EF:00:2E:00:00:05:27:00:00:1B:1D
05.03.2026_10:00:00.900,AA:55:01:82:00:00:00:00:00:9E:0F:19:19:01:00:00:00:00:70:30:03:00:18:1D
05.03.2026_10:00:00.925,AA:55:02:82:00:00:00:00:00:A3:0F:19:19:00:00:00:00:00:4C:31:04:00:18:FF
05.03.2026_10:00:00.950,AA:55:03:82:00:00:00:00:00:9F:0F:19:18:01:00:00:02:00:28:32:05:00:18:DB
05.03.2026_10:00:00.975,AA:55:10:8B:09:FD:08:09:09:F8:08:0B:00:EF:00:2D:00:00:05:25:00:00:1B:17
05.03.2026_10:00:01.000,AA:55:01:82:00:00:00:00:00:9E:0F:19:19:00:00:00:00:00:70:30:03:00:18:1C
05.03.2026_10:00:01.025,AA:55:02:82:00:00:00:00:00:A2:0F:19:19:02:00:00:00:00:4C:31:04:00:18:00
05.03.2026_10:00:01.050,AA:55:03:82:00:00:00:00:00:A0:0F:19:18:00:00:00:00:00:28:32:05:00:18:D9
05.03.2026_10:00:01.075,AA:55:10:8B:09:FF:08:0B:09:F2:08:0B:00:EE:00:2D:00:00:05:23:00:00:1C:13
05.03.2026_10:00:01.100,AA:55:01:82:00:00:00:00:00:9D:0F:19:19:00:00:00:00:00:70:30:03:00:18:1B
05.03.2026_10:00:01.125,AA:55:02:82:00:00:00:00:00:A4:0F:19:19:00:00:00:01:00:4C:31:04:00:18:01
05.03.2026_10:00:01.150,AA:55:03:82:00:00:00:00:00:A2:0F:19:19:00:00:00:01:00:28:32:05:00:18:DD
05.03.2026_10:00:01.175,AA:55:10:8B:09:F9:08:0B:09:F9:08:0B:00:EF:00:2D:00:00:05:25:00:00:1C:17
05.03.2026_10:00:01.200,AA:55:01:82:00:00:00:00:00:9E:0F:19:18:00:00:00:03:00:70:30:03:00:18:1E
05.03.2026_10:00:01.225,AA:55:02:82:00:00:00:00:00:A4:0F:19:19:00:00:00:04:00:4C:31:04:00:18:04
05.03.2026_10:00:01.250,AA:55:03:82:00:00:00:00:00:A4:0F:19:18:01:00:00:02:00:28:32:05:00:18:E0
05.03.2026_10:00:01.275,AA:55:10:8B:09:FA:08:0C:09:F8:08:0B:00:EF:00:2D:00:00:05:2C:00:00:1C:1F
05.03.2026_10:00:01.300,AA:55:01:82:00:00:00:00:00:9D:0F:19:18:02:00:00:01:00:70:30:03:00:18:1D
05.03.2026_10:00:01.325,AA:55:02:82:00:00:00:00:00:9E:0F:19:18:00:00:00:00:00:4C:31:04:00:18:F9
05.03.2026_10:00:01.350,AA:55:03:82:00:00:00:00:00:9F:0F:19:19:01:00:00:00:00:28:32:05:00:18:DA
05.03.2026_10:00:01.375,AA:55:10:8B:09:F7:08:0F:09:F5:08:0D:00:EE:00:2E:00:00:05:24:00:00:1C:16
05.03.2026_10:00:01.400,AA:55:01:82:00:00:00:00:00:9D:0F:19:19:02:00:00:02:00:70:30:03:00:18:1F
05.03.2026_10:00:01.425,AA:55:02:82:00:00:00:00:00:A2:0F:19:19:00:00:00:00:00:4C:31:04:00:18:FE
05.03.2026_10:00:01.450,AA:55:03:82:00:00:00:00:00:9E:0F:19:18:00:00:00:02:00:28:32:05:00:18:D9
05.03.2026_10:00:01.475,AA:55:10:8B:09:00:09:0B:09:F5:08:0B:00:EF:00:2E:00:00:05:28:00:00:1C:1F
05.03.2026_10:00:01.500,AA:55:01:82:00:00:00:00:00:A0:0F:19:19:00:00:00:00:00:70:30:03:00:18:1E
05.03.2026_10:00:01.525,AA:55:02:82:00:00:00:00:00:A3:0F:19:18:00:00:00:04:00:4C:31:04:00:18:02
05.03.2026_10:00:01.550,AA:55:03:82:00:00:00:00:00:9F:0F:19:18:00:00:00:00:00:28:32:05:00:18:D8
05.03.2026_10:00:01.575,AA:55:10:8B:09:FA:08:08:09:F9:08:0D:00:EE:00:2D:00:00:05:27:00:00:1C:18
05.03.2026_10:00:01.600,AA:55:01:82:00:00:00:00:00:9E:0F:19:19:01:00:00:00:00:70:30:03:00:18:1D
05.03.2026_10:00:01.625,AA:55:02:82:00:00:00:00:00:A3:0F:19:19:02:00:00:01:00:4C:31:04:00:18:02
05.03.2026_10:00:01.650,AA:55:03:82:00:00:00:00:00:9C:0F:19:18:01:00:00:00:00:28:32:05:00:18:D6
05.03.2026_10:00:01.675,AA:55:10:8B:09:FD:08:07:09:F1:08:09:00:EE:00:2E:00:00:05:25:00:00:1C:0D
05.03.2026_10:00:01.700,AA:55:01:82:00:00:00:00:00:A2:0F:19:18:00:00:00:03:00:70:30:03:00:18:22
05.03.2026_10:00:01.725,AA:55:02:82:00:00:00:00:00:9C:0F:19:18:00:00:00:00:00:4C:31:04:00:18:F7
05.03.2026_10:00:01.750,AA:55:03:82:00:00:00:00:00:A3:0F:19:18:00:00:00:00:00:28:32:05:00:18:DC
05.03.2026_10:00:01.775,AA:55:10:8B:09:FB:08:10:09:FB:08:0D:00:EE:00:2D:00:00:05:26:00:00:1C:22
05.03.2026_10:00:01.800,AA:55:01:82:00:00:00:00:00:9E:0F:19:19:00:00:00:00:00:70:30:03:00:18:1C
05.03.2026_10:00:01.825,AA:55:02:82:00:00:00:00:00:A0:0F:19:18:00:00:00:00:00:4C:31:04:00:18:FB
05.03.2026_10:00:01.850,AA:55:03:82:00:00:00:00:00:A3:0F:19:18:01:00:00:00:00:28:32:05:00:18:DD
05.03.2026_10:00:01.875,AA:55:10:8B:09:FB:08:0E:09:F4:08:0B:00:EE:00:2E:00:00:05:23:00:00:1C:15
05.03.2026_10:00:01.900,AA:55:01:82:00:00:00:00:00:9E:0F:19:18:01:00:00:02:00:70:30:03:00:18:1E
05.03.2026_10:00:01.925,AA:55:02:82:00:00:00:00:00:A3:0F:19:19:01:00:00:02:00:4C:31:04:00:18:02
05.03.2026_10:00:01.950,AA:55:03:82:00:00:00:00:00:A0:0F:19:18:02:00:00:02:00:28:32:05:00:18:DD
05.03.2026_10:00:01.975,AA:55:10:8B:09:FE:08:06:09:F4:08:0F:00:EE:00:2E:00:00:05:29:00:00:1C:1A
05.03.2026_10:00:02.000,AA:55:01:82:00:00:00:00:00:A4:0F:19:19:00:00:00:00:00:70:30:03:00:18:22
05.03.2026_10:00:02.025,AA:55:02:82:00:00:00:00:00:9D:0F:19:18:02:00:00:00:00:4C:31:04:00:18:FA
05.03.2026_10:00:02.050,AA:55:03:82:00:00:00:00:00:A2:0F:19:18:00:00:00:02:00:28:32:05:00:18:DD
05.03.2026_10:00:02.075,AA:55:10:8B:09:FB:08:07:09:F4:08:09:00:EE:00:2E:00:00:05:25:00:00:1D:0F
05.03.2026_10:00:02.100,AA:55:01:82:00:00:00:00:00:A2:0F:19:18:00:00:00:02:00:70:30:03:00:18:21
05.03.2026_10:00:02.125,AA:55:02:82:00:00:00:00:00:A0:0F:19:19:02:00:00:00:00:4C:31:04:00:18:FE
05.03.2026_10:00:02.150,AA:55:03:82:00:00:00:00:00:9F:0F:19:18:00:00:00:00:00:28:32:05:00:18:D8
05.03.2026_10:00:02.175,AA:55:10:8B:09:FE:08:08:09:F5:08:0D:00:EE:00:2E:00:00:05:25:00:00:1D:18
05.03.2026_10:00:02.200,AA:55:01:82:00:00:00:00:00:9D:0F:19:18:00:00:00:00:00:70:30:03:00:18:1A
05.03.2026_10:00:02.225,AA:55:02:82:00:00:00:00:00:A2:0F:19:18:00:00:00:00:00:4C:31:04:00:18:FD
05.03.2026_10:00:02.250,AA:55:03:82:00:00:00:00:00:9C:0F:19:18:00:00:00:00:00:28:32:05:00:18:D5
05.03.2026_10:00:02.275,AA:55:10:8B:09:FC:08:09:09:F9:08:0B:00:EE:00:2E:00:00:05:23:00:00:1D:17
05.03.2026_10:00:02.300,AA:55:01:82:00:00:00:00:00:9E:0F:19:19:00:00:00:00:00:70:30:03:00:18:1C
05.03.2026_10:00:02.325,AA:55:02:82:00:00:00:00:00:9E:0F:19:18:00:00:00:00:00:4C:31:04:00:18:F9
05.03.2026_10:00:02.350,AA:55:03:82:00:00:00:00:00:A2:0F:19:18:01:00:00:02:00:28:32:05:00:18:DE
05.03.2026_10:00:02.375,AA:55:10:8B:09:FB:08:0E:09:FA:08:10:00:EE:00:2E:00:00:05:25:00:00:1D:23
05.03.2026_10:00:02.400,AA:55:01:82:00:00:00:00:00:9E:0F:19:18:00:00:00:00:00:70:30:03:00:18:1B
05.03.2026_10:00:02.425,AA:55:02:82:00:00:00:00:00:9F:0F:19:18:01:00:00:03:00:4C:31:04:00:18:FE
05.03.2026_10:00:02.450,AA:55:03:82:00:00:00:00:00:9D:0F:19:18:00:00:00:00:00:28:32:05:00:18:D6
05.03.2026_10:00:02.475,AA:55:10:8B:09:01:09:0D:09:F4:08:0F:00:EE:00:2E:00:00:05:26:00:00:1D:23
05.03.2026_10:00:02.500,AA:55:01:82:00:00:00:00:00:A0:0F:19:18:00:00:00:03:00:70:30:03:00:18:20
05.03.2026_10:00:02.525,AA:55:02:82:00:00:00:00:00:9E:0F:19:18:00:00:00:00:00:4C:31:04:00:18:F9
05.03.2026_10:00:02.550,AA:55:03:82:00:00:00:00:00:9C:0F:19:18:01:00:00:00:00:28:32:05:00:18:D6
05.03.2026_10:00:02.575,AA:55:10:8B:09:F8:08:07:09:F4:08:0F:00:EE:00:2E:00:00:05:26:00:00:1D:13
05.03.2026_10:00:02.600,AA:55:01:82:00:00:00:00:00:A0:0F:19:18:00:00:00:00:00:70:30:03:00:18:1D
05.03.2026_10:00:02.625,AA:55:02:82:00:00:00:00:00:A0:0F:19:18:02:00:00:00:00:4C:31:04:00:18:FD
05.03.2026_10:00:02.650,AA:55:03:82:00:00:00:00:00:A0:0F:19:18:00:00:00:00:00:28:32:05:00:18:D9
05.03.2026_10:00:02.675,AA:55:10:8B:09:FE:08:0E:09:F8:08:0A:00:EE:00:2E:00:00:05:23:00:00:1D:1C
05.03.2026_10:00:02.700,AA:55:01:82:00:00:00:00:00:A0:0F:19:18:01:00:00:00:00:70:30:03:00:18:1E
05.03.2026_10:00:02.725,AA:55:02:82:00:00:00:00:00:A1:0F:19:18:02:00:00:00:00:4C:31:04:00:18:FE
05.03.2026_10:00:02.750,AA:55:03:82:00:00:00:00:00:9D:0F:19:18:00:00:00:01:00:28:32:05:00:18:D7
05.03.2026_10:00:02.775,AA:55:10:8B:09:FF:08:07:09:F7:08:0A:00:EE:00:2E:00:00:05:24:00:00:1D:16
05.03.2026_10:00:02.800,AA:55:01:82:00:00:00:00:00:A0:0F:19:18:00:00:00:00:00:70:30:03:00:18:1D
05.03.2026_10:00:02.825,AA:55:02:82:00:00:00:00:00:9D:0F:19:18:02:00:00:02:00:4C:31:04:00:18:FC
05.03.2026_10:00:02.850,AA:55:03:82:00:00:00:00:00:9D:0F:19:18:01:00:00:00:00:28:32:05:00:18:D7
05.03.2026_10:00:02.875,AA:55:10:8B:09:FE:08:08:09:F5:08:0A:00:EE:00:2E:00:00:05:25:00:00:1D:15
05.03.2026_10:00:02.900,AA:55:01:82:00:00:00:00:00:A2:0F:19:18:00:00:00:02:00:70:30:03:00:18:21
05.03.2026_10:00:02.925,AA:55:02:82:00:00:00:00:00:A0:0F:19:18:00:00:00:00:00:4C:31:04:00:18:FB
05.03.2026_10:00:02.950,AA:55:03:82:00:00:00:00:00:9D:0F:19:18:01:00:00:00:00:28:32:05:00:18:D7
05.03.2026_10:00:02.975,AA:55:10:8B:09:FB:08:0F:09:F4:08:0C:00:EE:00:2E:00:00:05:25:00:00:1D:1A
05.03.2026_10:00:03.000,AA:55:01:82:00:00:00:00:00:9C:0F:19:18:00:00:00:00:00:70:30:03:00:18:19
05.03.2026_10:00:03.025,AA:55:02:82:00:00:00:00:00:9D:0F:19:18:01:00:00:00:00:4C:31:04:00:18:F9
05.03.2026_10:00:03.050,AA:55:03:82:00:00:00:00:00:A2:0F:19:18:00:00:00:00:00:28:32:05:00:18:DB
05.03.2026_10:00:03.075,AA:55:10:8B:09:00:09:0B:09:F8:08:0D:00:EE:00:2E:00:00:05:23:00:00:1E:20
05.03.2026_10:00:03.100,AA:55:01:82:00:00:00:00:00:A4:0F:19:18:00:00:00:00:00:70:30:03:00:18:21
05.03.2026_10:00:03.125,AA:55:02:82:00:00:00:00:00:A1:0F:19:18:00:00:00:05:00:4C:31:04:00:18:01
05.03.2026_10:00:03.150,AA:55:03:82:00:00:00:00:00:9C:0F:19:18:00:00:00:01:00:28:32:05:00:18:D6
05.03.2026_10:00:03.175,AA:55:10:8B:09:FD:08:09:09:F4:08:0B:00:EE:00:2E:00:00:05:29:00:00:1E:1A
05.03.2026_10:00:03.200,AA:55:01:82:00:00:00:00:00:A3:0F:19:18:00:00:00:00:00:70:30:03:00:18:20
05.03.2026_10:00:03.225,AA:55:02:82:00:00:00:00:00:9F:0F:19:18:00:00:00:00:00:4C:31:04:00:18:FA
05.03.2026_10:00:03.250,AA:55:03:82:00:00:00:00:00:9F:0F:19:18:00:00:00:00:00:28:32:05:00:18:D8
05.03.2026_10:00:03.275,AA:55:10:8B:09:F9:08:10:09:FA:08:0F:00:EF:00:2F:00:00:05:23:00:00:1E:23
05.03.2026_10:00:03.300,AA:55:01:82:00:00:00:00:00:9F:0F:19:18:00:00:00:00:00:70:30:03:00:18:1C
05.03.2026_10:00:03.325,AA:55:02:82:00:00:00:00:00:9C:0F:19:18:00:00:00:00:00:4C:31:04:00:18:F7
05.03.2026_10:00:03.350,AA:55:03:82:00:00:00:00:00:A1:0F:19:18:02:00:00:01:00:28:32:05:00:18:DD
05.03.2026_10:00:03.375,AA:55:10:8B:09:F8:08:0A:09:F5:08:0D:00:EE:00:2E:00:00:05:24:00:00:1E:14
05.03.2026_10:00:03.400,AA:55:01:82:00:00:00:00:00:A3:0F:19:18:00:00:00:00:00:70:30:03:00:18:20
05.03.2026_10:00:03.425,AA:55:02:82:00:00:00:00:00:9C:0F:19:18:00:00:00:00:00:4C:31:04:00:18:F7
05.03.2026_10:00:03.450,AA:55:03:82:00:00:00:00:00:9F:0F:19:18:00:00:00:00:00:28:32:05:00:18:D8
05.03.2026_10:00:03.475,AA:55:10:8B:09:F9:08:0E:09:FB:08:0A:00:EE:00:2E:00:00:05:23:00:00:1E:1B
05.03.2026_10:00:03.500,AA:55:01:82:00:00:00:00:00:A1:0F:19:18:00:00:00:02:00:70:30:03:00:18:20
05.03.2026_10:00:03.525,AA:55:02:82:00:00:00:00:00:A0:0F:19:18:00:00:00:00:00:4C:31:04:00:18:FB
05.03.2026_10:00:03.550,AA:55:03:82:00:00:00:00:00:9D:0F:19:18:00:00:00:00:00:28:32:05:00:18:D6
05.03.2026_10:00:03.575,AA:55:10:8B:09:F8:08:07:09:F4:08:09:00:EE:00:2E:00:00:05:25:00:00:1E:0D
05.03.2026_10:00:03.600,AA:55:01:82:00:00:00:00:00:9D:0F:19:18:01:00:00:00:00:70:30:03:00:18:1B
05.03.2026_10:00:03.625,AA:55:02:82:00:00:00:00:00:9E:0F:19:18:00:00:00:02:00:4C:31:04:00:18:FB
05.03.2026_10:00:03.650,AA:55:03:82:00:00:00:00:00:A1:0F:19:18:00:00:00:00:00:28:32:05:00:18:DA
05.03.2026_10:00:03.675,AA:55:10:8B:09:FF:08:0E:09:F7:08:0D:00:EF:00:2F:00:00:05:25:00:00:1E:24
05.03.2026_10:00:03.700,AA:55:01:82:00:00:00:00:00:9E:0F:19:18:00:00:00:00:00:70:30:03:00:18:1B
05.03.2026_10:00:03.725,AA:55:02:82:00:00:00:00:00:A0:0F:19:18:00:00:00:00:00:4C:31:04:00:18:FB
05.03.2026_10:00:03.750,AA:55:03:82:00:00:00:00:00:9F:0F:19:18:00:00:00:00:00:28:32:05:00:18:D8
05.03.2026_10:00:03.775,AA:55:10:8B:09:F7:08:10:09:F7:08:0C:00:EF:00:2F:00:00:05:23:00:00:1E:1B
05.03.2026_10:00:03.800,AA:55:01:82:00:00:00:00:00:A1:0F:19:18:00:00:00:03:00:70:30:03:00:18:21
05.03.2026_10:00:03.825,AA:55:02:82:00:00:00:00:00:A3:0F:19:18:00:00:00:05:00:4C:31:04:00:18:03
05.03.2026_10:00:03.850,AA:55:03:82:00:00:00:00:00:9F:0F:19:18:02:00:00:00:00:28:32:05:00:18:DA
05.03.2026_10:00:03.875,AA:55:10:8B:09:FA:08:07:09:F7:08:0D:00:EF:00:2E:00:00:05:2B:00:00:1E:1D
05.03.2026_10:00:03.900,AA:55:01:82:00:00:00:00:00:A3:0F:19:18:02:00:00:02:00:70:30:03:00:18:24
05.03.2026_10:00:03.925,AA:55:02:82:00:00:00:00:00:9F:0F:19:18:02:00:00:02:00:4C:31:04:00:18:FE
05.03.2026_10:00:03.950,AA:55:03:82:00:00:00:00:00:A0:0F:19:18:03:00:00:00:00:28:32:05:00:18:DC
05.03.2026_10:00:03.975,AA:55:10:8B:09:FC:08:09:09:F3:08:0B:00:EF:00:2E:00:00:05:27:00:00:1E:17
05.03.2026_10:00:04.000,AA:55:01:82:00:00:00:00:00:9F:0F:19:18:00:00:00:00:00:70:30:03:00:18:1C
05.03.2026_10:00:04.025,AA:55:02:82:00:00:00:00:00:9D:0F:19:18:00:00:00:00:00:4C:31:04:00:18:F8
05.03.2026_10:00:04.050,AA:55:03:82:00:00:00:00:00:9E:0F:19:18:03:00:00:00:00:28:32:05:00:18:DA
05.03.2026_10:00:04.075,AA:55:10:8B:09:01:09:0A:09:F3:08:0D:00:EE:00:2F:00:00:05:23:00:00:1F:1D
05.03.2026_10:00:04.100,AA:55:01:82:00:00:00:00:00:9F:0F:19:18:00:00:00:01:00:70:30:03:00:18:1D
05.03.2026_10:00:04.125,AA:55:02:82:00:00:00:00:00:9F:0F:19:18:00:00:00:04:00:4C:31:04:00:18:FE
05.03.2026_10:00:04.150,AA:55:03:82:00:00:00:00:00:9D:0F:19:18:02:00:00:02:00:28:32:05:00:18:DA
05.03.2026_10:00:04.175,AA:55:10:8B:09:FB:08:0F:09:F6:08:0F:00:EE:00:2F:00:00:05:2A:00:00:1F:27
05.03.2026_10:00:04.200,AA:55:01:82:00:00:00:00:00:A2:0F:19:18:00:00:00:01:00:70:30:03:00:18:20
05.03.2026_10:00:04.225,AA:55:02:82:00:00:00:00:00:9C:0F:19:18:00:00:00:00:00:4C:31:04:00:18:F7
05.03.2026_10:00:04.250,AA:55:03:82:00:00:00:00:00:9E:0F:19:18:00:00:00:00:00:28:32:05:00:18:D7
05.03.2026_10:00:04.275,AA:55:10:8B:09:F8:08:10:09:F5:08:09:00:EE:00:2F:00:00:05:24:00:00:1F:18
05.03.2026_10:00:04.300,AA:55:01:82:00:00:00:00:00:A2:0F:19:18:00:00:00:01:00:70:30:03:00:18:20
05.03.2026_10:00:04.325,AA:55:02:82:00:00:00:00:00:A1:0F:19:18:02:00:00:00:00:4C:31:04:00:18:FE
05.03.2026_10:00:04.350,AA:55:03:82:00:00:00:00:00:9F:0F:19:18:00:00:00:02:00:28:32:05:00:18:DA
05.03.2026_10:00:04.375,AA:55:10:8B:09:F7:08:10:09:F9:08:0E:00:EE:00:2F:00:00:05:26:00:00:1F:22
05.03.2026_10:00:04.400,AA:55:01:82:00:00:00:00:00:A2:0F:19:18:00:00:00:02:00:70:30:03:00:18:21
05.03.2026_10:00:04.425,AA:55:02:82:00:00:00:00:00:A0:0F:19:18:00:00:00:02:00:4C:31:04:00:18:FD
05.03.2026_10:00:04.450,AA:55:03:82:00:00:00:00:00:A0:0F:19:18:02:00:00:02:00:28:32:05:00:18:DD
05.03.2026_10:00:04.475,AA:55:10:8B:09:FD:08:0E:09:F3:08:0E:00:EF:00:2F:00:00:05:29:00:00:1F:24
05.03.2026_10:00:04.500,AA:55:01:82:00:00:00:00:00:A4:0F:19:18:00:00:00:01:00:70:30:03:00:18:22
05.03.2026_10:00:04.525,AA:55:02:82:00:00:00:00:00:A0:0F:19:18:02:00:00:00:00:4C:31:04:00:18:FD
05.03.2026_10:00:04.550,AA:55:03:82:00:00:00:00:00:A1:0F:19:18:03:00:00:01:00:28:32:05:00:18:DE
05.03.2026_10:00:04.575,AA:55:10:8B:09:FC:08:07:09:F7:08:0D:00:EF:00:2F:00:00:05:25:00:00:1F:1B
05.03.2026_10:00:04.600,AA:55:01:82:00:00:00:00:00:9E:0F:19:18:02:00:00:00:00:70:30:03:00:18:1D
05.03.2026_10:00:04.625,AA:55:02:82:00:00:00:00:00:9E:0F:19:18:02:00:00:02:00:4C:31:04:00:18:FD
05.03.2026_10:00:04.650,AA:55:03:82:00:00:00:00:00:A2:0F:19:18:00:00:00:02:00:28:32:05:00:18:DD
05.03.2026_10:00:04.675,AA:55:10:8B:09:00:09:0A:09:F9:08:0B:00:EE:00:2F:00:00:05:27:00:00:1F:24
05.03.2026_10:00:04.700,AA:55:01:82:00:00:00:00:00:9C:0F:19:18:00:00:00:00:00:70:30:03:00:18:19
05.03.2026_10:00:04.725,AA:55:02:82:00:00:00:00:00:A4:0F:19:18:00:00:00:00:00:4C:31:04:00:18:FF
05.03.2026_10:00:04.750,AA:55:03:82:00:00:00:00:00:A2:0F:19:18:00:00:00:00:00:28:32:05:00:18:DB
05.03.2026_10:00:04.775,AA:55:10:8B:09:FC:08:08:09:FA:08:0E:00:EF:00:2F:00:00:05:23:00:00:1F:1E
05.03.2026_10:00:04.800,AA:55:01:82:00:00:00:00:00:A1:0F:19:18:00:00:00:00:00:70:30:03:00:18:1E
05.03.2026_10:00:04.825,AA:55:02:82:00:00:00:00:00:9F:0F:19:18:00:00:00:01:00:4C:31:04:00:18:FB
05.03.2026_10:00:04.850,AA:55:03:82:00:00:00:00:00:A2:0F:19:18:01:00:00:00:00:28:32:05:00:18:DC
05.03.2026_10:00:04.875,AA:55:10:8B:09:FF:08:08:09:F6:08:0E:00:EF:00:2F:00:00:05:24:00:00:1F:1E
05.03.2026_10:00:04.900,AA:55:01:82:00:00:00:00:00:9D:0F:19:18:01:00:00:00:00:70:30:03:00:18:1B
05.03.2026_10:00:04.925,AA:55:02:82:00:00:00:00:00:9C:0F:19:18:02:00:00:04:00:4C:31:04:00:18:FD
05.03.2026_10:00:04.950,AA:55:03:82:00:00:00:00:00:9D:0F:19:18:02:00:00:02:00:28:32:05:00:18:DA
05.03.2026_10:00:04.975,AA:55:10:8B:09:FD:08:0F:09:F9:08:0D:00:EE:00:2F:00:00:05:28:00:00:1F:28
05.03.2026_10:00:05.000,AA:55:01:82:00:00:00:00:00:A1:0F:19:18:00:00:00:00:00:70:30:03:00:18:1E
05.03.2026_10:00:05.025,AA:55:02:82:00:00:00:00:00:9E:0F:19:18:00:00:00:02:00:4C:31:04:00:18:FB
05.03.2026_10:00:05.050,AA:55:03:82:00:00:00:00:00:A2:0F:19:18:00:00:00:00:00:28:32:05:00:18:DB
05.03.2026_10:00:05.075,AA:55:10:8B:09:FA:08:0A:09:F2:08:0D:00:EE:00:2F:00:00:05:25:00:00:20:17
05.03.2026_10:00:05.100,AA:55:01:82:00:00:00:00:00:9D:0F:19:18:00:00:00:01:00:70:30:03:00:18:1B
05.03.2026_10:00:05.125,AA:55:02:82:00:00:00:00:00:A0:0F:19:18:00:00:00:00:00:4C:31:04:00:18:FB
05.03.2026_10:00:05.150,AA:55:03:82:00:00:00:00:00:A2:0F:19:18:01:00:00:00:00:28:32:05:00:18:DC
05.03.2026_10:00:05.175,AA:55:10:8B:09:FE:08:0A:09:F1:08:09:00:EE:00:2F:00:00:05:24:00:00:20:15
05.03.2026_10:00:05.200,AA:55:01:82:00:00:00:00:00:9D:0F:19:18:00:00:00:00:00:70:30:03:00:18:1A
05.03.2026_10:00:05.225,AA:55:02:82:00:00:00:00:00:A0:0F:19:18:01:00:00:00:00:4C:31:04:00:18:FC
05.03.2026_10:00:05.250,AA:55:03:82:00:00:00:00:00:A3:0F:19:18:00:00:00:00:00:28:32:05:00:18:DC
05.03.2026_10:00:05.275,AA:55:10:8B:09:FA:08:10:09:F2:08:0D:00:EE:00:2F:00:00:05:23:00:00:20:1B
05.03.2026_10:00:05.300,AA:55:01:82:00:00:00:00:00:9E:0F:19:18:00:00:00:00:00:70:30:03:00:18:1B
05.03.2026_10:00:05.325,AA:55:02:82:00:00:00:00:00:9E:0F:19:18:00:00:00:00:00:4C:31:04:00:18:F9
05.03.2026_10:00:05.350,AA:55:03:82:00:00:00:00:00:9C:0F:19:18:00:00:00:00:00:28:32:05:00:18:D5
05.03.2026_10:00:05.375,AA:55:10:8B:09:FC:08:0D:09:F3:08:0B:00:EE:00:2F:00:00:05:23:00:00:20:19
05.03.2026_10:00:05.400,AA:55:01:82:00:00:00:00:00:9D:0F:19:18:00:00:00:00:00:70:30:03:00:18:1A
05.03.2026_10:00:05.425,AA:55:02:82:00:00:00:00:00:A1:0F:19:18:01:00:00:00:00:4C:31:04:00:18:FD
05.03.2026_10:00:05.450,AA:55:03:82:00:00:00:00:00:A4:0F:19:18:00:00:00:00:00:28:32:05:00:18:DD
05.03.2026_10:00:05.475,AA:55:10:8B:09:FB:08:0F:09:F4:08:08:00:EE:00:2F:00:00:05:23:00:00:20:18
05.03.2026_10:00:05.500,AA:55:01:82:00:00:00:00:00:A0:0F:19:18:00:00:00:02:00:70:30:03:00:18:1F
05.03.2026_10:00:05.525,AA:55:02:82:00:00:00:00:00:9F:0F:19:18:00:00:00:04:00:4C:31:04:00:18:FE
05.03.2026_10:00:05.550,AA:55:03:82:00:00:00:00:00:A2:0F:19:18:00:00:00:00:00:28:32:05:00:18:DB
05.03.2026_10:00:05.575,AA:55:10:8B:09:FB:08:07:09:F5:08:10:00:EF:00:2F:00:00:05:29:00:00:20:20
05.03.2026_10:00:05.600,AA:55:01:82:00:00:00:00:00:9D:0F:19:18:00:00:00:00:00:70:30:03:00:18:1A
05.03.2026_10:00:05.625,AA:55:02:82:00:00:00:00:00:A1:0F:19:18:02:00:00:00:00:4C:31:04:00:18:FE
05.03.2026_10:00:05.650,AA:55:03:82:00:00:00:00:00:A2:0F:19:18:01:00:00:01:00:28:32:05:00:18:DD
05.03.2026_10:00:05.675,AA:55:10:8B:09:00:09:0B:09:F6:08:0A:00:EE:00:2F:00:00:05:24:00:00:20:1F
05.03.2026_10:00:05.700,AA:55:01:82:00:00:00:00:00:A3:0F:19:18:02:00:00:00:00:70:30:03:00:18:22
05.03.2026_10:00:05.725,AA:55:02:82:00:00:00:00:00:A1:0F:19:18:02:00:00:00:00:4C:31:04:00:18:FE
05.03.2026_10:00:05.750,AA:55:03:82:00:00:00:00:00:9F:0F:19:18:00:00:00:02:00:28:32:05:00:18:DA
05.03.2026_10:00:05.775,AA:55:10:8B:09:F9:08:08:09:F2:08:10:00:EF:00:30:00:00:05:25:00:00:20:19
05.03.2026_10:00:05.800,AA:55:01:82:00:00:00:00:00:A0:0F:19:18:02:00:00:00:00:70:30:03:00:18:1F
05.03.2026_10:00:05.825,AA:55:02:82:00:00:00:00:00:9F:0F:19:18:01:00:00:01:00:4C:31:04:00:18:FC
05.03.2026_10:00:05.850,AA:55:03:82:00:00:00:00:00:9D:0F:19:18:00:00:00:00:00:28:32:05:00:18:D6
05.03.2026_10:00:05.875,AA:55:10:8B:09:FD:08:0B:09:FB:08:09:00:EF:00:2F:00:00:05:25:00:00:20:21
05.03.2026_10:00:05.900,AA:55:01:82:00:00:00:00:00:9E:0F:19:18:03:00:00:00:00:70:30:03:00:18:1E
05.03.2026_10:00:05.925,AA:55:02:82:00:00:00:00:00:A3:0F:19:18:02:00:00:00:00:4C:31:04:00:18:00
05.03.2026_10:00:05.950,AA:55:03:82:00:00:00:00:00:A2:0F:19:18:00:00:00:02:00:28:32:05:00:18:DD
05.03.2026_10:00:05.975,AA:55:10:8B:09:F8:08:07:09:FA:08:0F:00:EE:00:2F:00:00:05:25:00:00:20:1C
05.03.2026_10:00:06.000,AA:55:01:AB:09:2C:00:1C:00:74:0F:19:18:27:1E:00:A5:00:70:30:04:00:18:56
05.03.2026_10:00:06.025,AA:55:02:82:00:00:00:00:00:79:0F:19:18:00:00:00:04:00:4C:31:04:00:18:D8
05.03.2026_10:00:06.050,AA:55:03:82:00:00:00:00:00:7A:0F:19:18:01:00:00:01:00:28:32:05:00:18:B5
05.03.2026_10:00:06.075,AA:55:10:8B:0B:B9:08:DB:08:AF:08:27:00:EE:00:2F:00:00:05:CC:00:00:21:27
05.03.2026_10:00:06.100,AA:55:01:AB:09:51:00:36:00:66:0F:1A:18:23:3C:00:3F:01:71:30:04:00:18:3E
05.03.2026_10:00:06.125,AA:55:02:82:00:00:00:00:00:63:0F:19:18:00:00:00:03:00:4C:31:04:00:18:C1
05.03.2026_10:00:06.150,AA:55:03:82:00:00:00:00:00:64:0F:19:18:00:00:00:02:00:28:32:05:00:18:9F
05.03.2026_10:00:06.175,AA:55:10:8B:0B:BF:08:D8:08:B5:08:3F:00:EE:00:2F:00:00:05:67:01:00:21:E4
05.03.2026_10:00:06.200,AA:55:01:AB:09:80:00:51:00:72:0F:19:18:22:5A:00:E0:01:71:30:04:00:18:51
05.03.2026_10:00:06.225,AA:55:02:82:00:00:00:00:00:66:0F:19:18:00:00:00:00:00:4C:31:04:00:18:C1
05.03.2026_10:00:06.250,AA:55:03:82:00:00:00:00:00:64:0F:19:18:00:00:00:00:00:28:32:05:00:18:9D
05.03.2026_10:00:06.275,AA:55:10:8B:0B:C9:08:E5:08:BE:08:5D:00:EE:00:2F:00:00:05:03:02:00:21:BF
05.03.2026_10:00:06.300,AA:55:01:AB:09:A7:00:6C:00:79:0F:19:18:20:78:00:80:02:71:30:04:00:18:57
05.03.2026_10:00:06.325,AA:55:02:82:00:00:00:00:00:6C:0F:19:18:01:00:00:00:00:4C:31:04:00:18:C8
05.03.2026_10:00:06.350,AA:55:03:82:00:00:00:00:00:6A:0F:19:18:02:00:00:02:00:28:32:05:00:18:A7
05.03.2026_10:00:06.375,AA:55:10:8B:0B:CC:08:E6:08:C2:08:78:00:EE:00:2F:00:00:05:A4:02:00:21:83
05.03.2026_10:00:06.400,AA:55:01:AB:09:D5:00:86:00:89:0F:19:18:20:96:00:17:03:72:30:04:00:18:66
05.03.2026_10:00:06.425,AA:55:02:82:00:00:00:00:00:6E:0F:19:18:00:00:00:00:00:4C:31:04:00:18:C9
05.03.2026_10:00:06.450,AA:55:03:82:00:00:00:00:00:6E:0F:19:18:03:00:00:02:00:28:32:05:00:18:AC
05.03.2026_10:00:06.475,AA:55:10:8B:0B:D4:08:E8:08:CD:08:8F:00:EE:00:2F:00:00:05:3B:03:00:21:47
05.03.2026_10:00:06.500,AA:55:01:AB:09:FB:00:9F:00:92:0F:1A:19:21:B4:00:B3:03:72:30:04:00:18:6B
05.03.2026_10:00:06.525,AA:55:02:82:00:00:00:00:00:75:0F:19:18:02:00:00:03:00:4C:31:04:00:18:D5
05.03.2026_10:00:06.550,AA:55:03:82:00:00:00:00:00:76:0F:19:18:00:00:00:02:00:28:32:05:00:18:B1
05.03.2026_10:00:06.575,AA:55:10:8B:0B:DB:08:F3:08:CE:08:B0:00:EE:00:30:00:00:05:DA:03:00:21:1B
05.03.2026_10:00:06.600,AA:55:01:AB:09:26:01:A0:00:94:0F:1A:19:20:D2:00:B9:03:73:30:04:00:18:BE
05.03.2026_10:00:06.625,AA:55:02:82:00:00:00:00:00:7D:0F:19:18:03:00:00:02:00:4C:31:04:00:18:DD
05.03.2026_10:00:06.650,AA:55:03:82:00:00:00:00:00:7C:0F:19:18:02:00:00:01:00:28:32:05:00:18:B8
05.03.2026_10:00:06.675,AA:55:10:8B:0B:DD:08:F7:08:D7:08:AE:00:EF:00:2F:00:00:05:DE:03:00:21:2C
05.03.2026_10:00:06.700,AA:55:01:AB:09:50:01:A2:00:A0:0F:1A:19:20:F0:00:C6:03:73:30:04:00:18:21
05.03.2026_10:00:06.725,AA:55:02:82:00:00:00:00:00:87:0F:19:18:03:00:00:00:00:4C:31:04:00:18:E5
05.03.2026_10:00:06.750,AA:55:03:82:00:00:00:00:00:85:0F:19:18:00:00:00:00:00:28:32:05:00:18:BE
05.03.2026_10:00:06.775,AA:55:10:8B:0B:E4:08:FD:08:E2:08:AD:00:F0:00:30:00:00:05:E9:03:00:21:50
05.03.2026_10:00:06.800,AA:55:01:AB:09:7D:01:9F:00:9F:0F:1A:19:21:0E:01:B5:03:73:30:04:00:18:59
05.03.2026_10:00:06.825,AA:55:02:82:00:00:00:00:00:8A:0F:19:18:04:00:00:00:00:4C:31:04:00:18:E9
05.03.2026_10:00:06.850,AA:55:03:82:00:00:00:00:00:87:0F:19:18:00:00:00:00:00:28:32:05:00:18:C0
05.03.2026_10:00:06.875,AA:55:10:8B:0B:EE:08:02:09:E6:08:AF:00:F0:00:30:00:00:05:D8:03:00:21:55
05.03.2026_10:00:06.900,AA:55:01:AB:09:A1:01:A3:00:AB:0F:1A:18:1F:2C:01:CD:03:74:30:04:00:18:C1
05.03.2026_10:00:06.925,AA:55:02:82:00:00:00:00:00:8E:0F:19:18:04:00:00:03:00:4C:31:04:00:18:F0
05.03.2026_10:00:06.950,AA:55:03:82:00:00:00:00:00:8D:0F:19:18:00:00:00:00:00:28:32:05:00:18:C6
05.03.2026_10:00:06.975,AA:55:10:8B:0B:F3:08:01:09:ED:08:B2:00:F1:00:2F:00:00:05:F4:03:00:21:7F
05.03.2026_10:00:07.000,AA:55:01:AB:09:D0:01:A1:00:AD:0F:1A:18:1D:4A:01:C4:03:74:30:04:00:18:03
05.03.2026_10:00:07.025,AA:55:02:82:00:00:00:00:00:95:0F:19:18:05:00:00:00:00:4C:31:04:00:18:F5
05.03.2026_10:00:07.050,AA:55:03:82:00:00:00:00:00:93:0F:19:18:01:00:00:00:00:28:32:05:00:18:CD
05.03.2026_10:00:07.075,AA:55:10:8B:0B:F6:08:07:09:F1:08:AC:00:F1:00:30:00:00:05:E7:03:00:22:7B
05.03.2026_10:00:07.100,AA:55:01:AB:08:F8:01:9D:00:B7:0F:1A:19:1C:5D:01:AB:03:74:30:04:00:18:2A
05.03.2026_10:00:07.125,AA:55:02:82:00:00:00:00:00:9C:0F:19:18:01:00:00:00:00:4C:31:04:00:18:F8
05.03.2026_10:00:07.150,AA:55:03:82:00:00:00:00:00:9D:0F:19:18:02:00:00:02:00:28:32:05:00:18:DA
05.03.2026_10:00:07.175,AA:55:10:8B:0B:F8:08:0E:09:F5:08:AB:00:F1:00:30:00:00:05:D0:03:00:22:70
05.03.2026_10:00:07.200,AA:55:01:AB:08:23:02:9B:00:B9:0F:1A:19:1D:56:01:A1:03:75:30:04:00:18:47
05.03.2026_10:00:07.225,AA:55:02:82:00:00:00:00:00:A3:0F:19:18:00:00:00:00:00:4C:31:04:00:18:FE
05.03.2026_10:00:07.250,AA:55:03:82:00:00:00:00:00:A3:0F:19:18:00:00:00:00:00:28:32:05:00:18:DC
05.03.2026_10:00:07.275,AA:55:10:8B:0B:F9:08:0D:09:F5:08:A6:00:F1:00:30:00:00:05:C4:03:00:22:5F
05.03.2026_10:00:07.300,AA:55:01:AB:08:4E:02:97:00:B3:0F:1A:18:19:5C:01:8A:03:75:30:04:00:18:52
05.03.2026_10:00:07.325,AA:55:02:82:00:00:00:00:00:9F:0F:19:18:00:00:00:01:00:4C:31:04:00:18:FB
05.03.2026_10:00:07.350,AA:55:03:82:00:00:00:00:00:A0:0F:19:18:00:00:00:01:00:28:32:05:00:18:DA
05.03.2026_10:00:07.375,AA:55:10:8B:0B:F9:08:0F:09:F8:08:A6:00:F1:00:30:00:00:05:AF:03:00:22:4F
05.03.2026_10:00:07.400,AA:55:01:AB:08:78:02:92:00:B4:0F:1A:18:18:63:01:6D:03:75:30:04:00:18:61
05.03.2026_10:00:07.425,AA:55:02:82:00:00:00:00:00:9D:0F:19:18:01:00:00:00:00:4C:31:04:00:18:F9
05.03.2026_10:00:07.450,AA:55:03:82:00:00:00:00:00:A2:0F:19:18:01:00:00:01:00:28:32:05:00:18:DD
05.03.2026_10:00:07.475,AA:55:10:8B:0B:F7:08:0E:09:FA:08:9C:00:F1:00:30:00:00:05:91:03:00:22:26
05.03.2026_10:00:07.500,AA:55:01:AB:08:A0:02:8B:00:B2:0F:1A:19:18:64:01:3F:03:76:30:04:00:18:55
05.03.2026_10:00:07.525,AA:55:02:82:00:00:00:00:00:A3:0F:19:18:00:00:00:01:00:4C:31:04:00:18:FF
05.03.2026_10:00:07.550,AA:55:03:82:00:00:00:00:00:A0:0F:19:18:02:00:00:00:00:28:32:05:00:18:DB
05.03.2026_10:00:07.575,AA:55:10:8B:0B:01:09:0F:09:F6:08:94:00:F1:00:30:00:00:05:63:03:00:22:F8
05.03.2026_10:00:07.600,AA:55:01:AB:08:CA:02:8B:00:B8:0F:1A:19:16:58:01:42:03:76:30:04:00:18:7A
05.03.2026_10:00:07.625,AA:55:02:82:00:00:00:00:00:9C:0F:19:18:02:00:00:00:00:4C:31:04:00:18:F9
05.03.2026_10:00:07.650,AA:55:03:82:00:00:00:00:00:9C:0F:19:18:02:00:00:00:00:28:32:05:00:18:D7
05.03.2026_10:00:07.675,AA:55:10:8B:0B:F7:08:0A:09:F4:08:95:00:F1:00:30:00:00:05:65:03:00:22:E9
05.03.2026_10:00:07.700,AA:55:01:AB:08:F4:02:80:00:B6:0F:1A:19:15:5B:01:00:03:76:30:04:00:18:57
05.03.2026_10:00:07.725,AA:55:02:82:00:00:00:00:00:9F:0F:19:18:01:00:00:02:00:4C:31:04:00:18:FD
05.03.2026_10:00:07.750,AA:55:03:82:00:00:00:00:00:9D:0F:19:18:03:00:00:00:00:28:32:05:00:18:D9
05.03.2026_10:00:07.775,AA:55:10:8B:0B:F7:08:08:09:FB:08:8B:00:F2:00:30:00:00:05:25:03:00:22:A5
05.03.2026_10:00:07.800,AA:55:01:AB:08:1E:03:7C:00:B1:0F:1A:19:16:5F:01:E7:02:77:30:04:00:18:65
05.03.2026_10:00:07.825,AA:55:02:82:00:00:00:00:00:9F:0F:19:18:02:00:00:00:00:4C:31:04:00:18:FC
05.03.2026_10:00:07.850,AA:55:03:82:00:00:00:00:00:A0:0F:19:18:01:00:00:02:00:28:32:05:00:18:DC
05.03.2026_10:00:07.875,AA:55:10:8B:0B:F9:08:09:09:FA:08:87:00:F2:00:30:00:00:05:0C:03:00:22:8A
05.03.2026_10:00:07.900,AA:55:01:AB:08:4A:03:78:00:B0:0F:1A:19:14:52:01:CE:02:77:30:04:00:18:64
05.03.2026_10:00:07.925,AA:55:02:82:00:00:00:00:00:A2:0F:19:18:02:00:00:01:00:4C:31:04:00:18:00
05.03.2026_10:00:07.950,AA:55:03:82:00:00:00:00:00:A2:0F:19:18:00:00:00:02:00:28:32:05:00:18:DD
05.03.2026_10:00:07.975,AA:55:10:8B:0B:01:09:0A:09:FA:08:83:00:F3:00:30:00:00:05:F4:02:00:22:78
05.03.2026_10:00:08.000,AA:55:01:AB:08:70:03:7B:00:B5:0F:1B:19:18:6B:01:DF:02:78:30:04:00:18:C2
05.03.2026_10:00:08.025,AA:55:02:82:00:00:00:00:00:9E:0F:19:18:00:00:00:02:00:4C:31:04:00:18:FB
05.03.2026_10:00:08.050,AA:55:03:82:00:00:00:00:00:9C:0F:19:18:02:00:00:00:00:28:32:05:00:18:D7
05.03.2026_10:00:08.074,AA:55:10:8B:0B:01:09:07:09:F8:08:87:00:F3:00:30:00:00:05:04:03:00:23:89
05.03.2026_10:00:08.100,AA:55:01:AB:08:9E:03:74:00:AD:0F:1B:19:1A:6B:01:B3:02:78:30:04:00:18:B7
05.03.2026_10:00:08.125,AA:55:02:82:00:00:00:00:00:A0:0F:19:18:00:00:00:00:00:4C:31:04:00:18:FB
05.03.2026_10:00:08.150,AA:55:03:82:00:00:00:00:00:9F:0F:19:18:01:00:00:00:00:28:32:05:00:18:D9
05.03.2026_10:00:08.174,AA:55:10:8B:0B:01:09:0F:09:FB:08:82:00:F4:00:30:00:00:05:D6:02:00:23:61
05.03.2026_10:00:08.200,AA:55:01:AB:08:C5:03:6A:00:AF:0F:1B:19:18:55:01:79:02:78:30:04:00:18:84
05.03.2026_10:00:08.225,AA:55:02:82:00:00:00:00:00:9F:0F:19:18:02:00:00:00:00:4C:31:04:00:18:FC
05.03.2026_10:00:08.250,AA:55:03:82:00:00:00:00:00:9F:0F:19:18:01:00:00:00:00:28:32:05:00:18:D9
05.03.2026_10:00:08.275,AA:55:10:8B:0B:FA:08:0E:09:F2:08:74:00:F4:00:31:00:00:05:9C:02:00:23:08
05.03.2026_10:00:08.300,AA:55:01:AB:08:EF:03:67:00:B2:0F:1B:19:19:5A:01:67:02:79:30:04:00:18:A3
05.03.2026_10:00:08.325,AA:55:02:82:00:00:00:00:00:A2:0F:19:18:01:00:00:00:00:4C:31:04:00:18:FE
05.03.2026_10:00:08.350,AA:55:03:82:00:00:00:00:00:A0:0F:19:18:00:00:00:02:00:28:32:05:00:18:DB
05.03.2026_10:00:08.375,AA:55:10:8B:0B:F7:08:0C:09:F3:08:75:00:F5:00:30:00:00:05:8C:02:00:23:F5
05.03.2026_10:00:08.400,AA:55:01:AB:08:18:04:63:00:AE:0F:1C:19:17:60:01:50:02:79:30:04:00:18:B3
05.03.2026_10:00:08.425,AA:55:02:82:00:00:00:00:00:A1:0F:19:18:02:00:00:01:00:4C:31:04:00:18:FF
05.03.2026_10:00:08.450,AA:55:03:82:00:00:00:00:00:A3:0F:19:18:00:00:00:00:00:28:32:05:00:18:DC
05.03.2026_10:00:08.475,AA:55:10:8B:0B:FF:08:0B:09:FA:08:6D:00:F5:00:30:00:00:05:74:02:00:23:E3
05.03.2026_10:00:08.500,AA:55:01:AB:08:43:04:5C:00:B0:0F:1B:1A:1A:52:01:24:02:79:30:04:00:18:A2
05.03.2026_10:00:08.525,AA:55:02:82:00:00:00:00:00:9D:0F:19:18:01:00:00:03:00:4C:31:04:00:18:FC
05.03.2026_10:00:08.550,AA:55:03:82:00:00:00:00:00:A2:0F:19:18:00:00:00:00:00:28:32:05:00:18:DB
05.03.2026_10:00:08.575,AA:55:10:8B:0B:FC:08:07:09:FA:08:68:00:F5:00:30:00:00:05:4A:02:00:23:AD
05.03.2026_10:00:08.600,AA:55:01:AB:08:6F:04:60:00:AE:0F:1B:19:1B:6D:01:3C:02:7A:30:04:00:18:04
05.03.2026_10:00:08.625,AA:55:02:82:00:00:00:00:00:A2:0F:19:18:02:00:00:00:00:4C:31:04:00:18:FF
05.03.2026_10:00:08.650,AA:55:03:82:00:00:00:00:00:9C:0F:19:18:00:00:00:00:00:28:32:05:00:18:D5
05.03.2026_10:00:08.674,AA:55:10:8B:0B:00:09:0D:09:FA:08:6B:00:F5:00:30:00:00:05:5F:02:00:23:D0
05.03.2026_10:00:08.700,AA:55:01:AB:08:97:04:58:00:AB:0F:1B:1A:1A:69:01:10:02:7A:30:04:00:18:F1
05.03.2026_10:00:08.725,AA:55:02:82:00:00:00:00:00:A1:0F:19:18:00:00:00:00:00:4C:31:04:00:18:FC
05.03.2026_10:00:08.750,AA:55:03:82:00:00:00:00:00:A0:0F:19:18:02:00:00:01:00:28:32:05:00:18:DC
05.03.2026_10:00:08.775,AA:55:10:8B:0B:FA:08:08:09:F8:08:68:00:F6:00:30:00:00:05:34:02:00:23:95
05.03.2026_10:00:08.800,AA:55:01:AB:08:C4:04:50:00:A8:0F:1C:1A:19:50:01:DB:01:7A:30:04:00:18:C4
05.03.2026_10:00:08.825,AA:55:02:82:00:00:00:00:00:9C:0F:19:18:00:00:00:00:00:4C:31:04:00:18:F7
05.03.2026_10:00:08.850,AA:55:03:82:00:00:00:00:00:A0:0F:19:18:00:00:00:00:00:28:32:05:00:18:D9
05.03.2026_10:00:08.875,AA:55:10:8B:0B:FB:08:06:09:FA:08:5A:00:F6:00:30:00:00:05:FE:01:00:23:51
05.03.2026_10:00:08.900,AA:55:01:AB:08:EE:04:4A:00:A9:0F:1C:1A:1E:5D:01:BA:01:7B:30:04:00:18:DB
05.03.2026_10:00:08.925,AA:55:02:82:00:00:00:00:00:A1:0F:19:18:00:00:00:00:00:4C:31:04:00:18:FC
05.03.2026_10:00:08.950,AA:55:03:82:00:00:00:00:00:9E:0F:19:18:00:00:00:02:00:28:32:05:00:18:D9
05.03.2026_10:00:08.975,AA:55:10:8B:0B:FA:08:0A:09:F4:08:57:00:F6:00:30:00:00:05:DF:01:00:23:2C
05.03.2026_10:00:09.000,AA:55:01:AB:08:18:05:48:00:AA:0F:1C:19:1B:54:01:AF:01:7B:30:04:00:18:ED
05.03.2026_10:00:09.025,AA:55:02:82:00:00:00:00:00:A3:0F:19:18:00:00:00:04:00:4C:31:04:00:18:02
05.03.2026_10:00:09.050,AA:55:03:82:00:00:00:00:00:A1:0F:19:18:00:00:00:02:00:28:32:05:00:18:DC
05.03.2026_10:00:09.075,AA:55:10:8B:0B:FC:08:0B:09:F2:08:58:00:F7:00:30:00:00:05:D8:01:00:24:29
05.03.2026_10:00:09.100,AA:55:01:AB:08:42:05:4C:00:A8:0F:1C:1A:1C:59:01:C8:01:7C:30:04:00:18:3A
05.03.2026_10:00:09.125,AA:55:02:82:00:00:00:00:00:9E:0F:19:18:00:00:00:03:00:4C:31:04:00:18:FC
05.03.2026_10:00:09.150,AA:55:03:82:00:00:00:00:00:A4:0F:19:18:01:00:00:00:00:28:32:05:00:18:DE
05.03.2026_10:00:09.174,AA:55:10:8B:0B:FA:08:0C:09:F3:08:5C:00:F7:00:31:00:00:05:EE:01:00:24:44
05.03.2026_10:00:09.200,AA:55:01:AB:08:69:05:4C:00:AF:0F:1C:19:1E:50:01:C7:01:7C:30:04:00:18:5F
05.03.2026_10:00:09.225,AA:55:02:82:00:00:00:00:00:A2:0F:19:18:00:00:00:00:00:4C:31:04:00:18:FD
05.03.2026_10:00:09.250,AA:55:03:82:00:00:00:00:00:A1:0F:19:18:00:00:00:01:00:28:32:05:00:18:DB
05.03.2026_10:00:09.275,AA:55:10:8B:0B:FE:08:0B:09:F4:08:54:00:F7:00:31:00:00:05:EB:01:00:24:3D
05.03.2026_10:00:09.300,AA:55:01:AB:08:97:05:4A:00:A8:0F:1C:1A:1C:69:01:BC:01:7C:30:04:00:18:91
05.03.2026_10:00:09.325,AA:55:02:82:00:00:00:00:00:9E:0F:19:18:00:00:00:00:00:4C:31:04:00:18:F9
05.03.2026_10:00:09.350,AA:55:03:82:00:00:00:00:00:A2:0F:19:18:00:00:00:00:00:28:32:05:00:18:DB
05.03.2026_10:00:09.375,AA:55:10:8B:0B:FE:08:0B:09:F8:08:56:00:F8:00:30:00:00:05:DF:01:00:24:37
05.03.2026_10:00:09.400,AA:55:01:AB:08:C0:05:4A:00:AA:0F:1C:1A:20:4B:01:B9:01:7D:30:04:00:18:A0
05.03.2026_10:00:09.425,AA:55:02:82:00:00:00:00:00:A2:0F:19:18:00:00:00:00:00:4C:31:04:00:18:FD
05.03.2026_10:00:09.450,AA:55:03:82:00:00:00:00:00:9F:0F:19:18:02:00:00:00:00:28:32:05:00:18:DA
05.03.2026_10:00:09.475,AA:55:10:8B:0B:F8:08:0E:09:F1:08:56:00:F8:00:30:00:00:05:DC:01:00:24:2A
05.03.2026_10:00:09.500,AA:55:01:AB:08:C7:05:45:00:AA:0F:1C:1A:1C:2D:01:9A:01:7D:30:04:00:18:61
05.03.2026_10:00:09.525,AA:55:02:82:00:00:00:00:00:9C:0F:19:18:00:00:00:03:00:4C:31:04:00:18:FA
05.03.2026_10:00:09.550,AA:55:03:82:00:00:00:00:00:A0:0F:19:18:00:00:00:00:00:28:32:05:00:18:D9
05.03.2026_10:00:09.575,AA:55:10:8B:0B:00:09:0D:09:F8:08:50:00:F8:00:31:00:00:05:C0:01:00:24:18
05.03.2026_10:00:09.600,AA:55:01:AB:08:C7:05:40:00:AB:0F:1D:1A:1B:0F:01:7D:01:7D:30:04:00:18:22
05.03.2026_10:00:09.625,AA:55:02:82:00:00:00:00:00:A3:0F:19:18:01:00:00:03:00:4C:31:04:00:18:02
05.03.2026_10:00:09.650,AA:55:03:82:00:00:00:00:00:9E:0F:19:18:00:00:00:02:00:28:32:05:00:18:D9
05.03.2026_10:00:09.675,AA:55:10:8B:0B:F8:08:09:09:F4:08:4D:00:F8:00:30:00:00:05:A4:01:00:24:E7
05.03.2026_10:00:09.700,AA:55:01:AB:08:C9:05:39:00:AC:0F:1D:1A:1E:F1:00:55:01:7E:30:04:00:18:DB
05.03.2026_10:00:09.725,AA:55:02:82:00:00:00:00:00:9F:0F:19:18:02:00:00:00:00:4C:31:04:00:18:FC
05.03.2026_10:00:09.750,AA:55:03:82:00:00:00:00:00:A1:0F:19:18:00:00:00:00:00:28:32:05:00:18:DA
05.03.2026_10:00:09.775,AA:55:10:8B:0B:FF:08:07:09:FA:08:44:00:F8:00:30:00:00:05:78:01:00:24:BD
05.03.2026_10:00:09.800,AA:55:01:AB:08:C6:05:36:00:AB:0F:1C:1A:1C:D3:00:43:01:7E:30:04:00:18:A1
05.03.2026_10:00:09.825,AA:55:02:82:00:00:00:00:00:A2:0F:19:18:00:00:00:00:00:4C:31:04:00:18:FD
05.03.2026_10:00:09.850,AA:55:03:82:00:00:00:00:00:A0:0F:19:18:01:00:00:00:00:28:32:05:00:18:DA
05.03.2026_10:00:09.875,AA:55:10:8B:0B:01:09:0A:09:F5:08:40:00:F8:00:31:00:00:05:66:01:00:24:A9
05.03.2026_10:00:09.900,AA:55:01:AB:08:CA:05:32:00:A7:0F:1D:1A:1C:B5:00:2C:01:7E:30:04:00:18:69
05.03.2026_10:00:09.925,AA:55:02:82:00:00:00:00:00:9D:0F:19:18:00:00:00:00:00:4C:31:04:00:18:F8
05.03.2026_10:00:09.950,AA:55:03:82:00:00:00:00:00:9E:0F:19:18:00:00:00:01:00:28:32:05:00:18:D8
05.03.2026_10:00:09.975,AA:55:10:8B:0B:FD:08:0F:09:F2:08:3F:00:F9:00:31:00:00:05:4F:01:00:24:8F
05.03.2026_10:00:10.000,AA:55:01:AB:08:C5:05:2F:00:AA:0F:1C:1A:1A:97:00:18:01:7F:30:04:00:18:30
05.03.2026_10:00:10.025,AA:55:02:82:00:00:00:00:00:A2:0F:19:18:00:00:00:00:00:4C:31:04:00:18:FD
05.03.2026_10:00:10.050,AA:55:03:82:00:00:00:00:00:A0:0F:19:18:00:00:00:00:00:28:32:05:00:18:D9
05.03.2026_10:00:10.075,AA:55:10:8B:0B:FD:08:0A:09:F3:08:39:00:F9:00:31:00:00:05:3B:01:00:25:72
05.03.2026_10:00:10.100,AA:55:01:AB:08:C6:05:2A:00:A7:0F:1D:1A:19:79:00:FB:00:7F:30:04:00:18:ED
05.03.2026_10:00:10.125,AA:55:02:82:00:00:00:00:00:A0:0F:19:18:01:00:00:03:00:4C:31:04:00:18:FF
05.03.2026_10:00:10.150,AA:55:03:82:00:00:00:00:00:9D:0F:19:18:00:00:00:00:00:28:32:05:00:18:D6
05.03.2026_10:00:10.175,AA:55:10:8B:0B:FD:08:0A:09:F7:08:33:00:F9:00:31:00:00:05:20:01:00:25:55
05.03.2026_10:00:10.200,AA:55:01:AB:08:CA:05:21:00:A8:0F:1D:1A:19:5B:00:C7:00:7F:30:04:00:18:97
05.03.2026_10:00:10.225,AA:55:02:82:00:00:00:00:00:A2:0F:19:18:00:00:00:00:00:4C:31:04:00:18:FD
05.03.2026_10:00:10.250,AA:55:03:82:00:00:00:00:00:A3:0F:19:18:00:00:00:02:00:28:32:05:00:18:DE
05.03.2026_10:00:10.275,AA:55:10:8B:0B:00:09:08:09:F7:08:31:00:FA:00:31:00:00:05:EC:00:00:25:21
05.03.2026_10:00:10.300,AA:55:01:AB:08:C5:05:1B:00:A6:0F:1D:1A:1D:3D:00:A3:00:80:30:04:00:18:4D
05.03.2026_10:00:10.325,AA:55:02:82:00:00:00:00:00:A3:0F:19:18:00:00:00:04:00:4C:31:04:00:18:02
05.03.2026_10:00:10.350,AA:55:03:82:00:00:00:00:00:9E:0F:19:18:00:00:00:01:00:28:32:05:00:18:D8
05.03.2026_10:00:10.375,AA:55:10:8B:0B:FA:08:0D:09:F6:08:24:00:FA:00:31:00:00:05:CB:00:00:25:F0
05.03.2026_10:00:10.400,AA:55:01:AB:08:C7:05:19:00:A1:0F:1D:1A:1E:1F:00:95:00:80:30:04:00:18:1D
05.03.2026_10:00:10.425,AA:55:02:82:00:00:00:00:00:A0:0F:19:18:00:00:00:00:00:4C:31:04:00:18:FB
05.03.2026_10:00:10.450,AA:55:03:82:00:00:00:00:00:A0:0F:19:18:02:00:00:00:00:28:32:05:00:18:DB
05.03.2026_10:00:10.475,AA:55:10:8B:0B:FA:08:0A:09:F7:08:29:00:FA:00:31:00:00:05:B8:00:00:25:E0
05.03.2026_10:00:10.500,AA:55:01:AB:08:C6:05:15:00:A0:0F:1C:1B:1C:07:00:7C:00:81:30:04:00:18:E5
05.03.2026_10:00:10.525,AA:55:02:82:00:00:00:00:00:9F:0F:19:18:00:00:00:00:00:4C:31:04:00:18:FA
05.03.2026_10:00:10.550,AA:55:03:82:00:00:00:00:00:9F:0F:19:18:00:00:00:01:00:28:32:05:00:18:D9
05.03.2026_10:00:10.575,AA:55:10:8B:0B:FF:08:0C:09:F1:08:1D:00:FA:00:31:00:00:05:A0:00:00:25:BD
05.03.2026_10:00:10.600,AA:55:01:AB:08:C7:05:16:00:A7:0F:1C:1A:1C:0B:00:83:00:81:30:04:00:18:F8
05.03.2026_10:00:10.625,AA:55:02:82:00:00:00:00:00:A2:0F:19:18:01:00:00:00:00:4C:31:04:00:18:FE
05.03.2026_10:00:10.650,AA:55:03:82:00:00:00:00:00:A0:0F:19:18:00:00:00:02:00:28:32:05:00:18:DB
05.03.2026_10:00:10.675,AA:55:10:8B:0B:FF:08:0F:09:FB:08:1F:00:FA:00:31:00:00:05:A8:00:00:25:D4
05.03.2026_10:00:10.700,AA:55:01:AB:08:C7:05:13:00:A4:0F:1D:1A:19:09:00:73:00:81:30:04:00:18:DE
05.03.2026_10:00:10.725,AA:55:02:82:00:00:00:00:00:A1:0F:19:18:01:00:00:00:00:4C:31:04:00:18:FD
05.03.2026_10:00:10.750,AA:55:03:82:00:00:00:00:00:9E:0F:19:18:00:00:00:00:00:28:32:05:00:18:D7
05.03.2026_10:00:10.775,AA:55:10:8B:0B:FA:08:0C:09:F3:08:1F:00:F9:00:31:00:00:05:96:00:00:25:B1
05.03.2026_10:00:10.800,AA:55:01:AB:08:C8:05:16:00:A5:0F:1D:1A:18:03:00:81:00:82:30:04:00:18:EB
05.03.2026_10:00:10.825,AA:55:02:82:00:00:00:00:00:A0:0F:19:18:02:00:00:05:00:4C:31:04:00:18:02
05.03.2026_10:00:10.850,AA:55:03:82:00:00:00:00:00:9F:0F:19:18:00:00:00:00:00:28:32:05:00:18:D8
05.03.2026_10:00:10.875,AA:55:10:8B:0B:FE:08:0A:09:FA:08:23:00:FA:00:30:00:00:05:A9:00:00:25:D1
05.03.2026_10:00:10.900,AA:55:01:AB:08:C5:05:18:00:A7:0F:1C:1B:1C:0E:00:92:00:82:30:04:00:18:0C
05.03.2026_10:00:10.925,AA:55:02:82:00:00:00:00:00:A0:0F:19:18:00:00:00:00:00:4C:31:04:00:18:FB
05.03.2026_10:00:10.950,AA:55:03:82:00:00:00:00:00:9E:0F:19:18:01:00:00:01:00:28:32:05:00:18:D9
05.03.2026_10:00:10.975,AA:55:10:8B:0B:FA:08:0E:09:F7:08:27:00:FA:00:31:00:00:05:B6:00:00:25:E0
05.03.2026_10:00:11.000,AA:55:01:AB:08:C9:05:12:00:A0:0F:1C:1A:1C:00:00:6B:00:82:30:04:00:18:CD
05.03.2026_10:00:11.025,AA:55:02:82:00:00:00:00:00:A2:0F:19:18:00:00:00:00:00:4C:31:04:00:18:FD
05.03.2026_10:00:11.050,AA:55:03:82:00:00:00:00:00:A2:0F:19:18:00:00:00:00:00:28:32:05:00:18:DB
05.03.2026_10:00:11.075,AA:55:10:8B:0B:F9:08:0C:09:F3:08:1C:00:F9:00:30:00:00:05:8E:00:00:26:A5
05.03.2026_10:00:11.100,AA:55:01:AB:08:C8:05:17:00:A0:0F:1D:1B:18:08:00:86:00:83:30:04:00:18:F3
05.03.2026_10:00:11.125,AA:55:02:82:00:00:00:00:00:9D:0F:19:18:02:00:00:05:00:4C:31:04:00:18:FF
05.03.2026_10:00:11.150,AA:55:03:82:00:00:00:00:00:A3:0F:19:18:01:00:00:00:00:28:32:05:00:18:DD
05.03.2026_10:00:11.175,AA:55:10:8B:0B:F9:08:09:09:F9:08:22:00:FA:00:31:00:00:05:AF:00:00:26:D1
05.03.2026_10:00:11.200,AA:55:01:AB:08:C6:05:13:00:A5:0F:1C:1A:18:0B:00:70:00:83:30:04:00:18:DD
05.03.2026_10:00:11.225,AA:55:02:82:00:00:00:00:00:9E:0F:19:18:02:00:00:04:00:4C:31:04:00:18:FF
05.03.2026_10:00:11.250,AA:55:03:82:00:00:00:00:00:9D:0F:19:18:01:00:00:00:00:28:32:05:00:18:D7
05.03.2026_10:00:11.275,AA:55:10:8B:0B:FE:08:0C:09:FA:08:20:00:F9:00:31:00:00:05:97:00:00:26:BF
05.03.2026_10:00:11.300,AA:55:01:AB:08:C8:05:13:00:A0:0F:1C:1B:18:00:00:71:00:83:30:04:00:18:D1
05.03.2026_10:00:11.325,AA:55:02:82:00:00:00:00:00:A2:0F:19:18:03:00:00:00:00:4C:31:04:00:18:00
05.03.2026_10:00:11.350,AA:55:03:82:00:00:00:00:00:9E:0F:19:18:00:00:00:00:00:28:32:05:00:18:D7
05.03.2026_10:00:11.375,AA:55:10:8B:0B:FD:08:0B:09:F8:08:21:00:F9:00:31:00:00:05:94:00:00:26:B9
05.03.2026_10:00:11.400,AA:55:01:AB:08:C9:05:16:00:A0:0F:1C:1B:1A:00:00:81:00:84:30:04:00:18:E8
05.03.2026_10:00:11.425,AA:55:02:82:00:00:00:00:00:9E:0F:19:18:00:00:00:00:00:4C:31:04:00:18:F9
05.03.2026_10:00:11.450,AA:55:03:82:00:00:00:00:00:A3:0F:19:18:00:00:00:01:00:28:32:05:00:18:DD
05.03.2026_10:00:11.475,AA:55:10:8B:0B:F7:08:0F:09:F5:08:1F:00:F9:00:31:00:00:05:A5:00:00:26:C3
05.03.2026_10:00:11.500,AA:55:01:AB:08:C8:05:12:00:A3:0F:1C:1B:18:00:00:6B:00:84:30:04:00:18:CE
05.03.2026_10:00:11.525,AA:55:02:82:00:00:00:00:00:9E:0F:19:18:00:00:00:00:00:4C:31:04:00:18:F9
05.03.2026_10:00:11.550,AA:55:03:82:00:00:00:00:00:A0:0F:19:18:01:00:00:00:00:28:32:05:00:18:DA
05.03.2026_10:00:11.575,AA:55:10:8B:0B:FB:08:0F:09:F8:08:1B:00:FA:00:31:00:00:05:8E:00:00:26:B0
05.03.2026_10:00:11.600,AA:55:01:AB:08:C5:05:16:00:A6:0F:1B:1B:1A:00:00:83:00:85:30:04:00:18:EC
05.03.2026_10:00:11.625,AA:55:02:82:00:00:00:00:00:A0:0F:19:18:01:00:00:04:00:4C:31:04:00:18:00
05.03.2026_10:00:11.650,AA:55:03:82:00:00:00:00:00:9D:0F:19:18:00:00:00:01:00:28:32:05:00:18:D7
05.03.2026_10:00:11.675,AA:55:10:8B:0B:FF:08:0F:09:F1:08:20:00:FA:00:31:00:00:05:AB:00:00:26:CF
05.03.2026_10:00:11.700,AA:55:01:AB:08:CA:05:14:00:A1:0F:1C:1B:18:00:00:76:00:85:30:04:00:18:DC
05.03.2026_10:00:11.725,AA:55:02:82:00:00:00:00:00:9C:0F:19:18:02:00:00:00:00:4C:31:04:00:18:F9
05.03.2026_10:00:11.750,AA:55:03:82:00:00:00:00:00:A1:0F:19:18:00:00:00:00:00:28:32:05:00:18:DA
05.03.2026_10:00:11.775,AA:55:10:8B:0B:FC:08:0D:09:F1:08:22:00:FA:00:31:00:00:05:99:00:00:26:BA
05.03.2026_10:00:11.800,AA:55:01:AB:08:C9:05:16:00:A3:0F:1C:1B:17:00:00:83:00:85:30:04:00:18:EB
05.03.2026_10:00:11.825,AA:55:02:82:00:00:00:00:00:A0:0F:19:18:01:00:00:00:00:4C:31:04:00:18:FC
05.03.2026_10:00:11.850,AA:55:03:82:00:00:00:00:00:9D:0F:19:18:00:00:00:02:00:28:32:05:00:18:D8
05.03.2026_10:00:11.875,AA:55:10:8B:0B:FE:08:0F:09:F6:08:20:00:FA:00:32:00:00:05:A8:00:00:26:D1
05.03.2026_10:00:11.900,AA:55:01:AB:08:CA:05:11:00:A6:0F:1B:1B:1B:00:00:65:00:86:30:04:00:18:D0
05.03.2026_10:00:11.925,AA:55:02:82:00:00:00:00:00:9E:0F:19:18:02:00:00:02:00:4C:31:04:00:18:FD
05.03.2026_10:00:11.950,AA:55:03:82:00:00:00:00:00:9D:0F:19:18:00:00:00:00:00:28:32:05:00:18:D6
05.03.2026_10:00:11.975,AA:55:10:8B:0B:F9:08:09:09:F5:08:1F:00:FA:00:31:00:00:05:8A:00:00:26:A5
05.03.2026_10:00:12.000,AA:55:01:AB:08:C9:05:14:00:A2:0F:1C:1B:1D:00:00:78:00:86:30:04:00:18:E4
05.03.2026_10:00:12.025,AA:55:02:82:00:00:00:00:00:9D:0F:19:18:02:00:00:03:00:4C:31:04:00:18:FD
05.03.2026_10:00:12.050,AA:55:03:82:00:00:00:00:00:9F:0F:19:18:00:00:00:02:00:28:32:05:00:18:DA
05.03.2026_10:00:12.075,AA:55:10:8B:0B:FB:08:07:09:FA:08:20:00:F9:00:31:00:00:05:9F:00:00:27:C0
05.03.2026_10:00:12.100,AA:55:01:AB:08:CA:05:11:00:A1:0F:1B:1B:1A:00:00:67:00:86:30:04:00:18:CC
05.03.2026_10:00:12.125,AA:55:02:82:00:00:00:00:00:9D:0F:19:18:02:00:00:00:00:4C:31:04:00:18:FA
05.03.2026_10:00:12.150,AA:55:03:82:00:00:00:00:00:A0:0F:19:18:01:00:00:00:00:28:32:05:00:18:DA
05.03.2026_10:00:12.175,AA:55:10:8B:0B:FD:08:10:09:FA:08:19:00:F9:00:31:00:00:05:8A:00:00:27:AF
05.03.2026_10:00:12.200,AA:55:01:AB:08:CB:05:17:00:A4:0F:1B:1B:1C:0D:00:87:00:87:30:04:00:18:06
05.03.2026_10:00:12.225,AA:55:02:82:00:00:00:00:00:A1:0F:19:18:00:00:00:02:00:4C:31:04:00:18:FE
05.03.2026_10:00:12.250,AA:55:03:82:00:00:00:00:00:A3:0F:19:18:02:00:00:02:00:28:32:05:00:18:E0
05.03.2026_10:00:12.275,AA:55:10:8B:0B:FF:08:0E:09:F2:08:21:00:F9:00:31:00:00:05:AD:00:00:27:D2
05.03.2026_10:00:12.300,AA:55:01:AB:08:C8:05:16:00:A1:0F:1B:1B:1E:07:00:81:00:87:30:04:00:18:F5
05.03.2026_10:00:12.325,AA:55:02:82:00:00:00:00:00:9E:0F:19:18:01:00:00:04:00:4C:31:04:00:18:FE
05.03.2026_10:00:12.350,AA:55:03:82:00:00:00:00:00:9D:0F:19:18:02:00:00:02:00:28:32:05:00:18:DA
05.03.2026_10:00:12.375,AA:55:10:8B:0B:FB:08:07:09:FB:08:22:00:F9:00:31:00:00:05:A9:00:00:27:CD
05.03.2026_10:00:12.400,AA:55:01:AB:08:C6:05:12:00:9F:0F:1B:1B:1E:00:00:68:00:87:30:04:00:18:CD
05.03.2026_10:00:12.425,AA:55:02:82:00:00:00:00:00:9D:0F:19:18:00:00:00:04:00:4C:31:04:00:18:FC
05.03.2026_10:00:12.450,AA:55:03:82:00:00:00:00:00:A1:0F:19:18:01:00:00:02:00:28:32:05:00:18:DD
05.03.2026_10:00:12.475,AA:55:10:8B:0B:F9:08:0B:09:F6:08:22:00:F9:00:32:00:00:05:91:00:00:27:B3
05.03.2026_10:00:12.500,AA:55:01:AB:08:C7:05:17:00:A2:0F:1B:1B:1F:00:00:88:00:88:30:04:00:18:F8
05.03.2026_10:00:12.525,AA:55:02:82:00:00:00:00:00:A0:0F:19:18:02:00:00:00:00:4C:31:04:00:18:FD
05.03.2026_10:00:12.550,AA:55:03:82:00:00:00:00:00:9C:0F:19:18:00:00:00:00:00:28:32:05:00:18:D5
05.03.2026_10:00:12.575,AA:55:10:8B:0B:FC:08:08:09:F5:08:20:00:F8:00:32:00:00:05:AB:00:00:27:C9
05.03.2026_10:00:12.600,AA:55:01:AB:08:C6:05:17:00:A6:0F:1B:1B:1F:0B:00:8A:00:88:30:04:00:18:08
05.03.2026_10:00:12.625,AA:55:02:82:00:00:00:00:00:A4:0F:19:18:00:00:00:03:00:4C:31:04:00:18:02
05.03.2026_10:00:12.650,AA:55:03:82:00:00:00:00:00:A3:0F:19:18:00:00:00:00:00:28:32:05:00:18:DC
05.03.2026_10:00:12.675,AA:55:10:8B:0B:F8:08:0F:09:F8:08:22:00:F8:00:32:00:00:05:B0:00:00:27:D6
05.03.2026_10:00:12.700,AA:55:01:AB:08:C6:05:12:00:A2:0F:1B:1B:1B:00:00:6D:00:88:30:04:00:18:D3
05.03.2026_10:00:12.725,AA:55:02:82:00:00:00:00:00:A2:0F:19:18:00:00:00:00:00:4C:31:04:00:18:FD
05.03.2026_10:00:12.750,AA:55:03:82:00:00:00:00:00:A3:0F:19:18:01:00:00:02:00:28:32:05:00:18:DF
05.03.2026_10:00:12.775,AA:55:10:8B:0B:FC:08:09:09:F9:08:1C:00:F8:00:31:00:00:05:92:00:00:27:B0
05.03.2026_10:00:12.800,AA:55:01:AB:08:C6:05:12:00:A3:0F:1A:1B:18:03:00:68:00:89:30:04:00:18:CF
05.03.2026_10:00:12.825,AA:55:02:82:00:00:00:00:00:9C:0F:19:18:02:00:00:03:00:4C:31:04:00:18:FC
05.03.2026_10:00:12.850,AA:55:03:82:00:00:00:00:00:A3:0F:19:18:01:00:00:02:00:28:32:05:00:18:DF
05.03.2026_10:00:12.875,AA:55:10:8B:0B:00:09:0B:09:F6:08:1C:00:F8:00:31:00:00:05:91:00:00:27:B3
05.03.2026_10:00:12.900,AA:55:01:AB:08:C9:05:14:00:A7:0F:1B:1B:1C:0C:00:78:00:89:30:04:00:18:F6
05.03.2026_10:00:12.925,AA:55:02:82:00:00:00:00:00:A4:0F:19:18:00:00:00:00:00:4C:31:04:00:18:FF
05.03.2026_10:00:12.950,AA:55:03:82:00:00:00:00:00:9D:0F:19:18:00:00:00:00:00:28:32:05:00:18:D6
05.03.2026_10:00:12.975,AA:55:10:8B:0B:F8:08:08:09:F8:08:23:00:F8:00:32:00:00:05:9B:00:00:27:BB
05.03.2026_10:00:13.000,AA:55:01:AB:08:C9:05:13:00:A6:0F:1A:1C:1A:02:00:6F:00:8A:30:04:00:18:E0
05.03.2026_10:00:13.025,AA:55:02:82:00:00:00:00:00:9E:0F:19:18:01:00:00:00:00:4C:31:04:00:18:FA
05.03.2026_10:00:13.050,AA:55:03:82:00:00:00:00:00:9E:0F:19:18:02:00:00:00:00:28:32:05:00:18:D9
05.03.2026_10:00:13.075,AA:55:10:8B:0B:00:09:0D:09:F6:08:1E:00:F8:00:32:00:00:05:92:00:00:28:BA
05.03.2026_10:00:13.100,AA:55:01:AB:08:CA:05:0F:00:A3:0F:1A:1B:18:00:00:59:00:8A:30:04:00:18:BF
05.03.2026_10:00:13.125,AA:55:02:82:00:00:00:00:00:A0:0F:19:18:02:00:00:05:00:4C:31:04:00:18:02
05.03.2026_10:00:13.150,AA:55:03:82:00:00:00:00:00:9E:0F:19:18:00:00:00:00:00:28:32:05:00:18:D7
05.03.2026_10:00:13.175,AA:55:10:8B:0B:00:09:0A:09:F5:08:1D:00:F8:00:31:00:00:05:82:00:00:28:A4
05.03.2026_10:00:13.200,AA:55:01:AB:08:C8:05:15:00:A2:0F:1A:1C:1C:0E:00:7D:00:8A:30:04:00:18:F9
05.03.2026_10:00:13.225,AA:55:02:82:00:00:00:00:00:A1:0F:19:18:00:00:00:00:00:4C:31:04:00:18:FC
05.03.2026_10:00:13.250,AA:55:03:82:00:00:00:00:00:A2:0F:19:18:00:00:00:00:00:28:32:05:00:18:DB
05.03.2026_10:00:13.275,AA:55:10:8B:0B:FD:08:06:09:F5:08:21:00:F9:00:31:00:00:05:A0:00:00:28:BF
05.03.2026_10:00:13.300,AA:55:01:AB:08:CA:05:16:00:A0:0F:1A:1B:1D:01:00:80:00:8B:30:04:00:18:F1
05.03.2026_10:00:13.325,AA:55:02:82:00:00:00:00:00:A4:0F:19:18:00:00:00:03:00:4C:31:04:00:18:02
05.03.2026_10:00:13.350,AA:55:03:82:00:00:00:00:00:A1:0F:19:18:00:00:00:00:00:28:32:05:00:18:DA
05.03.2026_10:00:13.375,AA:55:10:8B:0B:FB:08:0B:09:F2:08:25:00:F9:00:31:00:00:05:A7:00:00:28:CA
05.03.2026_10:00:13.400,AA:55:01:AB:08:C9:05:11:00:A5:0F:1A:1C:1C:00:00:64:00:8B:30:04:00:18:D3
05.03.2026_10:00:13.425,AA:55:02:82:00:00:00:00:00:A4:0F:19:18:00:00:00:05:00:4C:31:04:00:18:04
05.03.2026_10:00:13.450,AA:55:03:82:00:00:00:00:00:9D:0F:19:18:00:00:00:01:00:28:32:05:00:18:D7
05.03.2026_10:00:13.475,AA:55:10:8B:0B:FB:08:0B:09:F6:08:1F:00:F9:00:31:00:00:05:8D:00:00:28:AE
05.03.2026_10:00:13.500,AA:55:01:AB:08:C8:05:16:00:A6:0F:1A:1C:19:00:00:83:00:8B:30:04:00:18:F4
05.03.2026_10:00:13.525,AA:55:02:82:00:00:00:00:00:9E:0F:19:18:02:00:00:00:00:4C:31:04:00:18:FB
05.03.2026_10:00:13.550,AA:55:03:82:00:00:00:00:00:A1:0F:19:18:01:00:00:02:00:28:32:05:00:18:DD
05.03.2026_10:00:13.575,AA:55:10:8B:0B:FE:08:0A:09:F9:08:20:00:F9:00:31:00:00:05:A8:00:00:28:CF
05.03.2026_10:00:13.600,AA:55:01:AB:08:C9:05:0F:00:A3:0F:1A:1C:1B:00:00:5C:00:8C:30:04:00:18:C7
05.03.2026_10:00:13.625,AA:55:02:82:00:00:00:00:00:A4:0F:19:18:03:00:00:01:00:4C:31:04:00:18:03
05.03.2026_10:00:13.650,AA:55:03:82:00:00:00:00:00:A2:0F:19:18:00:00:00:00:00:28:32:05:00:18:DB
05.03.2026_10:00:13.675,AA:55:10:8B:0B:FE:08:07:09:F1:08:1F:00:F9:00:31:00:00:05:80:00:00:28:9B
05.03.2026_10:00:13.700,AA:55:01:AB:08:CA:05:14:00:9F:0F:1A:1C:1C:02:00:75:00:8C:30:04:00:18:E5
05.03.2026_10:00:13.725,AA:55:02:82:00:00:00:00:00:A1:0F:19:18:01:00:00:05:00:4C:31:04:00:18:02
05.03.2026_10:00:13.750,AA:55:03:82:00:00:00:00:00:A4:0F:19:18:00:00:00:02:00:28:32:05:00:18:DF
05.03.2026_10:00:13.775,AA:55:10:8B:0B:FC:08:0D:09:F1:08:1F:00:F9:00:31:00:00:05:9F:00:00:28:BE
05.03.2026_10:00:13.800,AA:55:01:AB:08:C9:05:11:00:9F:0F:1A:1C:1A:00:00:65:00:8C:30:04:00:18:CD
05.03.2026_10:00:13.825,AA:55:02:82:00:00:00:00:00:A1:0F:19:18:00:00:00:00:00:4C:31:04:00:18:FC
05.03.2026_10:00:13.850,AA:55:03:82:00:00:00:00:00:9E:0F:19:18:00:00:00:00:00:28:32:05:00:18:D7
05.03.2026_10:00:13.875,AA:55:10:8B:0B:FB:08:06:09:F3:08:1F:00:F9:00:32:00:00:05:88:00:00:28:A2
05.03.2026_10:00:13.900,AA:55:01:AB:08:CB:05:16:00:A7:0F:1A:1C:1A:0B:00:82:00:8D:30:04:00:18:05
05.03.2026_10:00:13.925,AA:55:02:82:00:00:00:00:00:9F:0F:19:18:02:00:00:03:00:4C:31:04:00:18:FF
05.03.2026_10:00:13.950,AA:55:03:82:00:00:00:00:00:9F:0F:19:18:02:00:00:03:00:28:32:05:00:18:DD
05.03.2026_10:00:13.975,AA:55:10:8B:0B:FC:08:0F:09:F2:08:20:00:F9:00:32:00:00:05:AB:00:00:28:CF
05.03.2026_10:00:14.000,AA:55:01:AB:08:CA:05:17:00:A1:0F:1A:1C:1B:00:00:86:00:8D:30:04:00:18:F9
05.03.2026_10:00:14.025,AA:55:02:82:00:00:00:00:00:A3:0F:19:18:00:00:00:00:00:4C:31:04:00:18:FE
05.03.2026_10:00:14.050,AA:55:03:82:00:00:00:00:00:A2:0F:19:18:03:00:00:01:00:28:32:05:00:18:DF
05.03.2026_10:00:14.075,AA:55:10:8B:0B:FB:08:09:09:F9:08:24:00:F9:00:31:00:00:05:AA:00:00:29:D2
05.03.2026_10:00:14.100,AA:55:01:AB:08:C9:05:15:00:A0:0F:1A:1C:1B:00:00:80:00:8E:30:04:00:18:F0
05.03.2026_10:00:14.125,AA:55:02:82:00:00:00:00:00:9E:0F:19:18:00:00:00:05:00:4C:31:04:00:18:FE
05.03.2026_10:00:14.150,AA:55:03:82:00:00:00:00:00:A3:0F:19:18:00:00:00:00:00:28:32:05:00:18:DC
05.03.2026_10:00:14.175,AA:55:10:8B:0B:FB:08:0B:09:F1:08:1F:00:FA:00:31:00:00:05:A7:00:00:29:C5
05.03.2026_10:00:14.200,AA:55:01:AB:08:C8:05:19:00:A2:0F:1A:1C:1C:0F:00:94:00:8E:30:04:00:18:19
05.03.2026_10:00:14.225,AA:55:02:82:00:00:00:00:00:9D:0F:19:18:02:00:00:02:00:4C:31:04:00:18:FC
05.03.2026_10:00:14.250,AA:55:03:82:00:00:00:00:00:A1:0F:19:18:02:00:00:00:00:28:32:05:00:18:DC
05.03.2026_10:00:14.275,AA:55:10:8B:0B:FE:08:0B:09:F6:08:28:00:FA:00:32:00:00:05:BA:00:00:29:EA
05.03.2026_10:00:14.300,AA:55:01:AB:08:C6:05:15:00:A4:0F:1A:1C:18:0C:00:7E:00:8E:30:04:00:18:F8
05.03.2026_10:00:14.325,AA:55:02:82:00:00:00:00:00:9D:0F:19:18:01:00:00:04:00:4C:31:04:00:18:FD
05.03.2026_10:00:14.350,AA:55:03:82:00:00:00:00:00:A1:0F:19:18:01:00:00:00:00:28:32:05:00:18:DB
05.03.2026_10:00:14.375,AA:55:10:8B:0B:00:09:0E:09:F3:08:23:00:FA:00:31:00:00:05:A5:00:00:29:D2
05.03.2026_10:00:14.400,AA:55:01:AB:08:CA:05:13:00:A1:0F:1A:1C:18:01:00:70:00:8F:30:04:00:18:DF
05.03.2026_10:00:14.425,AA:55:02:82:00:00:00:00:00:A0:0F:19:18:01:00:00:02:00:4C:31:04:00:18:FE
05.03.2026_10:00:14.450,AA:55:03:82:00:00:00:00:00:A1:0F:19:18:01:00:00:01:00:28:32:05:00:18:DC
05.03.2026_10:00:14.475,AA:55:10:8B:0B:F8:08:0D:09:F7:08:1C:00:FA:00:32:00:00:05:96:00:00:29:B7
05.03.2026_10:00:14.500,AA:55:01:AB:08:C6:05:11:00:A3:0F:19:1C:1B:00:00:66:00:8F:30:04:00:18:D2
05.03.2026_10:00:14.525,AA:55:02:82:00:00:00:00:00:A3:0F:19:18:00:00:00:00:00:4C:31:04:00:18:FE
05.03.2026_10:00:14.550,AA:55:03:82:00:00:00:00:00:9F:0F:19:18:00:00:00:01:00:28:32:05:00:18:D9
05.03.2026_10:00:14.575,AA:55:10:8B:0B:F9:08:07:09:F9:08:21:00:F9:00:31:00:00:05:89:00:00:29:AA
05.03.2026_10:00:14.600,AA:55:01:AB:08:C5:05:17:00:A0:0F:19:1C:1C:00:00:8B:00:8F:30:04:00:18:FA
05.03.2026_10:00:14.625,AA:55:02:82:00:00:00:00:00:9C:0F:19:18:01:00:00:05:00:4C:31:04:00:18:FD
05.03.2026_10:00:14.650,AA:55:03:82:00:00:00:00:00:A2:0F:19:18:00:00:00:00:00:28:32:05:00:18:DB
05.03.2026_10:00:14.675,AA:55:10:8B:0B:F9:08:0C:09:F4:08:25:00:F9:00:31:00:00:05:B4:00:00:29:D9
05.03.2026_10:00:14.700,AA:55:01:AB:08:C5:05:0F:00:A0:0F:19:1C:1C:00:00:57:00:90:30:04:00:18:BF
05.03.2026_10:00:14.725,AA:55:02:82:00:00:00:00:00:A2:0F:19:18:02:00:00:05:00:4C:31:04:00:18:04
05.03.2026_10:00:14.750,AA:55:03:82:00:00:00:00:00:A3:0F:19:18:02:00:00:00:00:28:32:05:00:18:DE
05.03.2026_10:00:14.775,AA:55:10:8B:0B:FA:08:0D:09:F7:08:1A:00:F9:00:32:00:00:05:7F:00:00:29:9F
05.03.2026_10:00:14.800,AA:55:01:AB:08:C5:05:15:00:A3:0F:1A:1C:1C:03:00:7D:00:90:30:04:00:18:F2
05.03.2026_10:00:14.825,AA:55:02:82:00:00:00:00:00:9E:0F:19:18:01:00:00:00:00:4C:31:04:00:18:FA
05.03.2026_10:00:14.850,AA:55:03:82:00:00:00:00:00:A3:0F:19:18:00:00:00:01:00:28:32:05:00:18:DD
05.03.2026_10:00:14.875,AA:55:10:8B:0B:FB:08:07:09:F3:08:25:00:FA:00:32:00:00:05:A0:00:00:29:C3
05.03.2026_10:00:14.900,AA:55:01:AB:08:C9:05:15:00:A6:0F:19:1D:1B:00:00:7D:00:90:30:04:00:18:F5
05.03.2026_10:00:14.925,AA:55:02:82:00:00:00:00:00:A3:0F:19:18:02:00:00:00:00:4C:31:04:00:18:00
05.03.2026_10:00:14.950,AA:55:03:82:00:00:00:00:00:A0:0F:19:18:00:00:00:00:00:28:32:05:00:18:D9
05.03.2026_10:00:14.975,AA:55:10:8B:0B:00:09:06:09:F2:08:25:00:FA:00:31:00:00:05:A0:00:00:29:C6
05.03.2026_10:00:15.000,AA:55:01:AB:08:C6:05:0F:00:A0:0F:19:1C:1A:00:00:5C:00:91:30:04:00:18:C4
05.03.2026_10:00:15.025,AA:55:02:82:00:00:00:00:00:9D:0F:19:18:02:00:00:00:00:4C:31:04:00:18:FA
05.03.2026_10:00:15.050,AA:55:03:82:00:00:00:00:00:9C:0F:19:18:02:00:00:00:00:28:32:05:00:18:D7
05.03.2026_10:00:15.075,AA:55:10:8B:0B:FA:08:0D:09:F4:08:1B:00:FA:00:31:00:00:05:7F:00:00:2A:9E
05.03.2026_10:00:15.100,AA:55:01:AB:08:C7:05:13:00:9F:0F:1A:1C:1C:08:00:74:00:91:30:04:00:18:EB
05.03.2026_10:00:15.125,AA:55:02:82:00:00:00:00:00:A1:0F:19:18:00:00:00:00:00:4C:31:04:00:18:FC
05.03.2026_10:00:15.150,AA:55:03:82:00:00:00:00:00:A3:0F:19:18:00:00:00:01:00:28:32:05:00:18:DD
05.03.2026_10:00:15.175,AA:55:10:8B:0B:FC:08:0C:09:F7:08:23:00:F9:00:32:00:00:05:98:00:00:2A:C3
05.03.2026_10:00:15.200,AA:55:01:AB:08:C9:05:17:00:A7:0F:1A:1D:1A:07:00:8C:00:91:30:04:00:18:0F
05.03.2026_10:00:15.225,AA:55:02:82:00:00:00:00:00:9D:0F:19:18:00:00:00:00:00:4C:31:04:00:18:F8
05.03.2026_10:00:15.250,AA:55:03:82:00:00:00:00:00:A0:0F:19:18:00:00:00:00:00:28:32:05:00:18:D9
05.03.2026_10:00:15.275,AA:55:10:8B:0B:FC:08:0D:09:F5:08:20:00:FA:00:31:00:00:05:AF:00:00:2A:D6
05.03.2026_10:00:15.300,AA:55:01:AB:08:CB:05:12:00:A1:0F:19:1D:18:00:00:69:00:92:30:04:00:18:DA
05.03.2026_10:00:15.325,AA:55:02:82:00:00:00:00:00:9E:0F:19:18:00:00:00:02:00:4C:31:04:00:18:FB
05.03.2026_10:00:15.350,AA:55:03:82:00:00:00:00:00:A2:0F:19:18:01:00:00:00:00:28:32:05:00:18:DC
05.03.2026_10:00:15.375,AA:55:10:8B:0B:00:09:06:09:F4:08:1B:00:FA:00:31:00:00:05:8E:00:00:2A:AD
05.03.2026_10:00:15.400,AA:55:01:AB:08:C5:05:13:00:A2:0F:19:1D:1C:0D:00:71:00:92:30:04:00:18:EF
05.03.2026_10:00:15.425,AA:55:02:82:00:00:00:00:00:9E:0F:19:18:00:00:00:02:00:4C:31:04:00:18:FB
05.03.2026_10:00:15.450,AA:55:03:82:00:00:00:00:00:9F:0F:19:18:02:00:00:02:00:28:32:05:00:18:DC
05.03.2026_10:00:15.475,AA:55:10:8B:0B:FA:08:0D:09:F6:08:1E:00:FA:00:31:00:00:05:98:00:00:2A:BC
05.03.2026_10:00:15.500,AA:55:01:AB:08:CA:05:12:00:A1:0F:19:1D:1C:00:00:6D:00:93:30:04:00:18:E2
05.03.2026_10:00:15.525,AA:55:02:82:00:00:00:00:00:A1:0F:19:18:02:00:00:05:00:4C:31:04:00:18:03
05.03.2026_10:00:15.550,AA:55:03:82:00:00:00:00:00:9E:0F:19:18:01:00:00:02:00:28:32:05:00:18:DA
05.03.2026_10:00:15.575,AA:55:10:8B:0B:FE:08:0C:09:F6:08:1C:00:FA:00:31:00:00:05:96:00:00:2A:BB
05.03.2026_10:00:15.600,AA:55:01:AB:08:C8:05:19:00:A7:0F:19:1D:1B:0D:00:95:00:93:30:04:00:18:21
05.03.2026_10:00:15.625,AA:55:02:82:00:00:00:00:00:A2:0F:19:18:01:00:00:01:00:4C:31:04:00:18:FF
05.03.2026_10:00:15.650,AA:55:03:82:00:00:00:00:00:A1:0F:19:18:02:00:00:01:00:28:32:05:00:18:DD
05.03.2026_10:00:15.675,AA:55:10:8B:0B:FF:08:08:09:F6:08:23:00:FA:00:32:00:00:05:B9:00:00:2A:E3
05.03.2026_10:00:15.700,AA:55:01:AB:08:CB:05:16:00:A4:0F:1A:1D:1A:0A:00:82:00:93:30:04:00:18:08
05.03.2026_10:00:15.725,AA:55:02:82:00:00:00:00:00:9C:0F:19:18:02:00:00:04:00:4C:31:04:00:18:FD
05.03.2026_10:00:15.750,AA:55:03:82:00:00:00:00:00:A1:0F:19:18:01:00:00:00:00:28:32:05:00:18:DB
05.03.2026_10:00:15.775,AA:55:10:8B:0B:FF:08:0C:09:F4:08:1F:00:FA:00:31:00:00:05:A9:00:00:2A:D0
05.03.2026_10:00:15.800,AA:55:01:AB:08:CA:05:17:00:A2:0F:1A:1D:19:05:00:89:00:94:30:04:00:18:08
05.03.2026_10:00:15.825,AA:55:02:82:00:00:00:00:00:A3:0F:19:18:01:00:00:04:00:4C:31:04:00:18:03
05.03.2026_10:00:15.850,AA:55:03:82:00:00:00:00:00:9F:0F:19:18:00:00:00:01:00:28:32:05:00:18:D9
05.03.2026_10:00:15.875,AA:55:10:8B:0B:FE:08:09:09:F8:08:27:00:FB:00:32:00:00:05:B1:00:00:2A:E2
05.03.2026_10:00:15.900,AA:55:01:AB:08:C6:05:14:00:9F:0F:19:1D:17:00:00:7A:00:94:30:04:00:18:E7
05.03.2026_10:00:15.925,AA:55:02:82:00:00:00:00:00:9F:0F:19:18:01:00:00:03:00:4C:31:04:00:18:FE
05.03.2026_10:00:15.950,AA:55:03:82:00:00:00:00:00:A2:0F:19:18:00:00:00:00:00:28:32:05:00:18:DB
05.03.2026_10:00:15.975,AA:55:10:8B:0B:FE:08:07:09:FB:08:22:00:FB:00:31:00:00:05:A0:00:00:2A:CC
05.03.2026_10:00:16.000,AA:55:01:AB:08:C6:05:17:00:A1:0F:1A:1D:19:0F:00:89:00:94:30:04:00:18:0D
05.03.2026_10:00:16.024,AA:55:02:82:00:00:00:00:00:A0:0F:19:18:02:00:00:00:00:4C:31:04:00:18:FD
05.03.2026_10:00:16.050,AA:55:03:82:00:00:00:00:00:9D:0F:19:18:01:00:00:00:00:28:32:05:00:18:D7
05.03.2026_10:00:16.075,AA:55:10:8B:0B:00:09:0E:09:F6:08:26:00:FB:00:32:00:00:05:AC:00:00:2B:E3
05.03.2026_10:00:16.100,AA:55:01:AB:08:CB:05:17:00:A5:0F:19:1D:1A:02:00:89:00:95:30:04:00:18:0A
05.03.2026_10:00:16.125,AA:55:02:82:00:00:00:00:00:A1:0F:19:18:01:00:00:00:00:4C:31:04:00:18:FD
05.03.2026_10:00:16.150,AA:55:03:82:00:00:00:00:00:9E:0F:19:18:00:00:00:00:00:28:32:05:00:18:D7
05.03.2026_10:00:16.175,AA:55:10:8B:0B:FF:08:06:09:F4:08:23:00:FA:00:32:00:00:05:AC:00:00:2B:D3
05.03.2026_10:00:16.200,AA:55:01:AB:08:CA:05:14:00:A5:0F:1A:1D:19:00:00:78:00:95:30:04:00:18:F3
05.03.2026_10:00:16.224,AA:55:02:82:00:00:00:00:00:A2:0F:19:18:00:00:00:03:00:4C:31:04:00:18:00
05.03.2026_10:00:16.250,AA:55:03:82:00:00:00:00:00:9E:0F:19:18:00:00:00:01:00:28:32:05:00:18:D8
05.03.2026_10:00:16.274,AA:55:10:8B:0B:FC:08:0E:09:F1:08:1E:00:F9:00:32:00:00:05:9E:00:00:2B:C1
05.03.2026_10:00:16.300,AA:55:01:AB:08:CB:05:12:00:9F:0F:19:1D:19:00:00:6E:00:95:30:04:00:18:E1
05.03.2026_10:00:16.325,AA:55:02:82:00:00:00:00:00:A3:0F:19:18:00:00:00:01:00:4C:31:04:00:18:FF
05.03.2026_10:00:16.350,AA:55:03:82:00:00:00:00:00:9D:0F:19:18:02:00:00:02:00:28:32:05:00:18:DA
05.03.2026_10:00:16.375,AA:55:10:8B:0B:FF:08:10:09:F3:08:1C:00:F9:00:31:00:00:05:94:00:00:2B:BB
05.03.2026_10:00:16.400,AA:55:01:AB:08:C7:05:14:00:A6:0F:19:1D:17:00:00:7A:00:96:30:04:00:18:F1
05.03.2026_10:00:16.425,AA:55:02:82:00:00:00:00:00:9E:0F:19:18:00:00:00:00:00:4C:31:04:00:18:F9
05.03.2026_10:00:16.450,AA:55:03:82:00:00:00:00:00:A3:0F:19:18:00:00:00:00:00:28:32:05:00:18:DC
05.03.2026_10:00:16.475,AA:55:10:8B:0B:FE:08:09:09:F6:08:22:00:F9:00:32:00:00:05:9D:00:00:2B:C6
05.03.2026_10:00:16.500,AA:55:01:AB:08:C9:05:12:00:A1:0F:19:1D:1B:09:00:6E:00:96:30:04:00:18:ED
05.03.2026_10:00:16.525,AA:55:02:82:00:00:00:00:00:A4:0F:19:18:01:00:00:02:00:4C:31:04:00:18:02
05.03.2026_10:00:16.550,AA:55:03:82:00:00:00:00:00:A2:0F:19:18:02:00:00:00:00:28:32:05:00:18:DD
05.03.2026_10:00:16.575,AA:55:10:8B:0B:FD:08:0E:09:F2:08:1E:00:F8:00:32:00:00:05:93:00:00:2B:B7
05.03.2026_10:00:16.600,AA:55:01:AB:08:CB:05:17:00:A2:0F:19:1E:19:00:00:89:00:97:30:04:00:18:07
05.03.2026_10:00:16.625,AA:55:02:82:00:00:00:00:00:A1:0F:19:18:02:00:00:04:00:4C:31:04:00:18:02
05.03.2026_10:00:16.650,AA:55:03:82:00:00:00:00:00:9F:0F:19:18:00:00:00:00:00:28:32:05:00:18:D8
05.03.2026_10:00:16.675,AA:55:10:8B:0B:FD:08:0E:09:F7:08:26:00:F9:00:32:00:00:05:B0:00:00:2B:E2
05.03.2026_10:00:16.700,AA:55:01:AB:08:C7:05:14:00:A4:0F:19:1D:1A:00:00:78:00:97:30:04:00:18:F1
05.03.2026_10:00:16.724,AA:55:02:82:00:00:00:00:00:9F:0F:19:18:00:00:00:00:00:4C:31:04:00:18:FA
05.03.2026_10:00:16.750,AA:55:03:82:00:00:00:00:00:A3:0F:19:18:01:00:00:00:00:28:32:05:00:18:DD
05.03.2026_10:00:16.775,AA:55:10:8B:0B:01:09:0C:09:F6:08:23:00:F9:00:32:00:00:05:9C:00:00:2B:CD
05.03.2026_10:00:16.800,AA:55:01:AB:08:C8:05:15:00:A1:0F:19:1D:1B:0C:00:7D:00:97:30:04:00:18:02
05.03.2026_10:00:16.825,AA:55:02:82:00:00:00:00:00:A3:0F:19:18:00:00:00:02:00:4C:31:04:00:18:00
05.03.2026_10:00:16.850,AA:55:03:82:00:00:00:00:00:A1:0F:19:18:00:00:00:00:00:28:32:05:00:18:DA
05.03.2026_10:00:16.875,AA:55:10:8B:0B:FA:08:10:09:F5:08:21:00:F9:00:31:00:00:05:A2:00:00:2B:CB
05.03.2026_10:00:16.900,AA:55:01:AB:08:C9:05:16:00:A4:0F:19:1D:1C:00:00:84:00:98:30:04:00:18:04
05.03.2026_10:00:16.925,AA:55:02:82:00:00:00:00:00:A2:0F:19:18:00:00:00:01:00:4C:31:04:00:18:FE
05.03.2026_10:00:16.950,AA:55:03:82:00:00:00:00:00:9F:0F:19:18:00:00:00:02:00:28:32:05:00:18:DA
05.03.2026_10:00:16.975,AA:55:10:8B:0B:00:09:0F:09:F1:08:23:00:FA:00:32:00:00:05:AB:00:00:2B:DA
05.03.2026_10:00:17.000,AA:55:01:AB:08:C9:05:15:00:A5:0F:19:1D:1B:00:00:7E:00:98:30:04:00:18:FD
05.03.2026_10:00:17.025,AA:55:02:82:00:00:00:00:00:9E:0F:19:18:00:00:00:00:00:4C:31:04:00:18:F9
05.03.2026_10:00:17.050,AA:55:03:82:00:00:00:00:00:9F:0F:19:18:00:00:00:00:00:28:32:05:00:18:D8
05.03.2026_10:00:17.075,AA:55:10:8B:0B:F9:08:0B:09:F5:08:1F:00:FA:00:31:00:00:05:A1:00:00:2C:C4
05.03.2026_10:00:17.100,AA:55:01:AB:08:C5:05:16:00:A6:0F:19:1E:1C:03:00:84:00:98:30:04:00:18:06
05.03.2026_10:00:17.125,AA:55:02:82:00:00:00:00:00:A2:0F:19:18:01:00:00:00:00:4C:31:04:00:18:FE
05.03.2026_10:00:17.150,AA:55:03:82:00:00:00:00:00:A0:0F:19:18:02:00:00:02:00:28:32:05:00:18:DD
05.03.2026_10:00:17.175,AA:55:10:8B:0B:FD:08:08:09:F5:08:1F:00:FA:00:31:00:00:05:A9:00:00:2C:CD
05.03.2026_10:00:17.200,AA:55:01:AB:08:C7:05:14:00:A1:0F:19:1E:1A:00:00:77:00:99:30:04:00:18:F0
05.03.2026_10:00:17.224,AA:55:02:82:00:00:00:00:00:9E:0F:19:18:01:00:00:02:00:4C:31:04:00:18:FC
05.03.2026_10:00:17.250,AA:55:03:82:00:00:00:00:00:9E:0F:19:18:02:00:00:00:00:28:32:05:00:18:D9
05.03.2026_10:00:17.275,AA:55:10:8B:0B:00:09:0E:09:F6:08:22:00:FA:00:31:00:00:05:9C:00:00:2C:CE
05.03.2026_10:00:17.300,AA:55:01:AB:08:C9:05:16:00:A0:0F:19:1E:1A:06:00:81:00:99:30:04:00:18:03
05.03.2026_10:00:17.325,AA:55:02:82:00:00:00:00:00:A2:0F:19:18:00:00:00:00:00:4C:31:04:00:18:FD
05.03.2026_10:00:17.350,AA:55:03:82:00:00:00:00:00:A3:0F:19:18:02:00:00:00:00:28:32:05:00:18:DE
05.03.2026_10:00:17.375,AA:55:10:8B:0B:FB:08:08:09:F3:08:1F:00:FA:00:32:00:00:05:A4:00:00:2C:C5
05.03.2026_10:00:17.400,AA:55:01:AB:08:C9:05:16:00:A6:0F:19:1D:19:00:00:81:00:99:30:04:00:18:01
05.03.2026_10:00:17.425,AA:55:02:82:00:00:00:00:00:9F:0F:19:18:00:00:00:00:00:4C:31:04:00:18:FA
05.03.2026_10:00:17.450,AA:55:03:82:00:00:00:00:00:A1:0F:19:18:00:00:00:01:00:28:32:05:00:18:DB
05.03.2026_10:00:17.475,AA:55:10:8B:0B:FF:08:0E:09:FA:08:23:00:FA:00:31:00:00:05:A6:00:00:2C:DB
05.03.2026_10:00:17.500,AA:55:01:AB:08:C6:05:10:00:9F:0F:19:1E:1A:00:00:5E:00:9A:30:04:00:18:D1
05.03.2026_10:00:17.525,AA:55:02:82:00:00:00:00:00:9E:0F:19:18:00:00:00:00:00:4C:31:04:00:18:F9
05.03.2026_10:00:17.550,AA:55:03:82:00:00:00:00:00:9D:0F:19:18:02:00:00:00:00:28:32:05:00:18:D8
05.03.2026_10:00:17.575,AA:55:10:8B:0B:FC:08:0F:09:F3:08:1D:00:F9:00:31:00:00:05:81:00:00:2C:A6
05.03.2026_10:00:17.600,AA:55:01:AB:08:C6:05:16:00:A2:0F:19:1E:1B:00:00:85:00:9A:30:04:00:18:02
05.03.2026_10:00:17.625,AA:55:02:82:00:00:00:00:00:A2:0F:19:18:02:00:00:00:00:4C:31:04:00:18:FF
05.03.2026_10:00:17.650,AA:55:03:82:00:00:00:00:00:A2:0F:19:18:03:00:00:00:00:28:32:05:00:18:DE
05.03.2026_10:00:17.675,AA:55:10:8B:0B:F7:08:0C:09:F1:08:24:00:F9:00:32:00:00:05:A8:00:00:2C:CB
05.03.2026_10:00:17.700,AA:55:01:AB:08:C8:05:13:00:A0:0F:19:1E:17:00:00:73:00:9A:30:04:00:18:E9
05.03.2026_10:00:17.724,AA:55:02:82:00:00:00:00:00:9D:0F:19:18:00:00:00:00:00:4C:31:04:00:18:F8
05.03.2026_10:00:17.750,AA:55:03:82:00:00:00:00:00:9D:0F:19:18:01:00:00:00:00:28:32:05:00:18:D7
05.03.2026_10:00:17.775,AA:55:10:8B:0B:00:09:0E:09:F9:08:23:00:FA:00:32:00:00:05:96:00:00:2C:CD
05.03.2026_10:00:17.800,AA:55:01:AB:08:C6:05:13:00:A6:0F:19:1E:1A:00:00:6F:00:9B:30:04:00:18:ED
05.03.2026_10:00:17.825,AA:55:02:82:00:00:00:00:00:A1:0F:19:18:01:00:00:00:00:4C:31:04:00:18:FD
05.03.2026_10:00:17.850,AA:55:03:82:00:00:00:00:00:9C:0F:19:18:00:00:00:00:00:28:32:05:00:18:D5
05.03.2026_10:00:17.875,AA:55:10:8B:0B:FA:08:0D:09:F2:08:21:00:FA:00:32:00:00:05:92:00:00:2C:B8
05.03.2026_10:00:17.900,AA:55:01:AB:08:C9:05:0F:00:A4:0F:19:1E:1B:00:00:5C:00:9B:30:04:00:18:D8
05.03.2026_10:00:17.925,AA:55:02:82:00:00:00:00:00:A4:0F:19:18:00:00:00:00:00:4C:31:04:00:18:FF
05.03.2026_10:00:17.950,AA:55:03:82:00:00:00:00:00:9C:0F:19:18:00:00:00:02:00:28:32:05:00:18:D7
05.03.2026_10:00:17.975,AA:55:10:8B:0B:FA:08:10:09:F2:08:1F:00:F9:00:32:00:00:05:81:00:00:2C:A7
05.03.2026_10:00:18.000,AA:55:01:AB:08:C9:05:14:00:A3:0F:19:1E:1B:00:00:76:00:9C:30:04:00:18:F7
05.03.2026_10:00:18.025,AA:55:02:82:00:00:00:00:00:A3:0F:19:18:00:00:00:00:00:4C:31:04:00:18:FE
05.03.2026_10:00:18.050,AA:55:03:82:00:00:00:00:00:A3:0F:19:18:00:00:00:02:00:28:32:05:00:18:DE
05.03.2026_10:00:18.075,AA:55:10:8B:0B:FB:08:0F:09:F5:08:1C:00:F9:00:32:00:00:05:9A:00:00:2D:C1
05.03.2026_10:00:18.100,AA:55:01:AB:08:C9:05:15:00:A4:0F:19:1E:1A:00:00:7F:00:9C:30:04:00:18:01
05.03.2026_10:00:18.125,AA:55:02:82:00:00:00:00:00:A2:0F:19:18:02:00:00:04:00:4C:31:04:00:18:03
05.03.2026_10:00:18.150,AA:55:03:82:00:00:00:00:00:9E:0F:19:18:00:00:00:00:00:28:32:05:00:18:D7
05.03.2026_10:00:18.175,AA:55:10:8B:0B:FB:08:0D:09:F2:08:20:00:FA:00:32:00:00:05:A6:00:00:2D:CD
05.03.2026_10:00:18.200,AA:55:01:AB:08:C8:05:17:00:A0:0F:19:1E:18:0A:00:86:00:9C:30:04:00:18:0D
05.03.2026_10:00:18.224,AA:55:02:82:00:00:00:00:00:A4:0F:19:18:00:00:00:00:00:4C:31:04:00:18:FF
05.03.2026_10:00:18.250,AA:55:03:82:00:00:00:00:00:9E:0F:19:18:01:00:00:01:00:28:32:05:00:18:D9
05.03.2026_10:00:18.275,AA:55:10:8B:0B:FD:08:10:09:FA:08:22:00:FA:00:32:00:00:05:AA:00:00:2D:E0
05.03.2026_10:00:18.300,AA:55:01:AB:08:C7:05:14:00:A0:0F:19:1E:1C:03:00:75:00:9D:30:04:00:18:F6
05.03.2026_10:00:18.325,AA:55:02:82:00:00:00:00:00:A0:0F:19:18:00:00:00:00:00:4C:31:04:00:18:FB
05.03.2026_10:00:18.350,AA:55:03:82:00:00:00:00:00:9E:0F:19:18:00:00:00:00:00:28:32:05:00:18:D7
05.03.2026_10:00:18.375,AA:55:10:8B:0B:FF:08:08:09:F3:08:1F:00:FA:00:31:00:00:05:98:00:00:2D:BD
05.03.2026_10:00:18.400,AA:55:01:AB:08:CB:05:13:00:A2:0F:19:1F:19:00:00:6F:00:9D:30:04:00:18:F0
05.03.2026_10:00:18.425,AA:55:02:82:00:00:00:00:00:9F:0F:19:18:00:00:00:00:00:4C:31:04:00:18:FA
05.03.2026_10:00:18.450,AA:55:03:82:00:00:00:00:00:A1:0F:19:18:00:00:00:02:00:28:32:05:00:18:DC
05.03.2026_10:00:18.475,AA:55:10:8B:0B:FE:08:09:09:FA:08:20:00:F9:00:31:00:00:05:95:00:00:2D:C1
05.03.2026_10:00:18.500,AA:55:01:AB:08:C6:05:14:00:A7:0F:19:1E:1B:00:00:77:00:9D:30:04:00:18:FA
05.03.2026_10:00:18.525,AA:55:02:82:00:00:00:00:00:A1:0F:19:18:02:00:00:00:00:4C:31:04:00:18:FE
05.03.2026_10:00:18.550,AA:55:03:82:00:00:00:00:00:9C:0F:19:18:01:00:00:00:00:28:32:05:00:18:D6
05.03.2026_10:00:18.575,AA:55:10:8B:0B:FF:08:09:09:FA:08:1C:00:F9:00:31:00:00:05:9A:00:00:2D:C3
05.03.2026_10:00:18.600,AA:55:01:AB:08:C7:05:18:00:A2:0F:18:1F:18:05:00:8E:00:9E:30:04:00:18:14
05.03.2026_10:00:18.625,AA:55:02:82:00:00:00:00:00:9C:0F:19:18:01:00:00:04:00:4C:31:04:00:18:FC
05.03.2026_10:00:18.650,AA:55:03:82:00:00:00:00:00:A4:0F:19:18:02:00:00:00:00:28:32:05:00:18:DF
05.03.2026_10:00:18.675,AA:55:10:8B:0B:F8:08:07:09:FA:08:23:00:F9:00:31:00:00:05:B5:00:00:2D:DC
05.03.2026_10:00:18.700,AA:55:01:AB:08:C8:05:12:00:A5:0F:19:1E:19:02:00:69:00:9E:30:04:00:18:EB
05.03.2026_10:00:18.724,AA:55:02:82:00:00:00:00:00:A2:0F:19:18:01:00:00:00:00:4C:31:04:00:18:FE
05.03.2026_10:00:18.750,AA:55:03:82:00:00:00:00:00:9D:0F:19:18:01:00:00:00:00:28:32:05:00:18:D7
05.03.2026_10:00:18.775,AA:55:10:8B:0B:F7:08:0D:09:F1:08:21:00:F8:00:31:00:00:05:8C:00:00:2D:AC
05.03.2026_10:00:18.800,AA:55:01:AB:08:C7:05:15:00:A4:0F:19:1F:18:0B:00:80:00:9E:30:04:00:18:0C
05.03.2026_10:00:18.825,AA:55:02:82:00:00:00:00:00:A3:0F:19:18:00:00:00:00:00:4C:31:04:00:18:FE
05.03.2026_10:00:18.850,AA:55:03:82:00:00:00:00:00:A1:0F:19:18:00:00:00:00:00:28:32:05:00:18:DA
05.03.2026_10:00:18.875,AA:55:10:8B:0B:01:09:0C:09:F9:08:21:00:F8:00:32:00:00:05:A3:00:00:2D:D6
05.03.2026_10:00:18.900,AA:55:01:AB:08:C7:05:13:00:A6:0F:19:1F:1A:00:00:71:00:9F:30:04:00:18:F5
05.03.2026_10:00:18.925,AA:55:02:82:00:00:00:00:00:A2:0F:19:18:01:00:00:03:00:4C:31:04:00:18:01
05.03.2026_10:00:18.950,AA:55:03:82:00:00:00:00:00:A3:0F:19:18:00:00:00:00:00:28:32:05:00:18:DC
05.03.2026_10:00:18.975,AA:55:10:8B:0B:01:09:07:09:F4:08:21:00:F9:00:31:00:00:05:98:00:00:2D:C1
05.03.2026_10:00:19.000,AA:55:01:AB:08:C8:05:16:00:A0:0F:19:1E:1B:09:00:82:00:9F:30:04:00:18:0D
05.03.2026_10:00:19.025,AA:55:02:82:00:00:00:00:00:9D:0F:19:18:02:00:00:02:00:4C:31:04:00:18:FC
05.03.2026_10:00:19.050,AA:55:03:82:00:00:00:00:00:9D:0F:19:18:02:00:00:00:00:28:32:05:00:18:D8
05.03.2026_10:00:19.075,AA:55:10:8B:0B:FD:08:08:09:F9:08:20:00:F9:00:31:00:00:05:A7:00:00:2E:D1
05.03.2026_10:00:19.100,AA:55:01:AB:08:C9:05:19:00:A1:0F:19:1F:1A:0E:00:93:00:A0:30:04:00:18:29
05.03.2026_10:00:19.125,AA:55:02:82:00:00:00:00:00:9F:0F:19:18:00:00:00:03:00:4C:31:04:00:18:FD
05.03.2026_10:00:19.150,AA:55:03:82:00:00:00:00:00:9D:0F:19:18:00:00:00:00:00:28:32:05:00:18:D6
05.03.2026_10:00:19.175,AA:55:10:8B:0B:FB:08:0F:09:F4:08:24:00:F9:00:31:00:00:05:B9:00:00:2E:E7
05.03.2026_10:00:19.200,AA:55:01:AB:08:C6:05:16:00:A6:0F:19:1E:1B:0D:00:81:00:A0:30:04:00:18:15
05.03.2026_10:00:19.225,AA:55:02:82:00:00:00:00:00:9E:0F:19:18:00:00:00:00:00:4C:31:04:00:18:F9
05.03.2026_10:00:19.250,AA:55:03:82:00:00:00:00:00:A1:0F:19:18:01:00:00:02:00:28:32:05:00:18:DD
05.03.2026_10:00:19.275,AA:55:10:8B:0B:FD:08:0E:09:F7:08:22:00:F9:00:32:00:00:05:A6:00:00:2E:D7
05.03.2026_10:00:19.300,AA:55:01:AB:08:C6:05:14:00:A0:0F:19:1F:1C:06:00:79:00:A0:30:04:00:18:00
05.03.2026_10:00:19.325,AA:55:02:82:00:00:00:00:00:A2:0F:19:18:02:00:00:02:00:4C:31:04:00:18:01
05.03.2026_10:00:19.350,AA:55:03:82:00:00:00:00:00:9E:0F:19:18:00:00:00:00:00:28:32:05:00:18:D7
05.03.2026_10:00:19.375,AA:55:10:8B:0B:FD:08:08:09:F9:08:1D:00:F9:00:31:00:00:05:9E:00:00:2E:C5
05.03.2026_10:00:19.400,AA:55:01:AB:08:C6:05:14:00:A2:0F:19:1F:1C:09:00:77:00:A1:30:04:00:18:04
05.03.2026_10:00:19.425,AA:55:02:82:00:00:00:00:00:9E:0F:19:18:01:00:00:00:00:4C:31:04:00:18:FA
05.03.2026_10:00:19.450,AA:55:03:82:00:00:00:00:00:A2:0F:19:18:00:00:00:00:00:28:32:05:00:18:DB
05.03.2026_10:00:19.475,AA:55:10:8B:0B:F8:08:0F:09:F3:08:23:00:FA:00:32:00:00:05:9A:00:00:2E:C5
05.03.2026_10:00:19.500,AA:55:01:AB:08:C5:05:13:00:A0:0F:19:1F:1B:00:00:74:00:A1:30:04:00:18:F3
05.03.2026_10:00:19.525,AA:55:02:82:00:00:00:00:00:A0:0F:19:18:00:00:00:00:00:4C:31:04:00:18:FB
05.03.2026_10:00:19.550,AA:55:03:82:00:00:00:00:00:9D:0F:19:18:01:00:00:01:00:28:32:05:00:18:D8
05.03.2026_10:00:19.575,AA:55:10:8B:0B:FD:08:07:09:F6:08:20:00:FA:00:31:00:00:05:98:00:00:2E:BF
05.03.2026_10:00:19.600,AA:55:01:AB:08:C9:05:11:00:A6:0F:19:1F:18:00:00:64:00:A1:30:04:00:18:E8
05.03.2026_10:00:19.625,AA:55:02:82:00:00:00:00:00:9D:0F:19:18:02:00:00:03:00:4C:31:04:00:18:FD
05.03.2026_10:00:19.650,AA:55:03:82:00:00:00:00:00:A2:0F:19:18:00:00:00:02:00:28:32:05:00:18:DD
05.03.2026_10:00:19.675,AA:55:10:8B:0B:FC:08:0A:09:F3:08:1F:00:FA:00:31:00:00:05:8C:00:00:2E:B1
05.03.2026_10:00:19.700,AA:55:01:AB:08:C6:05:14:00:A0:0F:19:1F:18:00:00:76:00:A2:30:04:00:18:F5
05.03.2026_10:00:19.725,AA:55:02:82:00:00:00:00:00:A0:0F:19:18:00:00:00:00:00:4C:31:04:00:18:FB
05.03.2026_10:00:19.750,AA:55:03:82:00:00:00:00:00:A1:0F:19:18:00:00:00:02:00:28:32:05:00:18:DC
05.03.2026_10:00:19.775,AA:55:10:8B:0B:00:09:08:09:F4:08:20:00:F9:00:32:00:00:05:9C:00:00:2E:C6
05.03.2026_10:00:19.800,AA:55:01:AB:08:C9:05:11:00:A3:0F:19:1F:18:05:00:67:00:A2:30:04:00:18:EE
05.03.2026_10:00:19.825,AA:55:02:82:00:00:00:00:00:A1:0F:19:18:00:00:00:00:00:4C:31:04:00:18:FC
05.03.2026_10:00:19.850,AA:55:03:82:00:00:00:00:00:9D:0F:19:18:00:00:00:01:00:28:32:05:00:18:D7
05.03.2026_10:00:19.875,AA:55:10:8B:0B:FA:08:07:09:F4:08:1F:00:F8:00:31:00:00:05:8C:00:00:2E:AB
05.03.2026_10:00:19.900,AA:55:01:AB:08:C7:05:16:00:A7:0F:19:1F:1B:03:00:84:00:A2:30:04:00:18:13
05.03.2026_10:00:19.925,AA:55:02:82:00:00:00:00:00:A0:0F:19:18:00:00:00:04:00:4C:31:04:00:18:FF
05.03.2026_10:00:19.950,AA:55:03:82:00:00:00:00:00:9C:0F:19:18:02:00:00:02:00:28:32:05:00:18:D9
05.03.2026_10:00:19.975,AA:55:10:8B:0B:FF:08:0B:09:F9:08:21:00:F8:00:32:00:00:05:AD:00:00:2E:DD
05.03.2026_10:00:20.000,AA:55:01:AB:08:C8:05:16:00:9F:0F:19:1F:1C:21:00:82:00:A3:30:04:00:18:2A
05.03.2026_10:00:20.025,AA:55:02:82:00:00:00:00:00:A0:0F:19:18:02:00:00:01:00:4C:31:04:00:18:FE
05.03.2026_10:00:20.050,AA:55:03:82:00:00:00:00:00:A4:0F:19:18:01:00:00:01:00:28:32:05:00:18:DF
05.03.2026_10:00:20.075,AA:55:10:8B:0B:FE:08:0E:09:F5:08:24:00:F9:00:32:00:00:05:A7:00:00:2F:DA
05.03.2026_10:00:20.100,AA:55:01:AB:08:C6:05:1B:00:A3:0F:19:1F:1A:3F:00:9F:00:A3:30:04:00:18:6A
05.03.2026_10:00:20.125,AA:55:02:82:00:00:00:00:00:9F:0F:19:18:00:00:00:00:00:4C:31:04:00:18:FA
05.03.2026_10:00:20.150,AA:55:03:82:00:00:00:00:00:9F:0F:19:18:00:00:00:02:00:28:32:05:00:18:DA
05.03.2026_10:00:20.175,AA:55:10:8B:0B:F8:08:09:09:F3:08:24:00:F9:00:32:00:00:05:C4:00:00:2F:EA
05.03.2026_10:00:20.200,AA:55:01:AB:08:C8:05:24:00:A7:0F:1A:1F:1B:5D:00:D9:00:A3:30:04:00:18:D3
05.03.2026_10:00:20.225,AA:55:02:82:00:00:00:00:00:9C:0F:19:18:02:00:00:00:00:4C:31:04:00:18:F9
05.03.2026_10:00:20.250,AA:55:03:82:00:00:00:00:00:9F:0F:19:18:01:00:00:00:00:28:32:05:00:18:D9
05.03.2026_10:00:20.275,AA:55:10:8B:0B:FC:08:0D:09:F2:08:2D:00:F9:00:31:00:00:05:FC:00:00:2F:31
05.03.2026_10:00:20.300,AA:55:01:AB:08:C5:05:26:00:A8:0F:1A:1F:1D:7B:00:E5:00:A4:30:04:00:18:00
05.03.2026_10:00:20.325,AA:55:02:82:00:00:00:00:00:9D:0F:19:18:02:00:00:00:00:4C:31:04:00:18:FA
05.03.2026_10:00:20.350,AA:55:03:82:00:00:00:00:00:9F:0F:19:18:02:00:00:00:00:28:32:05:00:18:DA
05.03.2026_10:00:20.375,AA:55:10:8B:0B:FB:08:0C:09:F2:08:36:00:F9:00:31:00:00:05:08:01:00:2F:45
05.03.2026_10:00:20.400,AA:55:01:AB:08:C6:05:2A:00:A3:0F:1A:1F:1E:99:00:FA:00:A4:30:04:00:18:34
05.03.2026_10:00:20.425,AA:55:02:82:00:00:00:00:00:A3:0F:19:18:03:00:00:00:00:4C:31:04:00:18:01
05.03.2026_10:00:20.450,AA:55:03:82:00:00:00:00:00:9F:0F:19:18:00:00:00:00:00:28:32:05:00:18:D8
05.03.2026_10:00:20.475,AA:55:10:8B:0B:00:09:09:09:F4:08:39:00:F9:00:31:00:00:05:1D:01:00:2F:62
05.03.2026_10:00:20.500,AA:55:01:AB:08:C8:05:2E:00:A8:0F:1A:1F:1C:B7:00:15:01:A5:30:04:00:18:78
05.03.2026_10:00:20.525,AA:55:02:82:00:00:00:00:00:A3:0F:19:18:02:00:00:00:00:4C:31:04:00:18:00
05.03.2026_10:00:20.550,AA:55:03:82:00:00:00:00:00:A1:0F:19:18:00:00:00:00:00:28:32:05:00:18:DA
05.03.2026_10:00:20.575,AA:55:10:8B:0B:FB:08:0D:09:F7:08:37:00:FA:00:31:00:00:05:38:01:00:2F:7D
05.03.2026_10:00:20.600,AA:55:01:AB:08:CB:05:39:00:A8:0F:1A:1F:1A:D5:00:52:01:A5:30:04:00:18:DF
05.03.2026_10:00:20.625,AA:55:02:82:00:00:00:00:00:9C:0F:19:18:01:00:00:00:00:4C:31:04:00:18:F8
05.03.2026_10:00:20.650,AA:55:03:82:00:00:00:00:00:9E:0F:19:18:00:00:00:00:00:28:32:05:00:18:D7
05.03.2026_10:00:20.675,AA:55:10:8B:0B:01:09:0C:09:F1:08:48:00:FA:00:32:00:00:05:75:01:00:2F:CC
05.03.2026_10:00:20.700,AA:55:01:AB:08:C8:05:3C:00:AC:0F:1A:20:1F:F3:00:64:01:A5:30:04:00:18:19
05.03.2026_10:00:20.725,AA:55:02:82:00:00:00:00:00:A3:0F:19:18:00:00:00:00:00:4C:31:04:00:18:FE
05.03.2026_10:00:20.750,AA:55:03:82:00:00:00:00:00:9D:0F:19:18:00:00:00:00:00:28:32:05:00:18:D6
05.03.2026_10:00:20.775,AA:55:10:8B:0B:FF:08:0E:09:F9:08:45:00:FA:00:31:00:00:05:87:01:00:2F:E1
05.03.2026_10:00:20.800,AA:55:01:AB:08:C9:05:3E:00:AB:0F:1A:1F:1C:11:01:70:01:A6:30:04:00:18:43
05.03.2026_10:00:20.825,AA:55:02:82:00:00:00:00:00:A3:0F:19:18:02:00:00:05:00:4C:31:04:00:18:05
05.03.2026_10:00:20.850,AA:55:03:82:00:00:00:00:00:A3:0F:19:18:00:00:00:02:00:28:32:05:00:18:DE
05.03.2026_10:00:20.875,AA:55:10:8B:0B:00:09:09:09:F2:08:49:00:FA:00:32:00:00:05:9B:01:00:2F:F0
05.03.2026_10:00:20.900,AA:55:01:AB:08:CB:05:41:00:A8:0F:1A:20:1E:2F:01:86:01:A6:30:04:00:18:7C
05.03.2026_10:00:20.925,AA:55:02:82:00:00:00:00:00:9E:0F:19:18:01:00:00:03:00:4C:31:04:00:18:FD
05.03.2026_10:00:20.950,AA:55:03:82:00:00:00:00:00:A0:0F:19:18:02:00:00:00:00:28:32:05:00:18:DB
05.03.2026_10:00:20.975,AA:55:10:8B:0B:FA:08:0E:09:F9:08:51:00:FA:00:31:00:00:05:AD:01:00:2F:0E
05.03.2026_10:00:21.000,AA:55:01:AB:08:C6:05:4A:00:AA:0F:1A:20:1E:4D:01:B7:01:A6:30:04:00:18:D1
05.03.2026_10:00:21.025,AA:55:02:82:00:00:00:00:00:A2:0F:19:18:02:00:00:00:00:4C:31:04:00:18:FF
05.03.2026_10:00:21.050,AA:55:03:82:00:00:00:00:00:A0:0F:19:18:03:00:00:02:00:28:32:05:00:18:DE
05.03.2026_10:00:21.075,AA:55:10:8B:0B:FA:08:0A:09:F7:08:54:00:FA:00:31:00:00:05:DD:01:00:30:3C
05.03.2026_10:00:21.100,AA:55:01:AB:08:C5:05:4B:00:A7:0F:1A:20:1D:6B:01:BF:01:A7:30:04:00:18:F4
05.03.2026_10:00:21.125,AA:55:02:82:00:00:00:00:00:9C:0F:19:18:03:00:00:01:00:4C:31:04:00:18:FB
05.03.2026_10:00:21.150,AA:55:03:82:00:00:00:00:00:9D:0F:19:18:00:00:00:00:00:28:32:05:00:18:D6
05.03.2026_10:00:21.175,AA:55:10:8B:0B:FC:08:0C:09:F1:08:53:00:FB:00:31:00:00:05:E3:01:00:30:40
05.03.2026_10:00:21.200,AA:55:01:AB:08:C7:05:54:00:B0:0F:1B:20:1F:89:01:F6:01:A7:30:04:00:18:60
05.03.2026_10:00:21.225,AA:55:02:82:00:00:00:00:00:A1:0F:19:18:00:00:00:04:00:4C:31:04:00:18:00
05.03.2026_10:00:21.250,AA:55:03:82:00:00:00:00:00:A4:0F:19:18:02:00:00:00:00:28:32:05:00:18:DF
05.03.2026_10:00:21.275,AA:55:10:8B:0B:F9:08:06:09:F3:08:62:00:FB:00:32:00:00:05:1E:02:00:30:85
05.03.2026_10:00:21.300,AA:55:01:AB:08:CB:05:57:00:AA:0F:1B:20:20:A7:01:09:02:A7:30:04:00:18:94
05.03.2026_10:00:21.325,AA:55:02:82:00:00:00:00:00:A0:0F:19:18:01:00:00:00:00:4C:31:04:00:18:FC
05.03.2026_10:00:21.350,AA:55:03:82:00:00:00:00:00:A3:0F:19:18:02:00:00:00:00:28:32:05:00:18:DE
05.03.2026_10:00:21.375,AA:55:10:8B:0B:FB:08:07:09:F6:08:60:00:FB:00:31:00:00:05:2C:02:00:30:96
05.03.2026_10:00:21.400,AA:55:01:AB:08:C8:05:5D:00:AF:0F:1B:20:21:C5:01:2A:02:A8:30:04:00:18:DD
05.03.2026_10:00:21.425,AA:55:02:82:00:00:00:00:00:A4:0F:19:18:02:00:00:00:00:4C:31:04:00:18:01
05.03.2026_10:00:21.450,AA:55:03:82:00:00:00:00:00:9C:0F:19:18:01:00:00:02:00:28:32:05:00:18:D8
05.03.2026_10:00:21.475,AA:55:10:8B:0B:F9:08:07:09:F3:08:6C:00:FC:00:31:00:00:05:4F:02:00:30:C1
05.03.2026_10:00:21.500,AA:55:01:AB:08:C8:05:5E:00:AF:0F:1B:20:1F:E3:01:34:02:A8:30:04:00:18:04
05.03.2026_10:00:21.525,AA:55:02:82:00:00:00:00:00:A3:0F:19:18:00:00:00:03:00:4C:31:04:00:18:01
05.03.2026_10:00:21.550,AA:55:03:82:00:00:00:00:00:A1:0F:19:18:00:00:00:01:00:28:32:05:00:18:DB
05.03.2026_10:00:21.575,AA:55:10:8B:0B:FC:08:0C:09:F4:08:6C:00:FC:00:31:00:00:05:5B:02:00:30:D6
05.03.2026_10:00:21.600,AA:55:01:AB:08:CA:05:63:00:B2:0F:1B:20:21:01:02:4F:02:A9:30:04:00:18:4B
05.03.2026_10:00:21.625,AA:55:02:82:00:00:00:00:00:9F:0F:19:18:02:00:00:01:00:4C:31:04:00:18:FD
05.03.2026_10:00:21.650,AA:55:03:82:00:00:00:00:00:A0:0F:19:18:00:00:00:02:00:28:32:05:00:18:DB
05.03.2026_10:00:21.675,AA:55:10:8B:0B:FB:08:07:09:FA:08:70:00:FD:00:32:00:00:05:74:02:00:30:F5
05.03.2026_10:00:21.700,AA:55:01:AB:08:C8:05:6E:00:AF:0F:1B:20:22:1F:02:93:02:A9:30:04:00:18:B4
05.03.2026_10:00:21.725,AA:55:02:82:00:00:00:00:00:A0:0F:19:18:00:00:00:00:00:4C:31:04:00:18:FB
05.03.2026_10:00:21.750,AA:55:03:82:00:00:00:00:00:A2:0F:19:18:01:00:00:00:00:28:32:05:00:18:DC
05.03.2026_10:00:21.775,AA:55:10:8B:0B:FB:08:0D:09:F7:08:7C:00:FD:00:31:00:00:05:B6:02:00:30:45
05.03.2026_10:00:21.800,AA:55:01:AB:08:C7:05:6E:00:B1:0F:1B:20:1F:3D:02:95:02:A9:30:04:00:18:D2
05.03.2026_10:00:21.825,AA:55:02:82:00:00:00:00:00:9E:0F:19:18:00:00:00:04:00:4C:31:04:00:18:FD
05.03.2026_10:00:21.850,AA:55:03:82:00:00:00:00:00:9F:0F:19:18:00:00:00:02:00:28:32:05:00:18:DA
05.03.2026_10:00:21.875,AA:55:10:8B:0B:FB:08:0C:09:F7:08:7B:00:FD:00:31:00:00:05:BE:02:00:30:4B
05.03.2026_10:00:21.900,AA:55:01:AB:08:CA:05:76:00:B1:0F:1B:20:22:5B:02:C3:02:AA:30:04:00:18:2D
05.03.2026_10:00:21.925,AA:55:02:82:00:00:00:00:00:9C:0F:19:18:01:00:00:00:00:4C:31:04:00:18:F8
05.03.2026_10:00:21.950,AA:55:03:82:00:00:00:00:00:9E:0F:19:18:01:00:00:00:00:28:32:05:00:18:D8
05.03.2026_10:00:21.975,AA:55:10:8B:0B:F8:08:06:09:F5:08:86:00:FD:00:31:00:00:05:E6:02:00:30:73
05.03.2026_10:00:22.000,AA:55:01:AB:08:C7:05:77:00:B4:0F:1B:20:22:79:02:C9:02:AA:30:04:00:18:52
05.03.2026_10:00:22.025,AA:55:02:82:00:00:00:00:00:9E:0F:19:18:00:00:00:00:00:4C:31:04:00:18:F9
05.03.2026_10:00:22.050,AA:55:03:82:00:00:00:00:00:9D:0F:19:18:00:00:00:01:00:28:32:05:00:18:D7
05.03.2026_10:00:22.075,AA:55:10:8B:0B:FA:08:0C:09:F5:08:87:00:FE:00:31:00:00:05:ED:02:00:31:85
05.03.2026_10:00:22.100,AA:55:01:AB:08:C9:05:7B:00:B0:0F:1B:20:22:97:02:E1:02:AA:30:04:00:18:8A
05.03.2026_10:00:22.125,AA:55:02:82:00:00:00:00:00:A1:0F:19:18:01:00:00:03:00:4C:31:04:00:18:00
05.03.2026_10:00:22.150,AA:55:03:82:00:00:00:00:00:9E:0F:19:18:00:00:00:00:00:28:32:05:00:18:D7
05.03.2026_10:00:22.175,AA:55:10:8B:0B:FF:08:0D:09:F9:08:87:00:FE:00:31:00:00:05:07:03:00:31:AA
05.03.2026_10:00:22.200,AA:55:01:AB:08:CA:05:81:00:B2:0F:1B:20:23:B5:02:01:03:AB:30:04:00:18:D4
05.03.2026_10:00:22.225,AA:55:02:82:00:00:00:00:00:9D:0F:19:18:00:00:00:05:00:4C:31:04:00:18:FD
05.03.2026_10:00:22.250,AA:55:03:82:00:00:00:00:00:A0:0F:19:18:01:00:00:00:00:28:32:05:00:18:DA
05.03.2026_10:00:22.275,AA:55:10:8B:0B:FB:08:07:09:F9:08:90:00:FE:00:31:00:00:05:29:03:00:31:CB
05.03.2026_10:00:22.300,AA:55:01:AB:08:C7:05:88:00:B5:0F:1B:20:25:D3:02:2D:03:AB:30:04:00:18:27
05.03.2026_10:00:22.325,AA:55:02:82:00:00:00:00:00:A2:0F:19:18:02:00:00:00:00:4C:31:04:00:18:FF
05.03.2026_10:00:22.350,AA:55:03:82:00:00:00:00:00:A1:0F:19:18:02:00:00:00:00:28:32:05:00:18:DC
05.03.2026_10:00:22.375,AA:55:10:8B:0B:FC:08:0E:09:F7:08:95:00:FE:00:31:00:00:05:50:03:00:31:FD
05.03.2026_10:00:22.400,AA:55:01:AB:08:C8:05:8D:00:B6:0F:1C:20:22:F1:02:4E:03:AB:30:04:00:18:6B
05.03.2026_10:00:22.425,AA:55:02:82:00:00:00:00:00:A3:0F:19:18:00:00:00:00:00:4C:31:04:00:18:FE
05.03.2026_10:00:22.450,AA:55:03:82:00:00:00:00:00:9D:0F:19:18:02:00:00:01:00:28:32:05:00:18:D9
05.03.2026_10:00:22.475,AA:55:10:8B:0B:FB:08:0F:09:F5:08:9B:00:FE:00:31:00:00:05:72:03:00:31:23
05.03.2026_10:00:22.500,AA:55:01:AB:08:C9:05:93:00:B5:0F:1B:21:23:0D:03:70:03:AC:30:04:00:18:B2
05.03.2026_10:00:22.525,AA:55:02:82:00:00:00:00:00:A3:0F:19:18:00:00:00:03:00:4C:31:04:00:18:01
05.03.2026_10:00:22.550,AA:55:03:82:00:00:00:00:00:9E:0F:19:18:03:00:00:00:00:28:32:05:00:18:DA
05.03.2026_10:00:22.575,AA:55:10:8B:0B:FA:08:08:09:F2:08:9F:00:FD:00:31:00:00:05:96:03:00:31:3F
05.03.2026_10:00:22.600,AA:55:01:AB:08:C9:05:92:00:B8:0F:1C:20:22:04:03:6E:03:AC:30:04:00:18:A8
05.03.2026_10:00:22.625,AA:55:02:82:00:00:00:00:00:A0:0F:19:18:02:00:00:00:00:4C:31:04:00:18:FD
05.03.2026_10:00:22.650,AA:55:03:82:00:00:00:00:00:9D:0F:19:18:03:00:00:00:00:28:32:05:00:18:D9
05.03.2026_10:00:22.675,AA:55:10:8B:0B:FC:08:0D:09:F8:08:9F:00:FE:00:32:00:00:05:91:03:00:31:49
05.03.2026_10:00:22.700,AA:55:01:AB:08:C7:05:94:00:B3:0F:1C:20:21:19:03:73:03:AC:30:04:00:18:BC
05.03.2026_10:00:22.725,AA:55:02:82:00:00:00:00:00:A0:0F:19:18:03:00:00:00:00:4C:31:04:00:18:FE
05.03.2026_10:00:22.750,AA:55:03:82:00:00:00:00:00:9D:0F:19:18:01:00:00:00:00:28:32:05:00:18:D7
05.03.2026_10:00:22.775,AA:55:10:8B:0B:FC:08:06:09:F4:08:A3:00:FE:00:31:00:00:05:96:03:00:31:46
05.03.2026_10:00:22.800,AA:55:01:AB:08:CB:05:8F:00:B9:0F:1C:21:24:02:03:58:03:AD:30:04:00:18:94
05.03.2026_10:00:22.825,AA:55:02:82:00:00:00:00:00:A1:0F:19:18:02:00:00:01:00:4C:31:04:00:18:FF
05.03.2026_10:00:22.850,AA:55:03:82:00:00:00:00:00:A2:0F:19:18:02:00:00:01:00:28:32:05:00:18:DE
05.03.2026_10:00:22.875,AA:55:10:8B:0B:FA:08:09:09:FB:08:99:00:FF:00:31:00:00:05:7D:03:00:31:2C
05.03.2026_10:00:22.900,AA:55:01:AB:08:CA:05:93:00:B3:0F:1C:21:25:0C:03:71:03:AD:30:04:00:18:B5
05.03.2026_10:00:22.925,AA:55:02:82:00:00:00:00:00:9E:0F:19:18:01:00:00:00:00:4C:31:04:00:18:FA
05.03.2026_10:00:22.950,AA:55:03:82:00:00:00:00:00:A4:0F:19:18:01:00:00:00:00:28:32:05:00:18:DE
05.03.2026_10:00:22.975,AA:55:10:8B:0B:FD:08:0B:09:F1:08:9E:00:FF:00:31:00:00:05:94:03:00:31:43
05.03.2026_10:00:23.000,AA:55:01:AB:08:CA:05:95:00:BA:0F:1C:20:25:11:03:7B:03:AE:30:04:00:18:CD
05.03.2026_10:00:23.025,AA:55:02:82:00:00:00:00:00:9C:0F:19:18:00:00:00:05:00:4C:31:04:00:18:FC
05.03.2026_10:00:23.050,AA:55:03:82:00:00:00:00:00:9F:0F:19:18:01:00:00:01:00:28:32:05:00:18:DA
05.03.2026_10:00:23.075,AA:55:10:8B:0B:F7:08:0B:09:F6:08:A3:00:FF:00:31:00:00:05:A4:03:00:32:58
05.03.2026_10:00:23.100,AA:55:01:AB:08:C9:05:93:00:B7:0F:1C:20:25:0D:03:70:03:AE:30:04:00:18:B8
05.03.2026_10:00:23.125,AA:55:02:82:00:00:00:00:00:A2:0F:19:18:01:00:00:05:00:4C:31:04:00:18:03
05.03.2026_10:00:23.150,AA:55:03:82:00:00:00:00:00:A1:0F:19:18:01:00:00:01:00:28:32:05:00:18:DC
05.03.2026_10:00:23.175,AA:55:10:8B:0B:FB:08:07:09:F5:08:9E:00:FF:00:30:00:00:05:99:03:00:32:46
05.03.2026_10:00:23.200,AA:55:01:AB:08:C5:05:92:00:B8:0F:1C:21:22:13:03:6D:03:AE:30:04:00:18:B5
05.03.2026_10:00:23.225,AA:55:02:82:00:00:00:00:00:A4:0F:19:18:00:00:00:00:00:4C:31:04:00:18:FF
05.03.2026_10:00:23.250,AA:55:03:82:00:00:00:00:00:9D:0F:19:18:00:00:00:01:00:28:32:05:00:18:D7
05.03.2026_10:00:23.275,AA:55:10:8B:0B:F8:08:09:09:F2:08:9C:00:00:01:31:00:00:05:91:03:00:32:3B
05.03.2026_10:00:23.300,AA:55:01:AB:08:C8:05:91:00:B5:0F:1D:21:24:08:03:67:03:AF:30:04:00:18:A7
05.03.2026_10:00:23.325,AA:55:02:82:00:00:00:00:00:A1:0F:19:18:00:00:00:00:00:4C:31:04:00:18:FC
05.03.2026_10:00:23.350,AA:55:03:82:00:00:00:00:00:9E:0F:19:18:00:00:00:00:00:28:32:05:00:18:D7
05.03.2026_10:00:23.375,AA:55:10:8B:0B:F9:08:08:09:F6:08:9E:00:00:01:31:00:00:05:8A:03:00:32:3A
05.03.2026_10:00:23.400,AA:55:01:AB:08:C9:05:92:00:B6:0F:1D:21:25:07:03:6C:03:AF:30:04:00:18:AF
05.03.2026_10:00:23.425,AA:55:02:82:00:00:00:00:00:A4:0F:19:18:00:00:00:00:00:4C:31:04:00:18:FF
05.03.2026_10:00:23.450,AA:55:03:82:00:00:00:00:00:9D:0F:19:18:02:00:00:02:00:28:32:05:00:18:DA
05.03.2026_10:00:23.475,AA:55:10:8B:0B:F9:08:0C:09:F6:08:A1:00:01:01:31:00:00:05:90:03:00:32:48
05.03.2026_10:00:23.500,AA:55:01:AB:08:C8:05:92:00:B5:0F:1D:21:25:12:03:6A:03:AF:30:04:00:18:B6
05.03.2026_10:00:23.525,AA:55:02:82:00:00:00:00:00:A0:0F:19:18:00:00:00:00:00:4C:31:04:00:18:FB
05.03.2026_10:00:23.550,AA:55:03:82:00:00:00:00:00:A1:0F:19:18:00:00:00:00:00:28:32:05:00:18:DA
05.03.2026_10:00:23.575,AA:55:10:8B:0B:FB:08:0F:09:FB:08:9B:00:00:01:31:00:00:05:8D:03:00:32:48
05.03.2026_10:00:23.600,AA:55:01:AB:08:C8:05:92:00:B8:0F:1C:21:24:0E:03:6B:03:B0:30:04:00:18:B5
05.03.2026_10:00:23.625,AA:55:02:82:00:00:00:00:00:A0:0F:19:18:00:00:00:04:00:4C:31:04:00:18:FF
05.03.2026_10:00:23.650,AA:55:03:82:00:00:00:00:00:A2:0F:19:18:00:00:00:00:00:28:32:05:00:18:DB
05.03.2026_10:00:23.675,AA:55:10:8B:0B:FC:08:07:09:F3:08:A2:00:01:01:31:00:00:05:92:03:00:32:46
05.03.2026_10:00:23.700,AA:55:01:AB:08:C8:05:93:00:B9:0F:1C:21:21:1A:03:72:03:B0:30:04:00:18:C7
05.03.2026_10:00:23.725,AA:55:02:82:00:00:00:00:00:A0:0F:19:18:01:00:00:00:00:4C:31:04:00:18:FC
05.03.2026_10:00:23.750,AA:55:03:82:00:00:00:00:00:9D:0F:19:18:00:00:00:00:00:28:32:05:00:18:D6
05.03.2026_10:00:23.775,AA:55:10:8B:0B:F8:08:09:09:F8:08:9E:00:01:01:31:00:00:05:95:03:00:32:48
05.03.2026_10:00:23.800,AA:55:01:AB:08:C9:05:8C:00:B5:0F:1C:21:24:FE:02:46:03:B0:30:04:00:18:77
05.03.2026_10:00:23.825,AA:55:02:82:00:00:00:00:00:9E:0F:19:18:01:00:00:00:00:4C:31:04:00:18:FA
05.03.2026_10:00:23.850,AA:55:03:82:00:00:00:00:00:9F:0F:19:18:02:00:00:00:00:28:32:05:00:18:DA
05.03.2026_10:00:23.875,AA:55:10:8B:0B:FE:08:08:09:F4:08:99:00:02:01:31:00:00:05:69:03:00:32:19
05.03.2026_10:00:23.900,AA:55:01:AB:08:CA:05:92:00:B9:0F:1D:21:23:07:03:6C:03:B1:30:04:00:18:B3
05.03.2026_10:00:23.925,AA:55:02:82:00:00:00:00:00:A4:0F:19:18:00:00:00:00:00:4C:31:04:00:18:FF
05.03.2026_10:00:23.950,AA:55:03:82:00:00:00:00:00:A0:0F:19:18:00:00:00:01:00:28:32:05:00:18:DA
05.03.2026_10:00:23.975,AA:55:10:8B:0B:FE:08:07:09:F8:08:9B:00:02:01:31:00:00:05:90:03:00:32:45
05.03.2026_10:00:24.000,AA:55:01:AB:08:CB:05:8D:00:B6:0F:1D:21:21:09:03:4C:03:B1:30:04:00:18:8C
05.03.2026_10:00:24.025,AA:55:02:82:00:00:00:00:00:9F:0F:19:18:00:00:00:00:00:4C:31:04:00:18:FA
05.03.2026_10:00:24.050,AA:55:03:82:00:00:00:00:00:A1:0F:19:18:00:00:00:00:00:28:32:05:00:18:DA
05.03.2026_10:00:24.075,AA:55:10:8B:0B:01:09:0D:09:F6:08:9D:00:02:01:31:00:00:05:6F:03:00:33:2F
05.03.2026_10:00:24.100,AA:55:01:AB:08:C8:05:91:00:B6:0F:1D:21:23:FF:02:67:03:B2:30:04:00:18:A0
05.03.2026_10:00:24.125,AA:55:02:82:00:00:00:00:00:9E:0F:19:18:00:00:00:00:00:4C:31:04:00:18:F9
05.03.2026_10:00:24.150,AA:55:03:82:00:00:00:00:00:A0:0F:19:18:02:00:00:00:00:28:32:05:00:18:DB
05.03.2026_10:00:24.175,AA:55:10:8B:0B:00:09:0E:09:F6:08:9A:00:02:01:30:00:00:05:8A:03:00:33:46
05.03.2026_10:00:24.200,AA:55:01:AB:08:C6:05:8E:00:B5:0F:1D:21:22:07:03:50:03:B2:30:04:00:18:8B
05.03.2026_10:00:24.225,AA:55:02:82:00:00:00:00:00:9C:0F:19:18:00:00:00:05:00:4C:31:04:00:18:FC
05.03.2026_10:00:24.250,AA:55:03:82:00:00:00:00:00:A2:0F:19:18:00:00:00:02:00:28:32:05:00:18:DD
05.03.2026_10:00:24.275,AA:55:10:8B:0B:F9:08:08:09:F6:08:9D:00:02:01:30:00:00:05:7A:03:00:33:2B
05.03.2026_10:00:24.300,AA:55:01:AB:08:C6:05:94:00:B6:0F:1D:21:21:09:03:75:03:B2:30:04:00:18:B8
05.03.2026_10:00:24.325,AA:55:02:82:00:00:00:00:00:9C:0F:19:18:02:00:00:05:00:4C:31:04:00:18:FE
05.03.2026_10:00:24.350,AA:55:03:82:00:00:00:00:00:A3:0F:19:18:00:00:00:00:00:28:32:05:00:18:DC
05.03.2026_10:00:24.375,AA:55:10:8B:0B:01:09:06:09:F3:08:A3:00:02:01:31:00:00:05:9D:03:00:33:59
05.03.2026_10:00:24.400,AA:55:01:AB:08:C6:05:90:00:B6:0F:1D:21:23:02:03:60:03:B3:30:04:00:18:9B
05.03.2026_10:00:24.425,AA:55:02:82:00:00:00:00:00:A2:0F:19:18:01:00:00:05:00:4C:31:04:00:18:03
05.03.2026_10:00:24.450,AA:55:03:82:00:00:00:00:00:9F:0F:19:18:00:00:00:02:00:28:32:05:00:18:DA
05.03.2026_10:00:24.475,AA:55:10:8B:0B:F9:08:0D:09:F2:08:A1:00:02:01:30:00:00:05:89:03:00:33:3F
05.03.2026_10:00:24.500,AA:55:01:AB:08:C9:05:92:00:B9:0F:1D:21:23:06:03:6B:03:B3:30:04:00:18:B2
05.03.2026_10:00:24.525,AA:55:02:82:00:00:00:00:00:A3:0F:19:18:00:00:00:00:00:4C:31:04:00:18:FE
05.03.2026_10:00:24.550,AA:55:03:82:00:00:00:00:00:A4:0F:19:18:00:00:00:00:00:28:32:05:00:18:DD
05.03.2026_10:00:24.575,AA:55:10:8B:0B:F8:08:08:09:F8:08:A2:00:03:01:31:00:00:05:8E:03:00:33:47
05.03.2026_10:00:24.600,AA:55:01:AB:08:C5:05:90:00:B9:0F:1D:21:21:10:03:62:03:B3:30:04:00:18:AB
05.03.2026_10:00:24.625,AA:55:02:82:00:00:00:00:00:A2:0F:19:18:01:00:00:00:00:4C:31:04:00:18:FE
05.03.2026_10:00:24.650,AA:55:03:82:00:00:00:00:00:9F:0F:19:18:01:00:00:00:00:28:32:05:00:18:D9
05.03.2026_10:00:24.675,AA:55:10:8B:0B:FA:08:0C:09:F4:08:9F:00:03:01:31:00:00:05:85:03:00:33:3D
05.03.2026_10:00:24.700,AA:55:01:AB:08:C9:05:8E:00:B7:0F:1E:22:25:FD:02:53:03:B4:30:04:00:18:8F
05.03.2026_10:00:24.725,AA:55:02:82:00:00:00:00:00:A4:0F:19:18:00:00:00:02:00:4C:31:04:00:18:01
05.03.2026_10:00:24.750,AA:55:03:82:00:00:00:00:00:9D:0F:19:18:01:00:00:01:00:28:32:05:00:18:D8
05.03.2026_10:00:24.775,AA:55:10:8B:0B:FF:08:09:09:F7:08:98:00:04:01:31:00:00:05:78:03:00:33:2F
05.03.2026_10:00:24.800,AA:55:01:AB:08:C8:05:92:00:B9:0F:1E:21:26:05:03:6C:03:B4:30:04:00:18:B6
05.03.2026_10:00:24.825,AA:55:02:82:00:00:00:00:00:A3:0F:19:18:00:00:00:02:00:4C:31:04:00:18:00
05.03.2026_10:00:24.850,AA:55:03:82:00:00:00:00:00:9F:0F:19:18:02:00:00:00:00:28:32:05:00:18:DA
05.03.2026_10:00:24.875,AA:55:10:8B:0B:FD:08:07:09:F5:08:9B:00:03:01:31:00:00:05:91:03:00:33:44
05.03.2026_10:00:24.900,AA:55:01:AB:08:C6:05:8D:00:B7:0F:1E:22:26:02:03:4C:03:B4:30:04:00:18:8B
05.03.2026_10:00:24.925,AA:55:02:82:00:00:00:00:00:9D:0F:19:18:01:00:00:04:00:4C:31:04:00:18:FD
05.03.2026_10:00:24.950,AA:55:03:82:00:00:00:00:00:9F:0F:19:18:01:00:00:01:00:28:32:05:00:18:DA
05.03.2026_10:00:24.975,AA:55:10:8B:0B:FC:08:0C:09:F4:08:9D:00:04:01:30:00:00:05:74:03:00:33:2C
05.03.2026_10:00:25.000,AA:55:01:AB:08:C9:05:90:00:B9:0F:1E:21:23:19:03:5D:03:B5:30:04:00:18:B8
05.03.2026_10:00:25.025,AA:55:02:82:00:00:00:00:00:A3:0F:19:18:00:00:00:00:00:4C:31:04:00:18:FE
05.03.2026_10:00:25.050,AA:55:03:82:00:00:00:00:00:9E:0F:19:18:00:00:00:02:00:28:32:05:00:18:D9
05.03.2026_10:00:25.075,AA:55:10:8B:0B:00:09:0C:09:FA:08:9B:00:04:01:30:00:00:05:83:03:00:34:45
05.03.2026_10:00:25.100,AA:55:01:AB:08:CB:05:92:00:B3:0F:1E:22:24:14:03:6C:03:B5:30:04:00:18:C2
05.03.2026_10:00:25.125,AA:55:02:82:00:00:00:00:00:9F:0F:19:18:01:00:00:00:00:4C:31:04:00:18:FB
05.03.2026_10:00:25.150,AA:55:03:82:00:00:00:00:00:9C:0F:19:18:00:00:00:00:00:28:32:05:00:18:D5
05.03.2026_10:00:25.175,AA:55:10:8B:0B:FA:08:0E:09:F3:08:9B:00:04:01:30:00:00:05:8F:03:00:34:45
05.03.2026_10:00:25.200,AA:55:01:AB:08:C5:05:8D:00:B9:0F:1E:22:22:02:03:4D:03:B5:30:04:00:18:8A
05.03.2026_10:00:25.225,AA:55:02:82:00:00:00:00:00:A1:0F:19:18:00:00:00:00:00:4C:31:04:00:18:FC
05.03.2026_10:00:25.250,AA:55:03:82:00:00:00:00:00:9F:0F:19:18:02:00:00:01:00:28:32:05:00:18:DB
05.03.2026_10:00:25.275,AA:55:10:8B:0B:FF:08:0C:09:F3:08:96:00:04:01:31:00:00:05:71:03:00:34:26
05.03.2026_10:00:25.300,AA:55:01:AB:08:CB:05:91:00:B2:0F:1E:22:25:01:03:64:03:B6:30:04:00:18:A7
05.03.2026_10:00:25.325,AA:55:02:82:00:00:00:00:00:9D:0F:19:18:00:00:00:00:00:4C:31:04:00:18:F8
05.03.2026_10:00:25.350,AA:55:03:82:00:00:00:00:00:A2:0F:19:18:02:00:00:00:00:28:32:05:00:18:DD
05.03.2026_10:00:25.375,AA:55:10:8B:0B:00:09:08:09:F2:08:9A:00:05:01:30:00:00:05:87:03:00:34:3D
05.03.2026_10:00:25.400,AA:55:01:AB:08:CA:05:92:00:B7:0F:1E:22:25:05:03:68:03:B6:30:04:00:18:B4
05.03.2026_10:00:25.425,AA:55:02:82:00:00:00:00:00:9D:0F:19:18:00:00:00:00:00:4C:31:04:00:18:F8
05.03.2026_10:00:25.450,AA:55:03:82:00:00:00:00:00:9F:0F:19:18:00:00:00:00:00:28:32:05:00:18:D8
05.03.2026_10:00:25.475,AA:55:10:8B:0B:FB:08:0B:09:F9:08:9C:00:05:01:30:00:00:05:8B:03:00:34:47
05.03.2026_10:00:25.500,AA:55:01:AB:08:CA:05:93:00:B5:0F:1F:22:22:08:03:73:03:B7:30:04:00:18:C0
05.03.2026_10:00:25.525,AA:55:02:82:00:00:00:00:00:A2:0F:19:18:02:00:00:00:00:4C:31:04:00:18:FF
05.03.2026_10:00:25.550,AA:55:03:82:00:00:00:00:00:A3:0F:19:18:00:00:00:00:00:28:32:05:00:18:DC
05.03.2026_10:00:25.575,AA:55:10:8B:0B:FE:08:07:09:F7:08:A1:00:05:01:31:00:00:05:96:03:00:34:55
05.03.2026_10:00:25.600,AA:55:01:AB:08:C9:05:93:00:B5:0F:1E:22:23:04:03:6E:03:B7:30:04:00:18:B6
05.03.2026_10:00:25.625,AA:55:02:82:00:00:00:00:00:A2:0F:19:18:01:00:00:04:00:4C:31:04:00:18:02
05.03.2026_10:00:25.650,AA:55:03:82:00:00:00:00:00:A2:0F:19:18:00:00:00:02:00:28:32:05:00:18:DD
05.03.2026_10:00:25.675,AA:55:10:8B:0B:FD:08:09:09:F6:08:9F:00:05:01:30:00:00:05:97:03:00:34:53
05.03.2026_10:00:25.700,AA:55:01:AB:08:C5:05:90:00:B4:0F:1F:22:25:FE:02:5D:03:B7:30:04:00:18:99
05.03.2026_10:00:25.725,AA:55:02:82:00:00:00:00:00:A3:0F:19:18:00:00:00:00:00:4C:31:04:00:18:FE
05.03.2026_10:00:25.750,AA:55:03:82:00:00:00:00:00:A4:0F:19:18:02:00:00:00:00:28:32:05:00:18:DF
05.03.2026_10:00:25.775,AA:55:10:8B:0B:01:09:07:09:F2:08:98:00:06:01:30:00:00:05:80:03:00:34:35
05.03.2026_10:00:25.800,AA:55:01:AB:08:C8:05:94:00:B7:0F:1E:22:24:15:03:76:03:B8:30:04:00:18:D3
05.03.2026_10:00:25.825,AA:55:02:82:00:00:00:00:00:A1:0F:19:18:01:00:00:01:00:4C:31:04:00:18:FE
05.03.2026_10:00:25.850,AA:55:03:82:00:00:00:00:00:9C:0F:19:18:01:00:00:00:00:28:32:05:00:18:D6
05.03.2026_10:00:25.875,AA:55:10:8B:0B:FE:08:0E:09:F2:08:A0:00:06:01:31:00:00:05:9A:03:00:34:5B
05.03.2026_10:00:25.900,AA:55:01:AB:08:C5:05:91:00:BA:0F:1E:22:22:08:03:67:03:B8:30:04:00:18:B2
05.03.2026_10:00:25.925,AA:55:02:82:00:00:00:00:00:A3:0F:19:18:00:00:00:00:00:4C:31:04:00:18:FE
05.03.2026_10:00:25.950,AA:55:03:82:00:00:00:00:00:9D:0F:19:18:01:00:00:00:00:28:32:05:00:18:D7
05.03.2026_10:00:25.975,AA:55:10:8B:0B:F9:08:0C:09:F1:08:9D:00:07:01:30:00:00:05:8A:03:00:34:40
05.03.2026_10:00:26.000,AA:55:01:AB:08:CA:05:8F:00:B2:0F:1F:22:24:EA:02:56:03:B8:30:04:00:18:80
05.03.2026_10:00:26.025,AA:55:02:82:00:00:00:00:00:A2:0F:19:18:00:00:00:00:00:4C:31:04:00:18:FD
05.03.2026_10:00:26.050,AA:55:03:82:00:00:00:00:00:9F:0F:19:18:00:00:00:01:00:28:32:05:00:18:D9
05.03.2026_10:00:26.075,AA:55:10:8B:0B:F9:08:0E:09:F3:08:9C:00:07:01:30:00:00:05:7B:03:00:35:35
05.03.2026_10:00:26.100,AA:55:01:AB:08:C6:05:89:00:B7:0F:1F:22:20:CC:02:33:03:B9:30:04:00:18:37
05.03.2026_10:00:26.125,AA:55:02:82:00:00:00:00:00:A2:0F:19:18:00:00:00:05:00:4C:31:04:00:18:02
05.03.2026_10:00:26.150,AA:55:03:82:00:00:00:00:00:9D:0F:19:18:01:00:00:00:00:28:32:05:00:18:D7
05.03.2026_10:00:26.175,AA:55:10:8B:0B:FF:08:09:09:F7:08:94:00:07:01:30:00:00:05:5B:03:00:35:12
05.03.2026_10:00:26.200,AA:55:01:AB:08:C6:05:80:00:B0:0F:1F:22:23:AE:02:FD:02:B9:30:04:00:18:D5
05.03.2026_10:00:26.225,AA:55:02:82:00:00:00:00:00:9E:0F:19:18:02:00:00:04:00:4C:31:04:00:18:FF
05.03.2026_10:00:26.250,AA:55:03:82:00:00:00:00:00:9D:0F:19:18:02:00:00:00:00:28:32:05:00:18:D8
05.03.2026_10:00:26.275,AA:55:10:8B:0B:00:09:0B:09:F2:08:8F:00:07:01:31:00:00:05:24:03:00:35:D6
05.03.2026_10:00:26.300,AA:55:01:AB:08:C8:05:80:00:B2:0F:1F:22:22:90:02:FE:02:B9:30:04:00:18:BB
05.03.2026_10:00:26.325,AA:55:02:82:00:00:00:00:00:9C:0F:19:18:01:00:00:01:00:4C:31:04:00:18:F9
05.03.2026_10:00:26.350,AA:55:03:82:00:00:00:00:00:9F:0F:19:18:00:00:00:01:00:28:32:05:00:18:D9
05.03.2026_10:00:26.375,AA:55:10:8B:0B:00:09:07:09:FA:08:90:00:07:01:30:00:00:05:23:03:00:35:D9
05.03.2026_10:00:26.400,AA:55:01:AB:08:C7:05:76:00:B5:0F:1F:22:20:72:02:C4:02:BA:30:04:00:18:5A
05.03.2026_10:00:26.425,AA:55:02:82:00:00:00:00:00:9D:0F:19:18:00:00:00:00:00:4C:31:04:00:18:F8
05.03.2026_10:00:26.450,AA:55:03:82:00:00:00:00:00:9F:0F:19:18:01:00:00:00:00:28:32:05:00:18:D9
05.03.2026_10:00:26.475,AA:55:10:8B:0B:FF:08:0D:09:F7:08:83:00:08:01:30:00:00:05:E7:02:00:35:91
05.03.2026_10:00:26.500,AA:55:01:AB:08:C7:05:73:00:B3:0F:1F:22:21:54:02:B2:02:BA:30:04:00:18:26
05.03.2026_10:00:26.525,AA:55:02:82:00:00:00:00:00:A0:0F:19:18:00:00:00:00:00:4C:31:04:00:18:FB
05.03.2026_10:00:26.550,AA:55:03:82:00:00:00:00:00:9E:0F:19:18:00:00:00:02:00:28:32:05:00:18:D9
05.03.2026_10:00:26.575,AA:55:10:8B:0B:F8:08:0A:09:F6:08:83:00:07:01:30:00:00:05:D7:02:00:35:75
05.03.2026_10:00:26.600,AA:55:01:AB:08:C8:05:71:00:B2:0F:1F:22:23:36:02:A2:02:BB:30:04:00:18:F9
05.03.2026_10:00:26.625,AA:55:02:82:00:00:00:00:00:A3:0F:19:18:00:00:00:00:00:4C:31:04:00:18:FE
05.03.2026_10:00:26.650,AA:55:03:82:00:00:00:00:00:A3:0F:19:18:00:00:00:02:00:28:32:05:00:18:DE
05.03.2026_10:00:26.675,AA:55:10:8B:0B:F7:08:10:09:F7:08:7D:00:08:01:30:00:00:05:C7:02:00:35:66
05.03.2026_10:00:26.700,AA:55:01:AB:08:C6:05:6A:00:B0:0F:1F:22:23:1E:02:78:02:BB:30:04:00:18:AC
05.03.2026_10:00:26.725,AA:55:02:82:00:00:00:00:00:A2:0F:19:18:00:00:00:00:00:4C:31:04:00:18:FD
05.03.2026_10:00:26.750,AA:55:03:82:00:00:00:00:00:9E:0F:19:18:01:00:00:02:00:28:32:05:00:18:DA
05.03.2026_10:00:26.775,AA:55:10:8B:0B:FF:08:0F:09:F7:08:79:00:08:01:30:00:00:05:9D:02:00:35:3F
05.03.2026_10:00:26.800,AA:55:01:AB:08:C6:05:68:00:AD:0F:1F:23:23:1E:02:6C:02:BB:30:04:00:18:9C
05.03.2026_10:00:26.825,AA:55:02:82:00:00:00:00:00:A1:0F:19:18:02:00:00:01:00:4C:31:04:00:18:FF
05.03.2026_10:00:26.850,AA:55:03:82:00:00:00:00:00:A0:0F:19:18:02:00:00:01:00:28:32:05:00:18:DC
05.03.2026_10:00:26.875,AA:55:10:8B:0B:00:09:0F:09:F9:08:73:00:08:01:30:00:00:05:91:02:00:35:31
05.03.2026_10:00:26.900,AA:55:01:AB:08:C8:05:6E:00:B3:0F:20:23:21:20:02:94:02:BC:30:04:00:18:D4
05.03.2026_10:00:26.925,AA:55:02:82:00:00:00:00:00:9C:0F:19:18:00:00:00:00:00:4C:31:04:00:18:F7
05.03.2026_10:00:26.950,AA:55:03:82:00:00:00:00:00:A0:0F:19:18:01:00:00:00:00:28:32:05:00:18:DA
05.03.2026_10:00:26.975,AA:55:10:8B:0B:F8:08:09:09:F7:08:7D:00:09:01:30:00:00:05:B7:02:00:35:51
05.03.2026_10:00:27.000,AA:55:01:AB:08:C5:05:6C:00:B4:0F:20:22:21:27:02:89:02:BC:30:04:00:18:CB
05.03.2026_10:00:27.025,AA:55:02:82:00:00:00:00:00:9D:0F:19:18:00:00:00:00:00:4C:31:04:00:18:F8
05.03.2026_10:00:27.050,AA:55:03:82:00:00:00:00:00:A3:0F:19:18:00:00:00:00:00:28:32:05:00:18:DC
05.03.2026_10:00:27.075,AA:55:10:8B:0B:F9:08:09:09:F2:08:78:00:09:01:30:00:00:05:AC:02:00:36:3E
05.03.2026_10:00:27.100,AA:55:01:AB:08:CA:05:6D:00:B3:0F:20:23:23:23:02:8D:02:BC:30:04:00:18:D3
05.03.2026_10:00:27.125,AA:55:02:82:00:00:00:00:00:9F:0F:19:18:00:00:00:00:00:4C:31:04:00:18:FA
05.03.2026_10:00:27.150,AA:55:03:82:00:00:00:00:00:A0:0F:19:18:00:00:00:00:00:28:32:05:00:18:D9
05.03.2026_10:00:27.175,AA:55:10:8B:0B:FD:08:08:09:F7:08:7B:00:09:01:30:00:00:05:B0:02:00:36:4D
05.03.2026_10:00:27.200,AA:55:01:AB:08:C9:05:67:00:B0:0F:20:22:24:1C:02:68:02:BD:30:04:00:18:9E
05.03.2026_10:00:27.225,AA:55:02:82:00:00:00:00:00:A0:0F:19:18:02:00:00:00:00:4C:31:04:00:18:FD
05.03.2026_10:00:27.250,AA:55:03:82:00:00:00:00:00:9D:0F:19:18:02:00:00:02:00:28:32:05:00:18:DA
05.03.2026_10:00:27.275,AA:55:10:8B:0B:FB:08:07:09:F9:08:72:00:0A:01:30:00:00:05:8D:02:00:36:21
05.03.2026_10:00:27.300,AA:55:01:AB:08:C6:05:6C:00:AD:0F:20:23:23:27:02:85:02:BD:30:04:00:18:C5
05.03.2026_10:00:27.325,AA:55:02:82:00:00:00:00:00:9D:0F:19:18:02:00:00:05:00:4C:31:04:00:18:FF
05.03.2026_10:00:27.350,AA:55:03:82:00:00:00:00:00:A2:0F:19:18:00:00:00:02:00:28:32:05:00:18:DD
05.03.2026_10:00:27.375,AA:55:10:8B:0B:F7:08:09:09:F7:08:7D:00:09:01:30:00:00:05:AE:02:00:36:48
05.03.2026_10:00:27.400,AA:55:01:AB:08:C6:05:6A:00:AE:0F:20:23:20:27:02:7B:02:BD:30:04:00:18:B7
05.03.2026_10:00:27.425,AA:55:02:82:00:00:00:00:00:A1:0F:19:18:03:00:00:02:00:4C:31:04:00:18:01
05.03.2026_10:00:27.450,AA:55:03:82:00:00:00:00:00:9C:0F:19:18:01:00:00:00:00:28:32:05:00:18:D6
05.03.2026_10:00:27.475,AA:55:10:8B:0B:FC:08:0E:09:F3:08:79:00:0A:01:30:00:00:05:9F:02:00:36:3C
05.03.2026_10:00:27.500,AA:55:01:AB:08:C6:05:6D:00:B1:0F:20:23:22:1E:02:8D:02:BE:30:04:00:18:C9
05.03.2026_10:00:27.525,AA:55:02:82:00:00:00:00:00:A2:0F:19:18:03:00:00:00:00:4C:31:04:00:18:00
05.03.2026_10:00:27.550,AA:55:03:82:00:00:00:00:00:9C:0F:19:18:02:00:00:02:00:28:32:05:00:18:D9
05.03.2026_10:00:27.575,AA:55:10:8B:0B:FA:08:0D:09:F2:08:77:00:0A:01:30:00:00:05:B2:02:00:36:49
05.03.2026_10:00:27.600,AA:55:01:AB:08:C9:05:70:00:B5:0F:20:23:20:2F:02:9D:02:BE:30:04:00:18:F2
05.03.2026_10:00:27.625,AA:55:02:82:00:00:00:00:00:9F:0F:19:18:00:00:00:00:00:4C:31:04:00:18:FA
05.03.2026_10:00:27.650,AA:55:03:82:00:00:00:00:00:9F:0F:19:18:00:00:00:00:00:28:32:05:00:18:D8
05.03.2026_10:00:27.675,AA:55:10:8B:0B:FA:08:08:09:F3:08:7C:00:0B:01:30:00:00:05:C0:02:00:36:59
05.03.2026_10:00:27.700,AA:55:01:AB:08:C9:05:6D:00:AE:0F:20:23:1E:1C:02:8C:02:BE:30:04:00:18:C2
05.03.2026_10:00:27.725,AA:55:02:82:00:00:00:00:00:9D:0F:19:18:00:00:00:05:00:4C:31:04:00:18:FD
05.03.2026_10:00:27.750,AA:55:03:82:00:00:00:00:00:A3:0F:19:18:00:00:00:00:00:28:32:05:00:18:DC
05.03.2026_10:00:27.775,AA:55:10:8B:0B:FB:08:07:09:F8:08:7B:00:0B:01:30:00:00:05:B5:02:00:36:52
05.03.2026_10:00:27.800,AA:55:01:AB:08:C9:05:6B:00:B1:0F:20:23:20:22:02:80:02:BF:30:04:00:18:C0
05.03.2026_10:00:27.825,AA:55:02:82:00:00:00:00:00:A4:0F:19:18:01:00:00:01:00:4C:31:04:00:18:01
05.03.2026_10:00:27.850,AA:55:03:82:00:00:00:00:00:A3:0F:19:18:00:00:00:00:00:28:32:05:00:18:DC
05.03.2026_10:00:27.875,AA:55:10:8B:0B:F9:08:09:09:F8:08:75:00:0C:01:2F:00:00:05:A4:02:00:36:3B
05.03.2026_10:00:27.900,AA:55:01:AB:08:C6:05:6D:00:AF:0F:21:23:1E:30:02:89:02:BF:30:04:00:18:D3
05.03.2026_10:00:27.925,AA:55:02:82:00:00:00:00:00:9F:0F:19:18:00:00:00:00:00:4C:31:04:00:18:FA
05.03.2026_10:00:27.950,AA:55:03:82:00:00:00:00:00:A0:0F:19:18:01:00:00:00:00:28:32:05:00:18:DA
05.03.2026_10:00:27.975,AA:55:10:8B:0B:FE:08:0A:09:F5:08:78:00:0C:01:2F:00:00:05:AC:02:00:36:49
05.03.2026_10:00:28.000,AA:55:01:AB:08:C7:05:69:00:AD:0F:20:23:22:27:02:75:02:C0:30:04:00:19:B6
05.03.2026_10:00:28.025,AA:55:02:82:00:00:00:00:00:A0:0F:19:18:01:00:00:00:00:4C:31:04:00:18:FC
05.03.2026_10:00:28.050,AA:55:03:82:00:00:00:00:00:9E:0F:19:18:00:00:00:00:00:28:32:05:00:18:D7
05.03.2026_10:00:28.075,AA:55:10:8B:0B:FC:08:0F:09:F4:08:78:00:0D:01:30:00:00:05:98:02:00:37:3A
05.03.2026_10:00:28.100,AA:55:01:AB:08:CA:05:6D:00:B2:0F:20:23:1F:20:02:8A:02:C0:30:04:00:18:CC
05.03.2026_10:00:28.125,AA:55:02:82:00:00:00:00:00:9E:0F:19:18:00:00:00:00:00:4C:31:04:00:18:F9
05.03.2026_10:00:28.150,AA:55:03:82:00:00:00:00:00:A2:0F:19:18:00:00:00:00:00:28:32:05:00:18:DB
05.03.2026_10:00:28.175,AA:55:10:8B:0B:F7:08:07:09:F6:08:76:00:0D:01:2F:00:00:05:AD:02:00:37:41
05.03.2026_10:00:28.200,AA:55:01:AB:08:C9:05:6C:00:AE:0F:20:23:22:1C:02:84:02:C0:30:04:00:18:BF
05.03.2026_10:00:28.225,AA:55:02:82:00:00:00:00:00:9F:0F:19:18:01:00:00:05:00:4C:31:04:00:18:00
05.03.2026_10:00:28.250,AA:55:03:82:00:00:00:00:00:A1:0F:19:18:00:00:00:00:00:28:32:05:00:18:DA
05.03.2026_10:00:28.275,AA:55:10:8B:0B:FA:08:08:09:F6:08:78:00:0D:01:30:00:00:05:AD:02:00:37:48
05.03.2026_10:00:28.300,AA:55:01:AB:08:CA:05:6A:00:AF:0F:21:23:21:24:02:7C:02:C1:30:04:00:18:C0
05.03.2026_10:00:28.325,AA:55:02:82:00:00:00:00:00:9E:0F:19:18:00:00:00:00:00:4C:31:04:00:18:F9
05.03.2026_10:00:28.350,AA:55:03:82:00:00:00:00:00:A0:0F:19:18:00:00:00:00:00:28:32:05:00:18:D9
05.03.2026_10:00:28.375,AA:55:10:8B:0B:FE:08:07:09:FA:08:78:00:0D:01:30:00:00:05:9F:02:00:37:41
05.03.2026_10:00:28.400,AA:55:01:AB:08:CA:05:6B:00:AE:0F:21:23:1F:29:02:7E:02:C1:30:04:00:18:C5
05.03.2026_10:00:28.425,AA:55:02:82:00:00:00:00:00:A0:0F:19:18:00:00:00:01:00:4C:31:04:00:18:FC
05.03.2026_10:00:28.450,AA:55:03:82:00:00:00:00:00:A1:0F:19:18:00:00:00:00:00:28:32:05:00:18:DA
05.03.2026_10:00:28.475,AA:55:10:8B:0B:FC:08:10:09:F9:08:79:00:0E:01:2F:00:00:05:A1:02:00:37:4A
05.03.2026_10:00:28.500,AA:55:01:AB:08:C6:05:6B:00:AD:0F:21:23:21:21:02:7F:02:C1:30:04:00:18:BB
05.03.2026_10:00:28.525,AA:55:02:82:00:00:00:00:00:A1:0F:19:18:00:00:00:05:00:4C:31:04:00:18:01
05.03.2026_10:00:28.550,AA:55:03:82:00:00:00:00:00:9D:0F:19:18:00:00:00:00:00:28:32:05:00:18:D6
05.03.2026_10:00:28.575,AA:55:10:8B:0B:FD:08:07:09:F2:08:7B:00:0E:01:2F:00:00:05:A7:02:00:37:43
05.03.2026_10:00:28.600,AA:55:01:AB:08:C8:05:69:00:B1:0F:21:23:20:24:02:75:02:C2:30:04:00:18:B8
05.03.2026_10:00:28.625,AA:55:02:82:00:00:00:00:00:A3:0F:19:18:00:00:00:02:00:4C:31:04:00:18:00
05.03.2026_10:00:28.650,AA:55:03:82:00:00:00:00:00:A0:0F:19:18:01:00:00:02:00:28:32:05:00:18:DC
05.03.2026_10:00:28.675,AA:55:10:8B:0B:FD:08:0E:09:F1:08:75:00:0F:01:2F:00:00:05:9D:02:00:37:3A
05.03.2026_10:00:28.700,AA:55:01:AB:08:C8:05:69:00:B1:0F:21:24:22:24:02:71:02:C2:30:04:00:18:B7
05.03.2026_10:00:28.725,AA:55:02:82:00:00:00:00:00:A2:0F:19:18:00:00:00:05:00:4C:31:04:00:18:02
05.03.2026_10:00:28.750,AA:55:03:82:00:00:00:00:00:9D:0F:19:18:00:00:00:01:00:28:32:05:00:18:D7
05.03.2026_10:00:28.775,AA:55:10:8B:0B:FB:08:0A:09:F7:08:74:00:0F:01:2F:00:00:05:9A:02:00:37:36
05.03.2026_10:00:28.800,AA:55:01:AB:08:C6:05:71:00:B2:0F:21:24:1F:30:02:A3:02:C2:30:04:00:18:F9
05.03.2026_10:00:28.825,AA:55:02:82:00:00:00:00:00:9D:0F:19:18:02:00:00:00:00:4C:31:04:00:18:FA
05.03.2026_10:00:28.850,AA:55:03:82:00:00:00:00:00:A1:0F:19:18:01:00:00:00:00:28:32:05:00:18:DB
05.03.2026_10:00:28.875,AA:55:10:8B:0B:00:09:0E:09:F5:08:7A:00:0F:01:2F:00:00:05:C6:02:00:37:70
05.03.2026_10:00:28.900,AA:55:01:AB:08:C7:05:6E:00:AE:0F:22:23:1F:35:02:95:02:C3:30:04:00:19:EC
05.03.2026_10:00:28.925,AA:55:02:82:00:00:00:00:00:A0:0F:19:18:00:00:00:05:00:4C:31:04:00:18:00
05.03.2026_10:00:28.950,AA:55:03:82:00:00:00:00:00:A2:0F:19:18:00:00:00:01:00:28:32:05:00:18:DC
05.03.2026_10:00:28.975,AA:55:10:8B:0B:00:09:0D:09:F2:08:7D:00:0F:01:2F:00:00:05:BD:02:00:37:66
05.03.2026_10:00:29.000,AA:55:01:AB:08:C7:05:6E:00:AE:0F:21:23:20:24:02:90:02:C3:30:04:00:18:D5
05.03.2026_10:00:29.025,AA:55:02:82:00:00:00:00:00:A3:0F:19:18:00:00:00:02:00:4C:31:04:00:18:00
05.03.2026_10:00:29.050,AA:55:03:82:00:00:00:00:00:A0:0F:19:18:00:00:00:02:00:28:32:05:00:18:DB
05.03.2026_10:00:29.075,AA:55:10:8B:0B:F7:08:0C:09:F9:08:78:00:0F:01:30:00:00:05:B6:02:00:38:58
05.03.2026_10:00:29.100,AA:55:01:AB:08:CB:05:6D:00:AF:0F:22:23:1F:2B:02:8B:02:C4:30:04:00:18:DC
05.03.2026_10:00:29.125,AA:55:02:82:00:00:00:00:00:9E:0F:19:18:00:00:00:00:00:4C:31:04:00:18:F9
05.03.2026_10:00:29.150,AA:55:03:82:00:00:00:00:00:9F:0F:19:18:02:00:00:00:00:28:32:05:00:18:DA
05.03.2026_10:00:29.175,AA:55:10:8B:0B:FB:08:0C:09:F2:08:79:00:0F:01:30:00:00:05:AE:02:00:38:4E
05.03.2026_10:00:29.200,AA:55:01:AB:08:C7:05:6A:00:AE:0F:21:23:1E:2A:02:79:02:C4:30:04:00:18:BF
05.03.2026_10:00:29.225,AA:55:02:82:00:00:00:00:00:A0:0F:19:18:00:00:00:00:00:4C:31:04:00:18:FB
05.03.2026_10:00:29.250,AA:55:03:82:00:00:00:00:00:A0:0F:19:18:00:00:00:02:00:28:32:05:00:18:DB
05.03.2026_10:00:29.275,AA:55:10:8B:0B:F8:08:0B:09:FB:08:73:00:10:01:30:00:00:05:9E:02:00:38:3E
05.03.2026_10:00:29.300,AA:55:01:AB:08:C6:05:6B:00:B4:0F:22:24:21:21:02:81:02:C4:30:04:00:19:CA
05.03.2026_10:00:29.325,AA:55:02:82:00:00:00:00:00:9E:0F:19:18:00:00:00:00:00:4C:31:04:00:18:F9
05.03.2026_10:00:29.350,AA:55:03:82:00:00:00:00:00:A0:0F:19:18:00:00:00:00:00:28:32:05:00:18:D9
05.03.2026_10:00:29.375,AA:55:10:8B:0B:FA:08:0C:09:FA:08:78:00:10:01:2E:00:00:05:A4:02:00:38:49
05.03.2026_10:00:29.400,AA:55:01:AB:08:C5:05:6B:00:AF:0F:22:24:20:2C:02:7E:02:C5:30:04:00:18:CB
05.03.2026_10:00:29.425,AA:55:02:82:00:00:00:00:00:A1:0F:19:18:00:00:00:00:00:4C:31:04:00:18:FC
05.03.2026_10:00:29.450,AA:55:03:82:00:00:00:00:00:A4:0F:19:18:00:00:00:02:00:28:32:05:00:18:DF
05.03.2026_10:00:29.475,AA:55:10:8B:0B:F7:08:0C:09:F6:08:73:00:10:01:2F:00:00:05:A3:02:00:38:3D
05.03.2026_10:00:29.500,AA:55:01:AB:08:C8:05:6A:00:AD:0F:22:24:22:2D:02:79:02:C5:30:04:00:18:C9
05.03.2026_10:00:29.525,AA:55:02:82:00:00:00:00:00:A4:0F:19:18:02:00:00:05:00:4C:31:04:00:18:06
05.03.2026_10:00:29.550,AA:55:03:82:00:00:00:00:00:9E:0F:19:18:01:00:00:00:00:28:32:05:00:18:D8
05.03.2026_10:00:29.575,AA:55:10:8B:0B:F8:08:08:09:F7:08:78:00:11:01:2E:00:00:05:A1:02:00:38:3E
05.03.2026_10:00:29.600,AA:55:01:AB:08:C6:05:6E:00:B3:0F:22:24:1F:1D:02:92:02:C5:30:04:00:18:D7
05.03.2026_10:00:29.625,AA:55:02:82:00:00:00:00:00:A0:0F:19:18:00:00:00:05:00:4C:31:04:00:18:00
05.03.2026_10:00:29.650,AA:55:03:82:00:00:00:00:00:A2:0F:19:18:00:00:00:01:00:28:32:05:00:18:DC
05.03.2026_10:00:29.675,AA:55:10:8B:0B:FB:08:07:09:F7:08:7E:00:10:01:2F:00:00:05:BB:02:00:38:60
05.03.2026_10:00:29.700,AA:55:01:AB:08:C9:05:6C:00:B4:0F:22:24:22:19:02:89:02:C6:30:04:00:19:D1
05.03.2026_10:00:29.725,AA:55:02:82:00:00:00:00:00:A2:0F:19:18:02:00:00:00:00:4C:31:04:00:18:FF
05.03.2026_10:00:29.750,AA:55:03:82:00:00:00:00:00:9F:0F:19:18:00:00:00:00:00:28:32:05:00:18:D8
05.03.2026_10:00:29.775,AA:55:10:8B:0B:FA:08:09:09:F7:08:75:00:11:01:2F:00:00:05:AC:02:00:38:4A
05.03.2026_10:00:29.800,AA:55:01:AB:08:C7:05:6C:00:B4:0F:22:24:1F:34:02:86:02:C6:30:04:00:18:E3
05.03.2026_10:00:29.825,AA:55:02:82:00:00:00:00:00:9E:0F:19:18:01:00:00:00:00:4C:31:04:00:18:FA
05.03.2026_10:00:29.850,AA:55:03:82:00:00:00:00:00:A1:0F:19:18:00:00:00:00:00:28:32:05:00:18:DA
05.03.2026_10:00:29.875,AA:55:10:8B:0B:FA:08:09:09:F2:08:74:00:11:01:2E:00:00:05:A9:02:00:38:40
05.03.2026_10:00:29.900,AA:55:01:AB:08:CB:05:6E:00:AF:0F:22:24:23:30:02:8F:02:C6:30:04:00:19:EE
05.03.2026_10:00:29.925,AA:55:02:82:00:00:00:00:00:A0:0F:19:18:00:00:00:04:00:4C:31:04:00:18:FF
05.03.2026_10:00:29.950,AA:55:03:82:00:00:00:00:00:9E:0F:19:18:00:00:00:00:00:28:32:05:00:18:D7
05.03.2026_10:00:29.975,AA:55:10:8B:0B:FE:08:0E:09:F2:08:7C:00:11:01:2E:00:00:05:B6:02:00:38:5E
05.03.2026_10:00:30.000,AA:55:01:AB:08:C5:05:6B:00:B3:0F:22:24:22:2C:02:7E:02:C7:30:04:00:18:D3
05.03.2026_10:00:30.025,AA:55:02:82:00:00:00:00:00:A0:0F:19:18:01:00:00:00:00:4C:31:04:00:18:FC
05.03.2026_10:00:30.050,AA:55:03:82:00:00:00:00:00:A0:0F:19:18:00:00:00:00:00:28:32:05:00:18:D9
05.03.2026_10:00:30.075,AA:55:10:8B:0B:00:09:0C:09:F8:08:78:00:11:01:2E:00:00:05:A1:02:00:39:4D
05.03.2026_10:00:30.100,AA:55:01:AB:08:C5:05:6C:00:B0:0F:23:24:22:32:02:88:02:C7:30:04:00:18:E2
05.03.2026_10:00:30.125,AA:55:02:82:00:00:00:00:00:A0:0F:19:18:02:00:00:04:00:4C:31:04:00:18:01
05.03.2026_10:00:30.150,AA:55:03:82:00:00:00:00:00:9F:0F:19:18:02:00:00:02:00:28:32:05:00:18:DC
05.03.2026_10:00:30.175,AA:55:10:8B:0B:FE:08:0B:09:F3:08:76:00:12:01:2F:00:00:05:B2:02:00:39:55
05.03.2026_10:00:30.200,AA:55:01:AB:08:C9:05:6F:00:AD:0F:23:24:1E:2F:02:99:02:C7:30:04:00:19:F1
05.03.2026_10:00:30.225,AA:55:02:82:00:00:00:00:00:A0:0F:19:18:00:00:00:03:00:4C:31:04:00:18:FE
05.03.2026_10:00:30.250,AA:55:03:82:00:00:00:00:00:9F:0F:19:18:00:00:00:00:00:28:32:05:00:18:D8
05.03.2026_10:00:30.275,AA:55:10:8B:0B:FA:08:0D:09:F3:08:7F:00:12:01:2E:00:00:05:BE:02:00:39:67
05.03.2026_10:00:30.300,AA:55:01:AB:08:C8:05:68:00:AC:0F:22:24:1E:1D:02:6C:02:C8:30:04:00:19:A9
05.03.2026_10:00:30.325,AA:55:02:82:00:00:00:00:00:A1:0F:19:18:01:00:00:03:00:4C:31:04:00:18:00
05.03.2026_10:00:30.350,AA:55:03:82:00:00:00:00:00:9E:0F:19:18:00:00:00:02:00:28:32:05:00:18:D9
05.03.2026_10:00:30.375,AA:55:10:8B:0B:FF:08:0B:09:F6:08:74:00:12:01:2E:00:00:05:94:02:00:39:38
05.03.2026_10:00:30.400,AA:55:01:AB:08:C5:05:6A:00:AE:0F:23:24:1F:18:02:7C:02:C8:30:04:00:19:B7
05.03.2026_10:00:30.425,AA:55:02:82:00:00:00:00:00:9E:0F:19:18:01:00:00:02:00:4C:31:04:00:18:FC
05.03.2026_10:00:30.450,AA:55:03:82:00:00:00:00:00:9F:0F:19:18:00:00:00:02:00:28:32:05:00:18:DA
05.03.2026_10:00:30.475,AA:55:10:8B:0B:FF:08:0F:09:F1:08:78:00:12:01:2F:00:00:05:A3:02:00:39:4B
05.03.2026_10:00:30.500,AA:55:01:AB:08:C7:05:69:00:B2:0F:23:24:20:20:02:71:02:C9:30:04:00:19:BB
05.03.2026_10:00:30.525,AA:55:02:82:00:00:00:00:00:A0:0F:19:18:00:00:00:00:00:4C:31:04:00:18:FB
05.03.2026_10:00:30.550,AA:55:03:82:00:00:00:00:00:A1:0F:19:18:00:00:00:00:00:28:32:05:00:18:DA
05.03.2026_10:00:30.575,AA:55:10:8B:0B:FC:08:0C:09:F5:08:73:00:13:01:2F:00:00:05:94:02:00:39:36
05.03.2026_10:00:30.600,AA:55:01:AB:08:C8:05:6B:00:B1:0F:23:24:21:18:02:80:02:C9:30:04:00:19:C5
05.03.2026_10:00:30.625,AA:55:02:82:00:00:00:00:00:A0:0F:19:18:00:00:00:00:00:4C:31:04:00:18:FB
05.03.2026_10:00:30.650,AA:55:03:82:00:00:00:00:00:9F:0F:19:18:00:00:00:00:00:28:32:05:00:18:D8
05.03.2026_10:00:30.675,AA:55:10:8B:0B:FD:08:10:09:F1:08:74:00:13:01:2F:00:00:05:A3:02:00:39:47
05.03.2026_10:00:30.700,AA:55:01:AB:08:C9:05:6A:00:AE:0F:23:24:22:24:02:7D:02:C9:30:04:00:18:CB
05.03.2026_10:00:30.725,AA:55:02:82:00:00:00:00:00:A1:0F:19:18:00:00:00:04:00:4C:31:04:00:18:00
05.03.2026_10:00:30.750,AA:55:03:82:00:00:00:00:00:A4:0F:19:18:01:00:00:00:00:28:32:05:00:18:DE
05.03.2026_10:00:30.775,AA:55:10:8B:0B:F8:08:0C:09:F9:08:79:00:13:01:2E:00:00:05:A4:02:00:39:4B
05.03.2026_10:00:30.800,AA:55:01:AB:08:C9:05:6A:00:AF:0F:23:25:24:1F:02:79:02:CA:30:04:00:18:C7
05.03.2026_10:00:30.825,AA:55:02:82:00:00:00:00:00:9D:0F:19:18:01:00:00:00:00:4C:31:04:00:18:F9
05.03.2026_10:00:30.850,AA:55:03:82:00:00:00:00:00:A3:0F:19:18:00:00:00:01:00:28:32:05:00:18:DD
05.03.2026_10:00:30.875,AA:55:10:8B:0B:F9:08:09:09:F6:08:7A:00:13:01:2F:00:00:05:9D:02:00:39:41
05.03.2026_10:00:30.900,AA:55:01:AB:08:C8:05:6B:00:B4:0F:23:24:25:1F:02:82:02:CA:30:04:00:19:D6
05.03.2026_10:00:30.925,AA:55:02:82:00:00:00:00:00:9F:0F:19:18:01:00:00:02:00:4C:31:04:00:18:FD
05.03.2026_10:00:30.950,AA:55:03:82:00:00:00:00:00:A1:0F:19:18:00:00:00:00:00:28:32:05:00:18:DA
05.03.2026_10:00:30.975,AA:55:10:8B:0B:F9:08:08:09:F3:08:78:00:13:01:2F:00:00:05:A7:02:00:39:45
05.03.2026_10:00:31.000,AA:55:01:AB:08:C9:05:71:00:B1:0F:23:24:25:32:02:A5:02:CA:30:04:00:18:0F
05.03.2026_10:00:31.025,AA:55:02:82:00:00:00:00:00:A1:0F:19:18:02:00:00:03:00:4C:31:04:00:18:01
05.03.2026_10:00:31.050,AA:55:03:82:00:00:00:00:00:9F:0F:19:18:01:00:00:00:00:28:32:05:00:18:D9
05.03.2026_10:00:31.075,AA:55:10:8B:0B:FE:08:06:09:FA:08:80:00:13:01:2F:00:00:05:CB:02:00:3A:7C
05.03.2026_10:00:31.100,AA:55:01:AB:08:C7:05:6C:00:B4:0F:23:25:25:26:02:86:02:CB:30:04:00:19:E3
05.03.2026_10:00:31.125,AA:55:02:82:00:00:00:00:00:A1:0F:19:18:01:00:00:00:00:4C:31:04:00:18:FD
05.03.2026_10:00:31.150,AA:55:03:82:00:00:00:00:00:9F:0F:19:18:01:00:00:00:00:28:32:05:00:18:D9
05.03.2026_10:00:31.175,AA:55:10:8B:0B:FF:08:0F:09:FA:08:7B:00:13:01:2E:00:00:05:A9:02:00:3A:5E
05.03.2026_10:00:31.200,AA:55:01:AB:08:C9:05:6E:00:AE:0F:24:25:26:31:02:92:02:CB:30:04:00:19:FA
05.03.2026_10:00:31.225,AA:55:02:82:00:00:00:00:00:A3:0F:19:18:01:00:00:01:00:4C:31:04:00:18:00
05.03.2026_10:00:31.250,AA:55:03:82:00:00:00:00:00:9E:0F:19:18:00:00:00:01:00:28:32:05:00:18:D8
05.03.2026_10:00:31.275,AA:55:10:8B:0B:FF:08:06:09:F4:08:7B:00:13:01:2E:00:00:05:B7:02:00:3A:5D
05.03.2026_10:00:31.300,AA:55:01:AB:08:C6:05:6E:00:AF:0F:23:25:27:20:02:91:02:CB:30:04:00:19:E6
05.03.2026_10:00:31.325,AA:55:02:82:00:00:00:00:00:9F:0F:19:18:00:00:00:03:00:4C:31:04:00:18:FD
05.03.2026_10:00:31.350,AA:55:03:82:00:00:00:00:00:A4:0F:19:18:02:00:00:02:00:28:32:05:00:18:E1
05.03.2026_10:00:31.375,AA:55:10:8B:0B:F9:08:09:09:F6:08:7B:00:14:01:2F:00:00:05:BA:02:00:3A:61
05.03.2026_10:00:31.400,AA:55:01:AB:08:C6:05:6D:00:B3:0F:23:25:26:28:02:8C:02:CC:30:04:00:19:EC
05.03.2026_10:00:31.425,AA:55:02:82:00:00:00:00:00:A0:0F:19:18:01:00:00:00:00:4C:31:04:00:18:FC
05.03.2026_10:00:31.450,AA:55:03:82:00:00:00:00:00:A0:0F:19:18:00:00:00:00:00:28:32:05:00:18:D9
05.03.2026_10:00:31.475,AA:55:10:8B:0B:FF:08:09:09:F2:08:77:00:14:01:2E:00:00:05:AF:02:00:3A:53
05.03.2026_10:00:31.500,AA:55:01:AB:08:C6:05:6B:00:AF:0F:23:25:24:18:02:81:02:CC:30:04:00:19:C9
05.03.2026_10:00:31.525,AA:55:02:82:00:00:00:00:00:9F:0F:19:18:00:00:00:00:00:4C:31:04:00:18:FA
05.03.2026_10:00:31.550,AA:55:03:82:00:00:00:00:00:9F:0F:19:18:00:00:00:02:00:28:32:05:00:18:DA
05.03.2026_10:00:31.575,AA:55:10:8B:0B:FA:08:0B:09:F7:08:75:00:14:01:2F:00:00:05:A6:02:00:3A:4B
05.03.2026_10:00:31.600,AA:55:01:AB:08:C8:05:6F:00:B4:0F:23:25:21:26:02:99:02:CD:30:04:00:18:F7
05.03.2026_10:00:31.625,AA:55:02:82:00:00:00:00:00:A3:0F:19:18:02:00:00:03:00:4C:31:04:00:18:03
05.03.2026_10:00:31.650,AA:55:03:82:00:00:00:00:00:A0:0F:19:18:01:00:00:00:00:28:32:05:00:18:DA
05.03.2026_10:00:31.675,AA:55:10:8B:0B:F8:08:0E:09:F6:08:7D:00:14:01:2E:00:00:05:C0:02:00:3A:6C
05.03.2026_10:00:31.700,AA:55:01:AB:08:C9:05:6F:00:AF:0F:24:25:20:2C:02:9A:02:CD:30:04:00:19:FB
05.03.2026_10:00:31.725,AA:55:02:82:00:00:00:00:00:9D:0F:19:18:00:00:00:00:00:4C:31:04:00:18:F8
05.03.2026_10:00:31.750,AA:55:03:82:00:00:00:00:00:9C:0F:19:18:00:00:00:00:00:28:32:05:00:18:D5
05.03.2026_10:00:31.775,AA:55:10:8B:0B:F9:08:0D:09:F8:08:78:00:14:01:2F:00:00:05:BD:02:00:3A:67
05.03.2026_10:00:31.800,AA:55:01:AB:08:CA:05:70:00:B2:0F:24:25:20:2D:02:9C:02:CD:30:04:00:18:02
05.03.2026_10:00:31.825,AA:55:02:82:00:00:00:00:00:9E:0F:19:18:00:00:00:01:00:4C:31:04:00:18:FA
05.03.2026_10:00:31.850,AA:55:03:82:00:00:00:00:00:9E:0F:19:18:02:00:00:00:00:28:32:05:00:18:D9
05.03.2026_10:00:31.875,AA:55:10:8B:0B:FE:08:0E:09:F4:08:7A:00:14:01:2E:00:00:05:C0:02:00:3A:6D
05.03.2026_10:00:31.900,AA:55:01:AB:08:C8:05:69:00:AF:0F:24:25:21:19:02:72:02:CE:30:04:00:18:BA
05.03.2026_10:00:31.925,AA:55:02:82:00:00:00:00:00:9F:0F:19:18:00:00:00:00:00:4C:31:04:00:18:FA
05.03.2026_10:00:31.950,AA:55:03:82:00:00:00:00:00:A0:0F:19:18:02:00:00:00:00:28:32:05:00:18:DB
05.03.2026_10:00:31.975,AA:55:10:8B:0B:FD:08:0B:09:F8:08:72:00:14:01:2E:00:00:05:95:02:00:3A:3A
05.03.2026_10:00:32.000,AA:55:01:AB:08:C6:05:6F:00:8A:0F:24:25:1E:25:02:90:02:CE:30:04:00:19:C1
05.03.2026_10:00:32.025,AA:55:02:AB:09:29:00:1B:00:7A:0F:19:18:24:1E:00:24:01:4C:31:05:00:18:B3
05.03.2026_10:00:32.049,AA:55:03:82:00:00:00:00:00:74:0F:19:18:01:00:00:00:00:28:32:05:00:18:AE
05.03.2026_10:00:32.075,AA:55:10:8B:0B:B7:08:DB:08:B0:08:92:00:14:01:2E:00:00:05:D8:03:00:3B:E0
05.03.2026_10:00:32.100,AA:55:01:AB:08:C9:05:6E:00:6F:0F:24:25:1E:24:02:89:02:CE:30:04:00:19:A0
05.03.2026_10:00:32.125,AA:55:02:AB:09:52:00:34:00:6B:0F:19:18:23:3C:00:38:02:4D:31:05:00:18:19
05.03.2026_10:00:32.150,AA:55:03:82:00:00:00:00:00:5F:0F:19:18:01:00:00:02:00:28:32:05:00:18:9B
05.03.2026_10:00:32.175,AA:55:10:8B:0B:C5:08:DD:08:B3:08:B2:00:14:01:2E:00:00:05:E5:04:00:3B:21
05.03.2026_10:00:32.200,AA:55:01:AB:08:C5:05:6B:00:78:0F:24:25:20:25:02:77:02:CF:30:04:00:19:94
05.03.2026_10:00:32.225,AA:55:02:AB:09:7E:00:4A:00:6F:0F:19:18:21:5A:00:23:03:4D:31:05:00:18:67
05.03.2026_10:00:32.250,AA:55:03:82:00:00:00:00:00:64:0F:19:18:00:00:00:00:00:28:32:05:00:18:9D
05.03.2026_10:00:32.275,AA:55:10:8B:0B:C7:08:DD:08:BE:08:C2:00:15:01:2E:00:00:05:BD:05:00:3B:18
05.03.2026_10:00:32.300,AA:55:01:AB:08:C8:05:6F:00:81:0F:24:25:23:34:02:8F:02:CF:30:04:00:19:CE
05.03.2026_10:00:32.325,AA:55:02:AB:09:A9:00:61:00:7C:0F:19:18:1F:78:00:1D:04:4D:31:05:00:18:CD
05.03.2026_10:00:32.350,AA:55:03:82:00:00:00:00:00:6B:0F:19:18:00:00:00:01:00:28:32:05:00:18:A5
05.03.2026_10:00:32.375,AA:55:10:8B:0B:CE:08:E1:08:C2:08:DA:00:15:01:2E:00:00:05:D1:06:00:3B:54
05.03.2026_10:00:32.400,AA:55:01:AB:08:CB:05:6C:00:86:0F:24:25:20:2C:02:80:02:CF:30:04:00:19:B9
05.03.2026_10:00:32.424,AA:55:02:AB:09:D5:00:7B:00:81:0F:19:18:1C:96:00:3B:05:4E:31:05:00:18:53
05.03.2026_10:00:32.449,AA:55:03:82:00:00:00:00:00:76:0F:19:18:02:00:00:00:00:28:32:05:00:18:B1
05.03.2026_10:00:32.475,AA:55:10:8B:0B:D7:08:EF:08:CD:08:F4:00:15:01:2E:00:00:05:DE:07:00:3B:9E
05.03.2026_10:00:32.500,AA:55:01:AB:08:CB:05:6D:00:8A:0F:25:25:21:23:02:83:02:D0:30:04:00:19:BB
05.03.2026_10:00:32.525,AA:55:02:AB:09:FD:00:91:00:90:0F:1A:18:1C:B4:00:31:06:4E:31:05:00:18:B6
05.03.2026_10:00:32.549,AA:55:03:82:00:00:00:00:00:7A:0F:19:18:00:00:00:00:00:28:32:05:00:18:B3
05.03.2026_10:00:32.575,AA:55:10:8B:0B:D9:08:F2:08:CE:08:0A:01:15:01:2E:00:00:05:D7:08:00:3B:B5
05.03.2026_10:00:32.600,AA:55:01:AB:08:C7:05:6C:00:8D:0F:25:25:1F:25:02:7E:02:D0:30:04:00:19:B4
05.03.2026_10:00:32.625,AA:55:02:AB:09:23:01:A2:00:99:0F:1A:18:1E:D2:00:F6:06:4F:31:05:00:18:DD
05.03.2026_10:00:32.650,AA:55:03:82:00:00:00:00:00:7C:0F:19:18:00:00:00:00:00:28:32:05:00:18:B5
05.03.2026_10:00:32.675,AA:55:10:8B:0B:DD:08:F6:08:D9:08:1D:01:15:01:2D:00:00:05:97:09:00:3B:9B
05.03.2026_10:00:32.700,AA:55:01:AB:08:CA:05:6B:00:95:0F:25:25:20:1F:02:7C:02:D0:30:04:00:19:B7
05.03.2026_10:00:32.725,AA:55:02:AB:09:50:01:A1:00:9E:0F:1A:18:1C:F0:00:EE:06:4F:31:05:00:18:22
05.03.2026_10:00:32.750,AA:55:03:82:00:00:00:00:00:82:0F:19:18:02:00:00:00:00:28:32:05:00:18:BD
05.03.2026_10:00:32.775,AA:55:10:8B:0B:E5:08:F9:08:E2:08:15:01:15:01:2E:00:00:05:8D:09:00:3B:9E
05.03.2026_10:00:32.800,AA:55:01:AB:08:C6:05:6A:00:96:0F:25:25:22:1B:02:78:02:D1:30:04:00:19:AE
05.03.2026_10:00:32.825,AA:55:02:AB:09:7C:01:A3:00:A1:0F:1A:19:1D:0E:01:FE:06:4F:31:05:00:18:84
05.03.2026_10:00:32.850,AA:55:03:82:00:00:00:00:00:8C:0F:19:18:00:00:00:01:00:28:32:05:00:18:C6
05.03.2026_10:00:32.875,AA:55:10:8B:0B:EA:08:FA:08:E4:08:17:01:16:01:2D:00:00:05:9A:09:00:3B:B5
05.03.2026_10:00:32.900,AA:55:01:AB:08:C5:05:6F:00:A1:0F:25:25:20:2A:02:97:02:D1:30:04:00:19:E9
05.03.2026_10:00:32.925,AA:55:02:AB:09:A6:01:9F:00:A7:0F:1A:18:1A:2C:01:D5:06:50:31:05:00:18:A2
05.03.2026_10:00:32.949,AA:55:03:82:00:00:00:00:00:90:0F:19:18:00:00:00:00:00:28:32:05:00:18:C9
05.03.2026_10:00:32.975,AA:55:10:8B:0B:EE:08:00:09:E8:08:1A:01:16:01:2D:00:00:05:90:09:00:3B:BD
05.03.2026_10:00:33.000,AA:55:01:AB:08:C9:05:6A:00:A3:0F:25:26:1F:1A:02:7A:02:D2:30:04:00:19:BE
05.03.2026_10:00:33.025,AA:55:02:AB:09:CC:01:A3:00:AD:0F:1A:18:18:4A:01:0A:07:50:31:05:00:18:24
05.03.2026_10:00:33.050,AA:55:03:82:00:00:00:00:00:98:0F:19:18:00:00:00:00:00:28:32:05:00:18:D1
05.03.2026_10:00:33.075,AA:55:10:8B:0B:FB:08:0A:09:F2:08:1D:01:16:01:2E:00:00:05:A7:09:00:3C:FA
05.03.2026_10:00:33.100,AA:55:01:AB:08:C7:05:6E:00:B0:0F:25:26:21:1E:02:90:02:D2:30:04:00:19:E9
05.03.2026_10:00:33.125,AA:55:02:AB:08:F6:01:A4:00:B8:0F:1A:19:19:5F:01:12:07:50:31:05:00:18:78
05.03.2026_10:00:33.150,AA:55:03:82:00:00:00:00:00:99:0F:19:18:00:00:00:00:00:28:32:05:00:18:D2
05.03.2026_10:00:33.175,AA:55:10:8B:0B:FC:08:0D:09:FB:08:1D:01:16:01:2E:00:00:05:C5:09:00:3C:25
05.03.2026_10:00:33.200,AA:55:01:AB:08:C6:05:6A:00:AE:0F:25:26:1E:28:02:78:02:D2:30:04:00:18:D0
05.03.2026_10:00:33.225,AA:55:02:AB:08:24:02:9D:00:BB:0F:1A:18:1B:5B:01:CB:06:51:31:05:00:18:59
05.03.2026_10:00:33.250,AA:55:03:82:00:00:00:00:00:9C:0F:19:18:01:00:00:02:00:28:32:05:00:18:D8
05.03.2026_10:00:33.275,AA:55:10:8B:0B:FF:08:0C:09:F3:08:14:01:16:01:2D:00:00:05:68:09:00:3C:B8
05.03.2026_10:00:33.300,AA:55:01:AB:08:C7:05:6C:00:AD:0F:25:26:22:2D:02:83:02:D3:30:04:00:18:E7
05.03.2026_10:00:33.325,AA:55:02:AB:08:4F:02:99:00:B7:0F:1A:19:1C:5E:01:9F:06:51:31:05:00:18:55
05.03.2026_10:00:33.350,AA:55:03:82:00:00:00:00:00:A3:0F:19:18:00:00:00:00:00:28:32:05:00:18:DC
05.03.2026_10:00:33.375,AA:55:10:8B:0B:FC:08:07:09:F5:08:0E:01:16:01:2E:00:00:05:45:09:00:3C:8A
05.03.2026_10:00:33.400,AA:55:01:AB:08:C6:05:6C:00:B1:0F:25:26:1F:33:02:87:02:D3:30:04:00:19:F2
05.03.2026_10:00:33.425,AA:55:02:AB:08:78:02:93:00:B8:0F:1B:19:19:5B:01:56:06:51:31:05:00:18:2B
05.03.2026_10:00:33.449,AA:55:03:82:00:00:00:00:00:A0:0F:19:18:00:00:00:00:00:28:32:05:00:18:D9
05.03.2026_10:00:33.475,AA:55:10:8B:0B:01:09:0B:09:FA:08:0D:01:17:01:2D:00:00:05:00:09:00:3C:53
05.03.2026_10:00:33.500,AA:55:01:AB:08:C7:05:69:00:B3:0F:25:26:21:22:02:77:02:D3:30:04:00:18:D2
05.03.2026_10:00:33.525,AA:55:02:AB:08:9F:02:8E:00:B8:0F:1B:19:1A:67:01:1F:06:52:31:05:00:18:24
05.03.2026_10:00:33.550,AA:55:03:82:00:00:00:00:00:9E:0F:19:18:00:00:00:00:00:28:32:05:00:18:D7
05.03.2026_10:00:33.575,AA:55:10:8B:0B:FD:08:0E:09:F6:08:01:01:17:01:2D:00:00:05:BA:08:00:3C:FA
05.03.2026_10:00:33.600,AA:55:01:AB:08:CA:05:69:00:AF:0F:25:26:21:19:02:72:02:D4:30:04:00:19:C5
05.03.2026_10:00:33.625,AA:55:02:AB:08:CC:02:84:00:B1:0F:1A:19:17:54:01:B7:05:52:31:05:00:18:C0
05.03.2026_10:00:33.650,AA:55:03:82:00:00:00:00:00:9E:0F:19:18:00:00:00:01:00:28:32:05:00:18:D8
05.03.2026_10:00:33.675,AA:55:10:8B:0B:FE:08:0E:09:F4:08:FC:00:18:01:2D:00:00:05:4D:08:00:3C:87
05.03.2026_10:00:33.700,AA:55:01:AB:08:CA:05:6C:00:B2:0F:26:26:22:29:02:85:02:D4:30:04:00:19:F0
05.03.2026_10:00:33.725,AA:55:02:AB:08:F2:02:86:00:B5:0F:1B:19:16:63:01:CD:05:52:31:05:00:18:11
05.03.2026_10:00:33.750,AA:55:03:82:00:00:00:00:00:A2:0F:19:18:00:00:00:00:00:28:32:05:00:18:DB
05.03.2026_10:00:33.775,AA:55:10:8B:0B:01:09:0B:09:FA:08:FB:00:17:01:2D:00:00:05:75:08:00:3C:B4
05.03.2026_10:00:33.800,AA:55:01:AB:08:C9:05:6C:00:B4:0F:26:26:23:2E:02:84:02:D4:30:04:00:19:F6
05.03.2026_10:00:33.825,AA:55:02:AB:08:1E:03:83:00:B5:0F:1B:19:17:64:01:AB:05:53:31:05:00:18:1C
05.03.2026_10:00:33.850,AA:55:03:82:00:00:00:00:00:9D:0F:19:18:00:00:00:00:00:28:32:05:00:18:D6
05.03.2026_10:00:33.875,AA:55:10:8B:0B:FC:08:0B:09:F5:08:F8:00:17:01:2D:00:00:05:52:08:00:3C:83
05.03.2026_10:00:33.900,AA:55:01:AB:08:C6:05:6B:00:B4:0F:26:26:21:33:02:80:02:D5:30:04:00:19:F2
05.03.2026_10:00:33.925,AA:55:02:AB:08:49:03:78:00:B1:0F:1B:19:16:5F:01:2D:05:53:31:05:00:18:B4
05.03.2026_10:00:33.949,AA:55:03:82:00:00:00:00:00:A4:0F:19:18:00:00:00:00:00:28:32:05:00:18:DD
05.03.2026_10:00:33.975,AA:55:10:8B:0B:FD:08:0A:09:F7:08:ED:00:18:01:2D:00:00:05:D0:07:00:3C:F8
05.03.2026_10:00:34.000,AA:55:01:AB:08:CA:05:6B:00:AD:0F:26:26:22:2C:02:7E:02:D5:30:04:00:19:E7
05.03.2026_10:00:34.025,AA:55:02:AB:08:73:03:76:00:B6:0F:1B:19:14:57:01:1D:05:54:31:05:00:18:C8
05.03.2026_10:00:34.050,AA:55:03:82:00:00:00:00:00:9D:0F:19:18:00:00:00:00:00:28:32:05:00:18:D6
05.03.2026_10:00:34.075,AA:55:10:8B:0B:FB:08:0B:09:F9:08:EF:00:18:01:2D:00:00:05:BE:07:00:3D:EA
05.03.2026_10:00:34.100,AA:55:01:AB:08:CA:05:69:00:AF:0F:26:26:1F:1D:02:77:02:D6:30:04:00:19:CF
05.03.2026_10:00:34.125,AA:55:02:AB:08:9D:03:6E:00:B4:0F:1B:19:16:5B:01:BD:04:54:31:05:00:18:8D
05.03.2026_10:00:34.150,AA:55:03:82:00:00:00:00:00:A0:0F:19:18:02:00:00:02:00:28:32:05:00:18:DD
05.03.2026_10:00:34.175,AA:55:10:8B:0B:F8:08:0D:09:F7:08:E2:00:19:01:2D:00:00:05:59:07:00:3D:76
05.03.2026_10:00:34.200,AA:55:01:AB:08:C9:05:68:00:AF:0F:26:26:1F:1D:02:6F:02:D6:30:04:00:19:C5
05.03.2026_10:00:34.225,AA:55:02:AB:08:C5:03:6F:00:B1:0F:1B:19:16:5F:01:CB:04:54:31:05:00:18:C5
05.03.2026_10:00:34.250,AA:55:03:82:00:00:00:00:00:9D:0F:19:18:02:00:00:00:00:28:32:05:00:18:D8
05.03.2026_10:00:34.275,AA:55:10:8B:0B:FF:08:0C:09:F3:08:DF:00:19:01:2D:00:00:05:5D:07:00:3D:79
05.03.2026_10:00:34.300,AA:55:01:AB:08:CA:05:6E:00:B4:0F:26:26:22:2B:02:95:02:D6:30:04:00:19:08
05.03.2026_10:00:34.325,AA:55:02:AB:08:EF:03:6A:00:AE:0F:1C:19:17:59:01:8E:04:55:31:05:00:18:A7
05.03.2026_10:00:34.350,AA:55:03:82:00:00:00:00:00:A1:0F:19:18:00:00:00:01:00:28:32:05:00:18:DB
05.03.2026_10:00:34.375,AA:55:10:8B:0B:00:09:07:09:F2:08:E7:00:19:01:2D:00:00:05:47:07:00:3D:67
05.03.2026_10:00:34.400,AA:55:01:AB:08:CA:05:6A:00:B2:0F:26:26:1F:24:02:79:02:D7:30:04:00:19:DD
05.03.2026_10:00:34.425,AA:55:02:AB:08:18:04:5F:00:AF:0F:1B:19:1A:51:01:18:04:55:31:05:00:18:4B
05.03.2026_10:00:34.449,AA:55:03:82:00:00:00:00:00:9F:0F:19:18:02:00:00:02:00:28:32:05:00:18:DC
05.03.2026_10:00:34.475,AA:55:10:8B:0B:FD:08:0B:09:F6:08:D6:00:1A:01:2D:00:00:05:B6:06:00:3D:C9
05.03.2026_10:00:34.500,AA:55:01:AB:08:C6:05:69:00:AF:0F:27:26:1E:28:02:76:02:D7:30:04:00:19:D6
05.03.2026_10:00:34.525,AA:55:02:AB:08:41:04:60:00:AF:0F:1C:1A:1B:5A:01:20:04:55:31:05:00:18:89
05.03.2026_10:00:34.550,AA:55:03:82:00:00:00:00:00:9F:0F:19:18:02:00:00:01:00:28:32:05:00:18:DB
05.03.2026_10:00:34.575,AA:55:10:8B:0B:FE:08:0C:09:F3:08:D5:00:1A:01:2D:00:00:05:BA:06:00:3D:CB
05.03.2026_10:00:34.600,AA:55:01:AB:08:CA:05:6E:00:AF:0F:27:26:1F:2D:02:93:02:D7:30:04:00:19:02
05.03.2026_10:00:34.625,AA:55:02:AB:08:6F:04:5F:00:B0:0F:1B:1A:18:6B:01:14:04:56:31:05:00:18:B9
05.03.2026_10:00:34.650,AA:55:03:82:00:00:00:00:00:A4:0F:19:18:03:00:00:02:00:28:32:05:00:18:E2
05.03.2026_10:00:34.675,AA:55:10:8B:0B:FD:08:07:09:F5:08:D6:00:1A:01:2D:00:00:05:CC:06:00:3D:DA
05.03.2026_10:00:34.700,AA:55:01:AB:08:C6:05:70:00:B1:0F:26:26:21:2C:02:9B:02:D8:30:04:00:19:0B
05.03.2026_10:00:34.725,AA:55:02:AB:08:99:04:52:00:A9:0F:1C:19:1A:5B:01:85:03:56:31:05:00:18:31
05.03.2026_10:00:34.750,AA:55:03:82:00:00:00:00:00:9F:0F:19:18:00:00:00:00:00:28:32:05:00:18:D8
05.03.2026_10:00:34.775,AA:55:10:8B:0B:F9:08:0B:09:F7:08:CB:00:1B:01:2D:00:00:05:44:06:00:3D:4A
05.03.2026_10:00:34.800,AA:55:01:AB:08:C7:05:6B:00:AF:0F:27:27:20:34:02:7F:02:D8:30:04:00:19:F2
05.03.2026_10:00:34.825,AA:55:02:AB:08:C0:04:4D:00:AA:0F:1B:19:1C:5D:01:54:03:56:31:05:00:18:26
05.03.2026_10:00:34.850,AA:55:03:82:00:00:00:00:00:9E:0F:19:18:00:00:00:00:00:28:32:05:00:18:D7
05.03.2026_10:00:34.875,AA:55:10:8B:0B:00:09:0B:09:FA:08:C8:00:1A:01:2D:00:00:05:F7:05:00:3D:03
05.03.2026_10:00:34.900,AA:55:01:AB:08:CA:05:6A:00:B0:0F:26:26:21:21:02:78:02:D8:30:04:00:19:DA
05.03.2026_10:00:34.925,AA:55:02:AB:08:EC:04:4C:00:AE:0F:1C:1A:1D:59:01:47:03:57:31:05:00:18:48
05.03.2026_10:00:34.949,AA:55:03:82:00:00:00:00:00:9E:0F:19:18:01:00:00:00:00:28:32:05:00:18:D8
05.03.2026_10:00:34.975,AA:55:10:8B:0B:FE:08:0E:09:F6:08:C4:00:1B:01:2C:00:00:05:E2:05:00:3D:E6
05.03.2026_10:00:35.000,AA:55:01:AB:08:C6:05:6A:00:AF:0F:26:26:22:22:02:7B:02:D9:30:04:00:19:DB
05.03.2026_10:00:35.025,AA:55:02:AB:08:14:05:4A:00:A9:0F:1C:1A:1C:5B:01:30:03:57:31:05:00:18:54
05.03.2026_10:00:35.050,AA:55:03:82:00:00:00:00:00:9E:0F:19:18:02:00:00:01:00:28:32:05:00:18:DA
05.03.2026_10:00:35.075,AA:55:10:8B:0B:F9:08:09:09:F8:08:C0:00:1B:01:2D:00:00:05:CF:05:00:3E:C9
05.03.2026_10:00:35.100,AA:55:01:AB:08:CA:05:6E:00:B4:0F:27:27:21:1F:02:95:02:D9:30:04:00:19:00
05.03.2026_10:00:35.125,AA:55:02:AB:08:41:05:4C:00:AC:0F:1C:19:1D:5D:01:41:03:58:31:05:00:18:9A
05.03.2026_10:00:35.150,AA:55:03:82:00:00:00:00:00:9F:0F:19:18:01:00:00:00:00:28:32:05:00:18:D9
05.03.2026_10:00:35.175,AA:55:10:8B:0B:FF:08:0F:09:FA:08:C4:00:1A:01:2C:00:00:05:F9:05:00:3E:03
05.03.2026_10:00:35.200,AA:55:01:AB:08:CA:05:6E:00:B1:0F:27:27:20:22:02:90:02:D9:30:04:00:19:FA
05.03.2026_10:00:35.225,AA:55:02:AB:08:6B:05:4D:00:AC:0F:1C:1A:1F:66:01:51:03:58:31:05:00:18:E1
05.03.2026_10:00:35.250,AA:55:03:82:00:00:00:00:00:A2:0F:19:18:02:00:00:02:00:28:32:05:00:18:DF
05.03.2026_10:00:35.275,AA:55:10:8B:0B:FD:08:0E:09:F5:08:C4:00:1A:01:2D:00:00:05:06:06:00:3E:0A
05.03.2026_10:00:35.300,AA:55:01:AB:08:C6:05:6E:00:B1:0F:27:27:22:31:02:95:02:DA:30:04:00:19:0D
05.03.2026_10:00:35.325,AA:55:02:AB:08:96:05:4C:00:A9:0F:1C:1A:1C:6C:01:46:03:58:31:05:00:18:00
05.03.2026_10:00:35.350,AA:55:03:82:00:00:00:00:00:A3:0F:19:18:02:00:00:02:00:28:32:05:00:18:E0
05.03.2026_10:00:35.375,AA:55:10:8B:0B:FC:08:07:09:F1:08:C4:00:1A:01:2D:00:00:05:FF:05:00:3E:F6
05.03.2026_10:00:35.400,AA:55:01:AB:08:CA:05:6A:00:AE:0F:27:27:22:28:02:7A:02:DA:30:04:00:19:E6
05.03.2026_10:00:35.425,AA:55:02:AB:08:BC:05:4B:00:AF:0F:1C:1A:1C:4E:01:41:03:59:31:05:00:18:09
05.03.2026_10:00:35.449,AA:55:03:82:00:00:00:00:00:A0:0F:19:18:02:00:00:00:00:28:32:05:00:18:DB
05.03.2026_10:00:35.475,AA:55:10:8B:0B:F9:08:08:09:F1:08:BF:00:1A:01:2D:00:00:05:DE:05:00:3E:CE
05.03.2026_10:00:35.500,AA:55:01:AB:08:C6:05:70:00:B0:0F:28:27:23:2B:02:9E:02:DB:30:04:00:19:14
05.03.2026_10:00:35.525,AA:55:02:AB:08:C9:05:46:00:A9:0F:1C:1A:1B:30:01:00:03:59:31:05:00:18:AB
05.03.2026_10:00:35.550,AA:55:03:82:00:00:00:00:00:9E:0F:19:18:03:00:00:01:00:28:32:05:00:18:DB
05.03.2026_10:00:35.575,AA:55:10:8B:0B:FF:08:09:09:F7:08:C3:00:1A:01:2C:00:00:05:C2:05:00:3E:C2
05.03.2026_10:00:35.600,AA:55:01:AB:08:CA:05:67:00:B1:0F:27:27:21:19:02:66:02:DB:30:04:00:19:C3
05.03.2026_10:00:35.625,AA:55:02:AB:08:CA:05:41:00:AC:0F:1D:1A:1E:12:01:D2:02:59:31:05:00:18:61
05.03.2026_10:00:35.650,AA:55:03:82:00:00:00:00:00:A4:0F:19:18:03:00:00:00:00:28:32:05:00:18:E0
05.03.2026_10:00:35.675,AA:55:10:8B:0B:00:09:0B:09:F3:08:B4:00:1A:01:2C:00:00:05:5B:05:00:3E:4C
05.03.2026_10:00:35.700,AA:55:01:AB:08:C7:05:6D:00:B0:0F:28:27:20:2F:02:8F:02:DB:30:04:00:19:04
05.03.2026_10:00:35.725,AA:55:02:AB:08:CA:05:38:00:A7:0F:1C:1A:1B:F4:00:6A:02:5A:31:05:00:18:C9
05.03.2026_10:00:35.750,AA:55:03:82:00:00:00:00:00:A2:0F:19:18:04:00:00:01:00:28:32:05:00:18:E0
05.03.2026_10:00:35.775,AA:55:10:8B:0B:FB:08:0E:09:F7:08:B4:00:1A:01:2D:00:00:05:1D:05:00:3E:10
05.03.2026_10:00:35.800,AA:55:01:AB:08:C6:05:6B:00:B3:0F:28:27:20:33:02:83:02:DC:30:04:00:19:FD
05.03.2026_10:00:35.825,AA:55:02:AB:08:C6:05:39:00:A5:0F:1D:1A:1E:D6:00:77:02:5A:31:05:00:18:B7
05.03.2026_10:00:35.850,AA:55:03:82:00:00:00:00:00:A0:0F:19:18:03:00:00:02:00:28:32:05:00:18:DE
05.03.2026_10:00:35.875,AA:55:10:8B:0B:FA:08:0D:09:F9:08:B2:00:1B:01:2D:00:00:05:1F:05:00:3E:11
05.03.2026_10:00:35.900,AA:55:01:AB:08:CA:05:6F:00:B1:0F:27:27:22:32:02:97:02:DC:30:04:00:19:17
05.03.2026_10:00:35.925,AA:55:02:AB:08:C9:05:33:00:AA:0F:1D:1A:1E:B8:00:30:02:5A:31:05:00:18:54
05.03.2026_10:00:35.949,AA:55:03:82:00:00:00:00:00:9E:0F:19:18:02:00:00:01:00:28:32:05:00:18:DA
05.03.2026_10:00:35.975,AA:55:10:8B:0B:FA:08:0D:09:F6:08:AF:00:1B:01:2D:00:00:05:EB:04:00:3E:D6
05.03.2026_10:00:36.000,AA:55:01:AB:08:CA:05:6E:00:B2:0F:28:27:23:2A:02:95:02:DC:30:04:00:19:0F
05.03.2026_10:00:36.025,AA:55:02:AB:08:CA:05:2F:00:A9:0F:1C:1A:1F:9A:00:09:02:5B:31:05:00:18:0C
05.03.2026_10:00:36.050,AA:55:03:82:00:00:00:00:00:A2:0F:19:18:00:00:00:00:00:28:32:05:00:18:DB
05.03.2026_10:00:36.075,AA:55:10:8B:0B:FF:08:0D:09:FA:08:AD:00:1B:01:2D:00:00:05:C1:04:00:3F:B4
05.03.2026_10:00:36.100,AA:55:01:AB:08:C8:05:70:00:B0:0F:27:27:20:34:02:9C:02:DD:30:04:00:19:1B
05.03.2026_10:00:36.125,AA:55:02:AB:08:C6:05:29:00:A6:0F:1D:1A:1D:7C:00:C5:01:5B:31:05:00:18:9B
05.03.2026_10:00:36.150,AA:55:03:82:00:00:00:00:00:A2:0F:19:18:01:00:00:00:00:28:32:05:00:18:DC
05.03.2026_10:00:36.175,AA:55:10:8B:0B:FF:08:0F:09:F3:08:A6:00:1B:01:2C:00:00:05:84:04:00:3F:6A
05.03.2026_10:00:36.200,AA:55:01:AB:08:C7:05:6B:00:AD:0F:28:27:1E:1A:02:81:02:DD:30:04:00:19:DC
05.03.2026_10:00:36.225,AA:55:02:AB:08:C6:05:25:00:A3:0F:1D:1A:1A:5E:00:99:01:5B:31:05:00:18:47
05.03.2026_10:00:36.250,AA:55:03:82:00:00:00:00:00:9D:0F:19:18:00:00:00:00:00:28:32:05:00:18:D6
05.03.2026_10:00:36.275,AA:55:10:8B:0B:FB:08:10:09:F1:08:9F:00:1C:01:2C:00:00:05:3D:04:00:3F:18
05.03.2026_10:00:36.300,AA:55:01:AB:08:C5:05:6C:00:B2:0F:28:27:22:28:02:85:02:DD:30:04:00:19:F6
05.03.2026_10:00:36.325,AA:55:02:AB:08:C5:05:1F:00:A7:0F:1D:1A:18:40:00:5B:01:5C:31:05:00:18:E7
05.03.2026_10:00:36.350,AA:55:03:82:00:00:00:00:00:9E:0F:19:18:00:00:00:02:00:28:32:05:00:18:D9
05.03.2026_10:00:36.375,AA:55:10:8B:0B:00:09:0E:09:F8:08:97:00:1C:01:2C:00:00:05:06:04:00:3F:E4
05.03.2026_10:00:36.400,AA:55:01:AB:08:CA:05:6C:00:AD:0F:28:27:20:26:02:83:02:DE:30:04:00:19:F1
05.03.2026_10:00:36.425,AA:55:02:AB:08:C9:05:17:00:A6:0F:1D:1A:1C:22:00:00:01:5C:31:05:00:18:6D
05.03.2026_10:00:36.449,AA:55:03:82:00:00:00:00:00:9C:0F:19:18:02:00:00:00:00:28:32:05:00:18:D7
05.03.2026_10:00:36.475,AA:55:10:8B:0B:FC:08:0F:09:F6:08:93:00:1C:01:2D:00:00:05:A6:03:00:3F:7A
05.03.2026_10:00:36.500,AA:55:01:AB:08:CA:05:6C:00:B3:0F:28:27:1F:1D:02:86:02:DE:30:04:00:19:F0
05.03.2026_10:00:36.525,AA:55:02:AB:08:C6:05:16:00:A7:0F:1C:1A:1B:04:00:EE:00:5D:31:05:00:18:38
05.03.2026_10:00:36.550,AA:55:03:82:00:00:00:00:00:9C:0F:19:18:01:00:00:01:00:28:32:05:00:18:D7
05.03.2026_10:00:36.575,AA:55:10:8B:0B:FF:08:0C:09:F8:08:8A:00:1D:01:2C:00:00:05:98:03:00:3F:65
05.03.2026_10:00:36.600,AA:55:01:AB:08:C7:05:6B:00:AF:0F:28:28:23:29:02:80:02:DF:30:04:00:19:F4
05.03.2026_10:00:36.625,AA:55:02:AB:08:C6:05:14:00:A0:0F:1D:1B:19:02:00:E1:00:5D:31:05:00:18:20
05.03.2026_10:00:36.650,AA:55:03:82:00:00:00:00:00:A1:0F:19:18:01:00:00:01:00:28:32:05:00:18:DC
05.03.2026_10:00:36.675,AA:55:10:8B:0B:FC:08:0D:09:F3:08:8B:00:1D:01:2D:00:00:05:85:03:00:3F:4D
05.03.2026_10:00:36.700,AA:55:01:AB:08:C6:05:70:00:B4:0F:28:28:21:2D:02:9C:02:DF:30:04:00:19:1B
05.03.2026_10:00:36.725,AA:55:02:AB:08:C6:05:13:00:A2:0F:1C:1B:1A:04:00:CE:00:5D:31:05:00:18:10
05.03.2026_10:00:36.750,AA:55:03:82:00:00:00:00:00:9E:0F:19:18:00:00:00:01:00:28:32:05:00:18:D8
05.03.2026_10:00:36.775,AA:55:10:8B:0B:F9:08:0E:09:F3:08:90:00:1D:01:2C:00:00:05:8D:03:00:3F:57
05.03.2026_10:00:36.800,AA:55:01:AB:08:C8:05:6D:00:AD:0F:28:27:21:32:02:8C:02:DF:30:04:00:19:07
05.03.2026_10:00:36.825,AA:55:02:AB:08:C6:05:15:00:A3:0F:1D:1B:18:00:00:E8:00:5E:31:05:00:18:29
05.03.2026_10:00:36.850,AA:55:03:82:00:00:00:00:00:A1:0F:19:18:00:00:00:00:00:28:32:05:00:18:DA
05.03.2026_10:00:36.875,AA:55:10:8B:0B:FE:08:09:09:F8:08:8D:00:1D:01:2C:00:00:05:97:03:00:3F:63
05.03.2026_10:00:36.900,AA:55:01:AB:08:CB:05:6A:00:AC:0F:29:27:1F:1D:02:77:02:E0:30:04:00:19:DC
05.03.2026_10:00:36.925,AA:55:02:AB:08:C5:05:15:00:A0:0F:1C:1A:1B:07:00:E6:00:5E:31:05:00:18:2B
05.03.2026_10:00:36.949,AA:55:03:82:00:00:00:00:00:A0:0F:19:18:00:00:00:02:00:28:32:05:00:18:DB
05.03.2026_10:00:36.975,AA:55:10:8B:0B:FF:08:0A:09:F5:08:8C:00:1D:01:2C:00:00:05:82:03:00:3F:4C
05.03.2026_10:00:37.000,AA:55:01:AB:08:C8:05:6A:00:B0:0F:29:27:1F:26:02:7D:02:E0:30:04:00:19:EC
05.03.2026_10:00:37.025,AA:55:02:AB:08:C7:05:15:00:A2:0F:1C:1B:18:00:00:E2:00:5E:31:05:00:18:22
05.03.2026_10:00:37.050,AA:55:03:82:00:00:00:00:00:A2:0F:19:18:00:00:00:00:00:28:32:05:00:18:DB
05.03.2026_10:00:37.075,AA:55:10:8B:0B:01:09:09:09:F5:08:8A:00:1D:01:2C:00:00:05:82:03:00:40:4D
05.03.2026_10:00:37.100,AA:55:01:AB:08:C9:05:6A:00:AC:0F:28:27:21:2B:02:76:02:E0:30:04:00:19:E8
05.03.2026_10:00:37.125,AA:55:02:AB:08:C5:05:10:00:A6:0F:1C:1B:19:00:00:AF:00:5F:31:05:00:18:EE
05.03.2026_10:00:37.150,AA:55:03:82:00:00:00:00:00:A2:0F:19:18:01:00:00:00:00:28:32:05:00:18:DC
05.03.2026_10:00:37.175,AA:55:10:8B:0B:F9:08:07:09:F8:08:86:00:1D:01:2C:00:00:05:49:03:00:40:08
05.03.2026_10:00:37.200,AA:55:01:AB:08:C8:05:6B:00:AF:0F:29:28:1E:28:02:80:02:E1:30:04:00:19:F2
05.03.2026_10:00:37.225,AA:55:02:AB:08:C9:05:13:00:A4:0F:1C:1B:19:0E:00:D6:00:5F:31:05:00:18:28
05.03.2026_10:00:37.250,AA:55:03:82:00:00:00:00:00:A3:0F:19:18:02:00:00:00:00:28:32:05:00:18:DE
05.03.2026_10:00:37.275,AA:55:10:8B:0B:00:09:10:09:FA:08:8C:00:1E:01:2C:00:00:05:79:03:00:40:52
05.03.2026_10:00:37.300,AA:55:01:AB:08:C7:05:6B:00:B2:0F:29:28:20:1F:02:81:02:E1:30:04:00:19:EE
05.03.2026_10:00:37.325,AA:55:02:AB:08:C9:05:10:00:A5:0F:1C:1B:18:00:00:B4:00:5F:31:05:00:18:F5
05.03.2026_10:00:37.350,AA:55:03:82:00:00:00:00:00:A4:0F:19:18:01:00:00:00:00:28:32:05:00:18:DE
05.03.2026_10:00:37.375,AA:55:10:8B:0B:FA:08:0C:09:F2:08:85:00:1E:01:2C:00:00:05:58:03:00:40:17
05.03.2026_10:00:37.400,AA:55:01:AB:08:C8:05:6F:00:B4:0F:29:28:1E:23:02:98:02:E1:30:04:00:19:0E
05.03.2026_10:00:37.425,AA:55:02:AB:08:C7:05:17:00:A2:0F:1C:1B:1A:0D:00:02:01:60:31:05:00:18:56
05.03.2026_10:00:37.449,AA:55:03:82:00:00:00:00:00:9D:0F:19:18:00:00:00:00:00:28:32:05:00:18:D6
05.03.2026_10:00:37.475,AA:55:10:8B:0B:FD:08:0D:09:F7:08:90:00:1E:01:2B:00:00:05:BD:03:00:40:8F
05.03.2026_10:00:37.500,AA:55:01:AB:08:C9:05:6C:00:B2:0F:29:28:21:29:02:86:02:E2:30:04:00:19:02
05.03.2026_10:00:37.525,AA:55:02:AB:08:C7:05:15:00:A3:0F:1C:1B:1A:00:00:E8:00:60:31:05:00:18:2D
05.03.2026_10:00:37.550,AA:55:03:82:00:00:00:00:00:9F:0F:19:18:01:00:00:02:00:28:32:05:00:18:DB
05.03.2026_10:00:37.575,AA:55:10:8B:0B:FC:08:0A:09:F7:08:8B:00:1F:01:2C:00:00:05:93:03:00:40:5E
05.03.2026_10:00:37.600,AA:55:01:AB:08:C7:05:70:00:AE:0F:29:28:21:28:02:9C:02:E2:30:04:00:19:15
05.03.2026_10:00:37.625,AA:55:02:AB:08:C7:05:15:00:A5:0F:1C:1B:19:00:00:E3:00:61:31:05:00:18:2A
05.03.2026_10:00:37.650,AA:55:03:82:00:00:00:00:00:A2:0F:19:18:00:00:00:01:00:28:32:05:00:18:DC
05.03.2026_10:00:37.675,AA:55:10:8B:0B:F8:08:0C:09:F4:08:94:00:1F:01:2C:00:00:05:A4:03:00:40:73
05.03.2026_10:00:37.700,AA:55:01:AB:08:CB:05:6B:00:AF:0F:29:28:1E:1B:02:7D:02:E2:30:04:00:19:E6
05.03.2026_10:00:37.725,AA:55:02:AB:08:C6:05:12:00:A6:0F:1B:1B:1C:00:00:C4:00:61:31:05:00:18:0A
05.03.2026_10:00:37.750,AA:55:03:82:00:00:00:00:00:9E:0F:19:18:00:00:00:02:00:28:32:05:00:18:D9
05.03.2026_10:00:37.775,AA:55:10:8B:0B:FD:08:0B:09:F8:08:8D:00:20:01:2B:00:00:05:66:03:00:40:36
05.03.2026_10:00:37.800,AA:55:01:AB:08:C5:05:6B:00:B3:0F:29:28:1E:1C:02:82:02:E3:30:04:00:19:EB
05.03.2026_10:00:37.825,AA:55:02:AB:08:CB:05:14:00:A4:0F:1C:1B:1C:00:00:E1:00:61:31:05:00:18:2D
05.03.2026_10:00:37.850,AA:55:03:82:00:00:00:00:00:9F:0F:19:18:01:00:00:00:00:28:32:05:00:18:D9
05.03.2026_10:00:37.875,AA:55:10:8B:0B:FD:08:0F:09:F4:08:89:00:20:01:2C:00:00:05:86:03:00:40:53
05.03.2026_10:00:37.900,AA:55:01:AB:08:C7:05:6B:00:AF:0F:2A:28:1F:2D:02:7D:02:E3:30:04:00:19:F7
05.03.2026_10:00:37.925,AA:55:02:AB:08:C9:05:19:00:A0:0F:1C:1B:1B:0D:00:14:01:62:31:05:00:18:6D
05.03.2026_10:00:37.949,AA:55:03:82:00:00:00:00:00:A0:0F:19:18:02:00:00:00:00:28:32:05:00:18:DB
05.03.2026_10:00:37.975,AA:55:10:8B:0B:FE:08:08:09:F6:08:8C:00:20:01:2C:00:00:05:B4:03:00:40:80
05.03.2026_10:00:38.000,AA:55:01:AB:08:C5:05:6C:00:AE:0F:2A:28:22:1F:02:85:02:E4:30:04:00:19:F3
05.03.2026_10:00:38.025,AA:55:02:AB:08:C9:05:16:00:A6:0F:1B:1B:1A:06:00:EE:00:62:31:05:00:18:40
05.03.2026_10:00:38.050,AA:55:03:82:00:00:00:00:00:A2:0F:19:18:00:00:00:00:00:28:32:05:00:18:DB
05.03.2026_10:00:38.075,AA:55:10:8B:0B:00:09:08:09:F8:08:8C:00:21:01:2B:00:00:05:96:03:00:41:68
05.03.2026_10:00:38.100,AA:55:01:AB:08:C7:05:70:00:B1:0F:2A:28:22:2E:02:9C:02:E4:30:04:00:19:22
05.03.2026_10:00:38.125,AA:55:02:AB:08:C7:05:14:00:A1:0F:1B:1B:19:00:00:DE:00:62:31:05:00:18:20
05.03.2026_10:00:38.150,AA:55:03:82:00:00:00:00:00:A1:0F:19:18:00:00:00:00:00:28:32:05:00:18:DA
05.03.2026_10:00:38.175,AA:55:10:8B:0B:FE:08:0C:09:F7:08:8E:00:21:01:2C:00:00:05:9D:03:00:41:72
05.03.2026_10:00:38.200,AA:55:01:AB:08:C7:05:6E:00:B0:0F:29:28:21:2C:02:93:02:E4:30:04:00:19:12
05.03.2026_10:00:38.225,AA:55:02:AB:08:CA:05:15:00:A6:0F:1B:1B:19:00:00:ED:00:63:31:05:00:18:39
05.03.2026_10:00:38.250,AA:55:03:82:00:00:00:00:00:9F:0F:19:18:02:00:00:00:00:28:32:05:00:18:DA
05.03.2026_10:00:38.275,AA:55:10:8B:0B:FC:08:0F:09:F2:08:90:00:21:01:2B:00:00:05:A2:03:00:41:74
05.03.2026_10:00:38.300,AA:55:01:AB:08:C9:05:6F:00:B4:0F:2A:28:21:30:02:9B:02:E5:30:04:00:19:27
05.03.2026_10:00:38.325,AA:55:02:AB:08:CA:05:0F:00:A0:0F:1B:1B:17:00:00:A8:00:63:31:05:00:18:E6
05.03.2026_10:00:38.350,AA:55:03:82:00:00:00:00:00:A4:0F:19:18:00:00:00:01:00:28:32:05:00:18:DE
05.03.2026_10:00:38.375,AA:55:10:8B:0B:FA:08:0E:09:F8:08:88:00:22:01:2C:00:00:05:67:03:00:41:36
05.03.2026_10:00:38.400,AA:55:01:AB:08:C6:05:6F:00:B4:0F:2A:28:23:32:02:9A:02:E5:30:04:00:19:27
05.03.2026_10:00:38.425,AA:55:02:AB:08:C8:05:15:00:A0:0F:1B:1C:1B:00:00:E7:00:63:31:05:00:18:2E
05.03.2026_10:00:38.450,AA:55:03:82:00:00:00:00:00:A3:0F:19:18:00:00:00:02:00:28:32:05:00:18:DE
05.03.2026_10:00:38.475,AA:55:10:8B:0B:01:09:07:09:FA:08:92:00:22:01:2B:00:00:05:A6:03:00:41:81
05.03.2026_10:00:38.500,AA:55:01:AB:08:C5:05:6A:00:AE:0F:2A:28:21:1E:02:7B:02:E5:30:04:00:19:E6
05.03.2026_10:00:38.525,AA:55:02:AB:08:CB:05:15:00:A1:0F:1B:1B:18:00:00:E9:00:64:31:05:00:18:31
05.03.2026_10:00:38.550,AA:55:03:82:00:00:00:00:00:A1:0F:19:18:02:00:00:00:00:28:32:05:00:18:DC
05.03.2026_10:00:38.575,AA:55:10:8B:0B:FB:08:09:09:F8:08:8E:00:22:01:2C:00:00:05:87:03:00:41:58
05.03.2026_10:00:38.600,AA:55:01:AB:08:C7:05:6E:00:AE:0F:2A:29:1F:31:02:92:02:E6:30:04:00:19:16
05.03.2026_10:00:38.625,AA:55:02:AB:08:C5:05:12:00:9F:0F:1B:1B:1C:04:00:C3:00:64:31:05:00:18:08
05.03.2026_10:00:38.650,AA:55:03:82:00:00:00:00:00:A2:0F:19:18:01:00:00:02:00:28:32:05:00:18:DE
05.03.2026_10:00:38.675,AA:55:10:AF:0B:FF:08:0E:09:F3:08:8B:00:22:01:2B:01:01:06:7A:03:00:41:72
05.03.2026_10:00:38.700,AA:55:01:AB:08:CA:05:6C:00:AE:0F:2A:28:20:1C:02:84:02:E6:30:04:00:19:F4
05.03.2026_10:00:38.725,AA:55:02:AB:08:CB:05:13:00:A3:0F:1B:1C:1A:00:00:CD:00:64:31:05:00:18:18
05.03.2026_10:00:38.750,AA:55:03:82:00:00:00:00:00:9D:0F:19:18:01:00:00:02:00:28:32:05:00:18:D9
05.03.2026_10:00:38.775,AA:55:10:8B:0B:F8:08:0F:09:F9:08:88:00:22:01:2B:00:00:05:76:03:00:41:44
05.03.2026_10:00:38.800,AA:55:01:AB:08:C9:05:6A:00:B2:0F:2A:29:23:27:02:7C:02:E6:30:04:00:19:FC
05.03.2026_10:00:38.825,AA:55:02:AB:08:C6:05:12:00:A2:0F:1B:1B:1C:09:00:CB:00:65:31:05:00:18:1A
05.03.2026_10:00:38.850,AA:55:03:82:00:00:00:00:00:9C:0F:19:18:00:00:00:02:00:28:32:05:00:18:D7
05.03.2026_10:00:38.875,AA:55:10:AF:0B:FD:08:0B:09:F7:08:8A:00:22:01:2B:01:01:06:6C:03:00:41:62
05.03.2026_10:00:38.900,AA:55:01:AB:08:CA:05:6C:00:AD:0F:2A:29:22:25:02:87:02:E7:30:04:00:19:03
05.03.2026_10:00:38.925,AA:55:02:AB:08:C7:05:13:00:A0:0F:1B:1B:19:00:00:D5:00:65:31:05:00:18:18
05.03.2026_10:00:38.950,AA:55:03:82:00:00:00:00:00:9E:0F:19:18:00:00:00:00:00:28:32:05:00:18:D7
05.03.2026_10:00:38.975,AA:55:10:AF:0B:FC:08:0D:09:F7:08:8A:00:22:01:2B:02:02:07:7F:03:00:41:79
05.03.2026_10:00:39.000,AA:55:01:AB:08:CB:05:68:00:AD:0F:2A:29:1E:1B:02:6C:02:E7:30:04:00:19:D7
05.03.2026_10:00:39.025,AA:55:02:AB:08:CB:05:16:00:A6:0F:1B:1C:18:0D:00:F4:00:66:31:05:00:18:52
05.03.2026_10:00:39.050,AA:55:03:82:00:00:00:00:00:A0:0F:19:18:01:00:00:02:00:28:32:05:00:18:DC
05.03.2026_10:00:39.075,AA:55:10:AF:0B:F8:08:07:09:FB:08:8D:00:22:01:2B:04:03:09:85:03:00:42:82
05.03.2026_10:00:39.100,AA:55:01:AB:08:C9:05:6E:00:B3:0F:2A:28:22:20:02:90:02:E8:30:04:00:19:0E
05.03.2026_10:00:39.125,AA:55:02:AB:08:C5:05:14:00:A2:0F:1A:1B:19:02:00:D9:00:66:31:05:00:18:1F
05.03.2026_10:00:39.150,AA:55:03:82:00:00:00:00:00:9C:0F:19:18:00:00:00:00:00:28:32:05:00:18:D5
05.03.2026_10:00:39.175,AA:55:10:AF:0B:FF:08:10:09:F3:08:8D:00:23:01:2C:05:04:0A:8D:03:00:42:97
05.03.2026_10:00:39.200,AA:55:01:AB:08:C7:05:6E:00:AE:0F:2A:29:21:31:02:91:02:E8:30:04:00:19:19
05.03.2026_10:00:39.225,AA:55:02:AB:08:C8:05:13:00:A7:0F:1A:1B:18:02:00:D2:00:66:31:05:00:18:1E
05.03.2026_10:00:39.250,AA:55:03:82:00:00:00:00:00:A3:0F:19:18:00:00:00:00:00:28:32:05:00:18:DC
05.03.2026_10:00:39.275,AA:55:10:AF:0B:01:09:09:09:F6:08:8A:00:23:01:2C:06:05:0B:86:03:00:42:8F
05.03.2026_10:00:39.300,AA:55:01:AB:08:C7:05:68:00:B1:0F:2B:29:21:1A:02:6F:02:E8:30:04:00:19:DE
05.03.2026_10:00:39.325,AA:55:02:AB:08:CA:05:19:00:A0:0F:1A:1C:18:0D:00:0F:01:67:31:05:00:18:6A
05.03.2026_10:00:39.350,AA:55:03:82:00:00:00:00:00:A2:0F:19:18:02:00:00:02:00:28:32:05:00:18:DF
05.03.2026_10:00:39.375,AA:55:10:AF:0B:FB:08:0B:09:F4:08:8A:00:23:01:2B:07:05:0C:A2:03:00:42:A5
05.03.2026_10:00:39.400,AA:55:01:AB:08:C9:05:6B:00:B0:0F:2B:29:22:29:02:83:02:E9:30:04:00:19:07
05.03.2026_10:00:39.425,AA:55:02:AB:08:C6:05:15:00:A2:0F:1A:1B:18:0B:00:EC:00:67:31:05:00:18:3D
05.03.2026_10:00:39.450,AA:55:03:82:00:00:00:00:00:A2:0F:19:18:01:00:00:00:00:28:32:05:00:18:DC
05.03.2026_10:00:39.475,AA:55:10:AF:0B:01:09:10:09:F9:08:91:00:24:01:2B:08:06:0D:92:03:00:42:B1
05.03.2026_10:00:39.500,AA:55:01:AB:08:C5:05:6C:00:B0:0F:2B:29:1F:30:02:87:02:E9:30:04:00:19:0C
05.03.2026_10:00:39.525,AA:55:02:AB:08:C9:05:15:00:A4:0F:1A:1C:1C:00:00:E4:00:67:31:05:00:18:34
05.03.2026_10:00:39.550,AA:55:03:82:00:00:00:00:00:A0:0F:19:18:00:00:00:01:00:28:32:05:00:18:DA
05.03.2026_10:00:39.575,AA:55:10:AF:0B:FC:08:08:09:F8:08:8D:00:24:01:2B:0A:07:0F:8F:03:00:42:A0
05.03.2026_10:00:39.600,AA:55:01:AB:08:C9:05:6B:00:B3:0F:2B:29:22:17:02:81:02:E9:30:04:00:19:F6
05.03.2026_10:00:39.625,AA:55:02:AB:08:C6:05:15:00:A7:0F:1A:1C:1C:0F:00:E8:00:68:31:05:00:18:48
05.03.2026_10:00:39.650,AA:55:03:82:00:00:00:00:00:A1:0F:19:18:00:00:00:02:00:28:32:05:00:18:DC
05.03.2026_10:00:39.675,AA:55:10:AF:0B:FA:08:0B:09:F3:08:89:00:24:01:2B:0B:08:10:8F:03:00:42:9B
05.03.2026_10:00:39.700,AA:55:01:AB:08:CA:05:6C:00:B2:0F:2B:29:20:1E:02:89:02:EA:30:04:00:19:05
05.03.2026_10:00:39.725,AA:55:02:AB:08:C7:05:12:00:A4:0F:1A:1C:1C:00:00:CB:00:68:31:05:00:18:17
05.03.2026_10:00:39.750,AA:55:03:82:00:00:00:00:00:9C:0F:19:18:00:00:00:00:00:28:32:05:00:18:D5
05.03.2026_10:00:39.775,AA:55:10:AF:0B:FF:08:0D:09:F8:08:8E:00:23:01:2A:0C:09:11:77:03:00:42:95
05.03.2026_10:00:39.800,AA:55:01:AB:08:C7:05:6E:00:B0:0F:2B:29:22:2A:02:90:02:EA:30:04:00:19:17
05.03.2026_10:00:39.825,AA:55:02:AB:08:CB:05:15:00:A1:0F:1A:1C:19:00:00:E8:00:68:31:05:00:18:35
05.03.2026_10:00:39.850,AA:55:03:82:00:00:00:00:00:A2:0F:19:18:00:00:00:01:00:28:32:05:00:18:DC
05.03.2026_10:00:39.875,AA:55:10:AF:0B:FE:08:0E:09:FA:08:8F:00:24:01:2C:0D:0A:12:9B:03:00:42:C2
05.03.2026_10:00:39.900,AA:55:01:AB:08:CA:05:6B:00:AE:0F:2B:29:23:22:02:80:02:EA:30:04:00:19:FE
05.03.2026_10:00:39.925,AA:55:02:AB:08:C9:05:12:00:A0:0F:1A:1C:19:00:00:C9:00:69:31:05:00:18:11
05.03.2026_10:00:39.950,AA:55:03:82:00:00:00:00:00:9D:0F:19:18:01:00:00:01:00:28:32:05:00:18:D8
05.03.2026_10:00:39.975,AA:55:10:AF:0B:FB:08:07:09:F3:08:8A:00:23:01:2B:0E:0B:13:6D:03:00:42:7F
05.03.2026_10:00:40.000,AA:55:01:AB:08:C7:05:6A:00:86:0F:2B:29:20:20:02:71:02:EB:30:04:00:19:BF
05.03.2026_10:00:40.025,AA:55:02:AB:08:C8:05:12:00:77:0F:1A:1C:1B:06:00:C4:00:69:31:05:00:18:EA
05.03.2026_10:00:40.050,AA:55:03:AB:09:2A:00:1B:00:73:0F:19:18:23:1E:00:86:00:28:32:06:00:18:EB
05.03.2026_10:00:40.075,AA:55:10:AF:0B:C7:08:DE:08:B8:08:A1:00:24:01:2A:10:0C:15:DE:03:00:43:74
05.03.2026_10:00:40.100,AA:55:01:AB:08:CA:05:6A:00:7C:0F:2C:29:22:1A:02:72:02:EB:30:04:00:19:B6
05.03.2026_10:00:40.125,AA:55:02:AB:08:C8:05:12:00:6E:0F:19:1C:17:00:00:C2:00:6A:31:05:00:18:D5
05.03.2026_10:00:40.150,AA:55:03:AB:09:53:00:37:00:74:0F:19:18:20:3C:00:12:01:29:32:06:00:18:DA
05.03.2026_10:00:40.175,AA:55:10:AF:0B:CE:08:E9:08:C6:08:BD:00:24:01:2B:11:0D:16:68:04:00:43:3F
05.03.2026_10:00:40.200,AA:55:01:AB:08:C6:05:6B:00:83:0F:2C:29:23:2A:02:7A:02:EB:30:04:00:19:D3
05.03.2026_10:00:40.225,AA:55:02:AB:08:C8:05:16:00:73:0F:1A:1C:1A:07:00:F0:00:6A:31:05:00:18:17
05.03.2026_10:00:40.250,AA:55:03:AB:09:7E:00:4E:00:7A:0F:19:18:1E:5A:00:87:01:29:32:06:00:18:B3
05.03.2026_10:00:40.275,AA:55:10:AF:0B:D3:08:E7:08:C7:08:D9:00:24:01:2B:12:0E:17:14:05:00:43:0F
05.03.2026_10:00:40.300,AA:55:01:AB:08:CA:05:6F:00:88:0F:2C:29:20:2D:02:90:02:EC:30:04:00:19:F7
05.03.2026_10:00:40.325,AA:55:02:AB:08:CA:05:17:00:79:0F:19:1C:1A:00:00:FD:00:6A:31:05:00:18:25
05.03.2026_10:00:40.350,AA:55:03:AB:09:AA:00:67:00:83:0F:19:18:1A:78:00:06:02:29:32:06:00:18:9B
05.03.2026_10:00:40.375,AA:55:10:AF:0B:D9:08:F1:08:CE:08:FD:00:24:01:2B:13:0E:18:B6:05:00:43:EE
05.03.2026_10:00:40.400,AA:55:01:AB:08:C7:05:6B:00:8E:0F:2C:2A:21:1D:02:79:02:EC:30:04:00:19:D1
05.03.2026_10:00:40.425,AA:55:02:AB:08:CA:05:13:00:7D:0F:19:1C:1A:00:00:D3:00:6B:31:05:00:18:FC
05.03.2026_10:00:40.450,AA:55:03:AB:09:D2:00:84:00:90:0F:19:18:1A:96:00:94:02:2A:32:06:00:18:9A
05.03.2026_10:00:40.475,AA:55:10:AF:0B:DB:08:EE:08:D4:08:0A:01:24:01:2A:14:0F:19:04:06:00:43:52
05.03.2026_10:00:40.500,AA:55:01:AB:08:CB:05:6D:00:93:0F:2B:29:1E:2C:02:89:02:ED:30:04:00:19:F7
05.03.2026_10:00:40.525,AA:55:02:AB:08:C7:05:14:00:82:0F:19:1C:1B:00:00:DA:00:6B:31:05:00:18:07
05.03.2026_10:00:40.550,AA:55:03:AB:09:FD:00:9B:00:98:0F:1A:18:1A:B4:00:0D:03:2A:32:06:00:18:7D
05.03.2026_10:00:40.575,AA:55:10:AF:0B:E5:08:F7:08:DE:08:2C:01:25:01:2B:16:10:1B:92:06:00:43:26
05.03.2026_10:00:40.600,AA:55:01:AB:08:CA:05:6B:00:97:0F:2C:2A:20:1F:02:7A:02:ED:30:04:00:19:E0
05.03.2026_10:00:40.625,AA:55:02:AB:08:CB:05:13:00:8C:0F:19:1C:18:00:00:D1:00:6B:31:05:00:18:08
05.03.2026_10:00:40.650,AA:55:03:AB:09:26:01:A2:00:A0:0F:19:18:1A:D2:00:32:03:2B:32:06:00:18:F9
05.03.2026_10:00:40.675,AA:55:10:AF:0B:E5:08:FD:08:E7:08:2C:01:25:01:2A:17:11:1C:A0:06:00:43:45
05.03.2026_10:00:40.700,AA:55:01:AB:08:CA:05:6E:00:A1:0F:2C:2A:22:2E:02:92:02:ED:30:04:00:19:16
05.03.2026_10:00:40.725,AA:55:02:AB:08:C6:05:18:00:93:0F:1A:1D:1A:0C:00:0B:01:6C:31:05:00:18:5B
05.03.2026_10:00:40.750,AA:55:03:AB:09:50:01:9F:00:A4:0F:1A:18:1A:F0:00:22:03:2B:32:06:00:18:33
05.03.2026_10:00:40.775,AA:55:10:AF:0B:F1:08:02:09:ED:08:35:01:26:01:2A:18:12:1D:E3:06:00:43:AD
05.03.2026_10:00:40.800,AA:55:01:AB:08:C7:05:6F:00:A2:0F:2C:29:22:2C:02:98:02:EE:30:04:00:19:19
05.03.2026_10:00:40.825,AA:55:02:AB:08:C5:05:18:00:95:0F:19:1C:1B:06:00:0B:01:6C:31:05:00:18:55
05.03.2026_10:00:40.850,AA:55:03:AB:09:77:01:A4:00:AF:0F:1A:18:17:0E:01:3D:03:2B:32:06:00:18:A1
05.03.2026_10:00:40.875,AA:55:10:AF:0B:F4:08:07:09:F1:08:36:01:26:01:2A:18:13:1D:02:07:00:43:DB
05.03.2026_10:00:40.900,AA:55:01:AB:08:C8:05:6F:00:A8:0F:2C:29:23:2C:02:98:02:EE:30:04:00:19:21
05.03.2026_10:00:40.925,AA:55:02:AB:08:C9:05:0F:00:9F:0F:19:1D:1A:00:00:A9:00:6C:31:05:00:18:F1
05.03.2026_10:00:40.950,AA:55:03:AB:09:A6:01:9E:00:B3:0F:1A:18:16:2C:01:23:03:2C:32:06:00:18:D2
05.03.2026_10:00:40.975,AA:55:10:AF:0B:FD:08:08:09:FB:08:25:01:26:01:2B:18:14:1D:87:06:00:43:64
05.03.2026_10:00:41.000,AA:55:01:AB:08:C6:05:6A:00:AC:0F:2C:2A:23:1C:02:79:02:EE:30:04:00:19:F0
05.03.2026_10:00:41.025,AA:55:02:AB:08:CA:05:16:00:A3:0F:19:1D:19:00:00:F0:00:6D:31:05:00:18:44
05.03.2026_10:00:41.050,AA:55:03:AB:09:CE:01:A1:00:BB:0F:1A:19:16:4A:01:32:03:2C:32:06:00:18:33
05.03.2026_10:00:41.075,AA:55:10:AF:0B:FB:08:0E:09:F9:08:2A:01:26:01:2B:18:15:1D:BD:06:00:44:A3
05.03.2026_10:00:41.100,AA:55:01:AB:08:C6:05:6E:00:B2:0F:2C:2A:20:30:02:91:02:EF:30:04:00:19:24
05.03.2026_10:00:41.125,AA:55:02:AB:08:C7:05:14:00:A3:0F:19:1C:1B:00:00:DE:00:6D:31:05:00:18:2E
05.03.2026_10:00:41.150,AA:55:03:AB:08:F7:01:A0:00:BB:0F:1A:19:17:68:01:2E:03:2C:32:06:00:18:75
05.03.2026_10:00:41.175,AA:55:10:AF:0B:FD:08:09:09:F3:08:31:01:26:01:2A:18:15:1D:C0:06:00:44:A3
05.03.2026_10:00:41.200,AA:55:01:AB:08:C6:05:6E:00:B2:0F:2C:2A:1F:31:02:95:02:EF:30:04:00:19:28
05.03.2026_10:00:41.225,AA:55:02:AB:08:C6:05:15:00:A7:0F:19:1D:1A:0E:00:E4:00:6D:31:05:00:18:46
05.03.2026_10:00:41.250,AA:55:03:AB:08:20:02:A0:00:BB:0F:1A:18:15:6B:01:2E:03:2D:32:06:00:18:A0
05.03.2026_10:00:41.275,AA:55:10:AF:0B:FC:08:0F:09:F8:08:31:01:27:01:2B:18:15:1D:CA:06:00:44:B9
05.03.2026_10:00:41.300,AA:55:01:AB:08:CA:05:69:00:B4:0F:2D:2A:1F:26:02:73:02:EF:30:04:00:19:FD
05.03.2026_10:00:41.325,AA:55:02:AB:08:CA:05:10:00:A6:0F:19:1D:1C:00:00:B0:00:6E:31:05:00:18:05
05.03.2026_10:00:41.350,AA:55:03:AB:08:4D:02:99:00:B3:0F:1A:19:16:62:01:09:03:2D:32:06:00:18:92
05.03.2026_10:00:41.375,AA:55:10:AF:0B:F8:08:07:09:FA:08:1F:01:28:01:2A:18:15:1D:4E:06:00:44:21
05.03.2026_10:00:41.400,AA:55:01:AB:08:C5:05:6E:00:AE:0F:2C:2A:21:33:02:90:02:F0:30:04:00:19:23
05.03.2026_10:00:41.425,AA:55:02:AB:08:C6:05:16:00:A3:0F:19:1D:1D:0E:00:F1:00:6E:31:05:00:18:54
05.03.2026_10:00:41.450,AA:55:03:AB:08:79:02:91:00:B4:0F:1A:19:13:56:01:DF:02:2D:32:06:00:18:7D
05.03.2026_10:00:41.475,AA:55:10:AF:0B:FA:08:0F:09:F5:08:23:01:28:01:2B:18:15:1D:83:06:00:44:60
05.03.2026_10:00:41.500,AA:55:01:AB:08:C6:05:6C:00:AD:0F:2D:2A:23:1E:02:84:02:F0:30:04:00:19:03
05.03.2026_10:00:41.525,AA:55:02:AB:08:C7:05:13:00:A7:0F:19:1D:1A:00:00:D5:00:6F:31:05:00:18:2A
05.03.2026_10:00:41.550,AA:55:03:AB:08:A0:02:8E:00:B3:0F:1A:19:12:55:01:D0:02:2E:32:06:00:18:90
05.03.2026_10:00:41.575,AA:55:10:AF:0B:F8:08:07:09:F2:08:1B:01:28:01:2B:18:15:1D:4C:06:00:44:14
05.03.2026_10:00:41.600,AA:55:01:AB:08:C7:05:6B:00:B3:0F:2C:2A:22:34:02:7F:02:F1:30:04:00:19:19
05.03.2026_10:00:41.625,AA:55:02:AB:08:CA:05:16:00:A7:0F:1A:1D:19:02:00:EE:00:6F:31:05:00:18:4B
05.03.2026_10:00:41.650,AA:55:03:AB:08:C8:02:8A:00:B5:0F:1B:19:16:55:01:BC:02:2E:32:06:00:18:A7
05.03.2026_10:00:41.675,AA:55:10:AF:0B:F9:08:0F:09:F6:08:1A:01:28:01:2B:18:15:1D:4C:06:00:44:20
05.03.2026_10:00:41.700,AA:55:01:AB:08:C7:05:69:00:B0:0F:2D:2A:22:18:02:73:02:F1:30:04:00:19:ED
05.03.2026_10:00:41.725,AA:55:02:AB:08:C9:05:18:00:A7:0F:19:1D:18:03:00:06:01:6F:31:05:00:18:64
05.03.2026_10:00:41.750,AA:55:03:AB:08:F5:02:86:00:B5:0F:1B:19:15:55:01:A8:02:2E:32:06:00:18:BB
05.03.2026_10:00:41.775,AA:55:10:AF:0B:F8:08:10:09:F9:08:10:01:28:01:2A:18:15:1D:44:06:00:44:10
05.03.2026_10:00:41.800,AA:55:01:AB:08:C9:05:69:00:AD:0F:2D:2A:20:28:02:74:02:F1:30:04:00:19:FB
05.03.2026_10:00:41.825,AA:55:02:AB:08:C6:05:19:00:A0:0F:1A:1D:1C:0D:00:16:01:70:31:05:00:18:7B
05.03.2026_10:00:41.850,AA:55:03:AB:08:1D:03:7F:00:B0:0F:1A:19:15:52:01:83:02:2F:32:06:00:18:B0
05.03.2026_10:00:41.875,AA:55:10:AF:0B:00:09:08:09:F3:08:10:01:28:01:2A:18:15:1D:31:06:00:44:F8
05.03.2026_10:00:41.900,AA:55:01:AB:08:C9:05:6D:00:AF:0F:2D:2A:21:18:02:8C:02:F2:30:04:00:19:0B
05.03.2026_10:00:41.925,AA:55:02:AB:08:CA:05:13:00:9F:0F:19:1D:1D:00:00:D0:00:70:31:05:00:18:24
05.03.2026_10:00:41.950,AA:55:03:AB:08:48:03:79:00:AF:0F:1B:19:19:58:01:67:02:2F:32:06:00:18:C3
05.03.2026_10:00:41.975,AA:55:10:AF:0B:FB:08:0D:09:F2:08:04:01:29:01:2A:18:15:1D:E6:05:00:44:9F
05.03.2026_10:00:42.000,AA:55:01:AB:08:C9:05:6E:00:AF:0F:2D:2A:23:2D:02:8F:02:F2:30:04:00:19:26
05.03.2026_10:00:42.025,AA:55:02:AB:08:C8:05:16:00:A5:0F:19:1D:1A:00:00:F2:00:70:31:05:00:18:4A
05.03.2026_10:00:42.050,AA:55:03:AB:08:75:03:75:00:B0:0F:1B:19:17:55:01:51:02:30:32:06:00:18:D3
05.03.2026_10:00:42.075,AA:55:10:AF:0B:FD:08:10:09:F3:08:06:01:29:01:2A:18:15:1D:F5:05:00:45:B7
05.03.2026_10:00:42.100,AA:55:01:AB:08:C8:05:68:00:B1:0F:2E:2A:20:18:02:70:02:F2:30:04:00:19:EB
05.03.2026_10:00:42.125,AA:55:02:AB:08:C7:05:12:00:A2:0F:19:1D:18:00:00:C2:00:71:31:05:00:18:11
05.03.2026_10:00:42.150,AA:55:03:AB:08:9A:03:71:00:B0:0F:1B:19:18:5E:01:3B:02:30:32:06:00:18:E8
05.03.2026_10:00:42.175,AA:55:10:AF:0B:F9:08:09:09:F2:08:F8:00:2A:01:2A:18:15:1D:90:05:00:45:38
05.03.2026_10:00:42.200,AA:55:01:AB:08:CA:05:6B:00:AC:0F:2E:2A:1E:32:02:7F:02:F3:30:04:00:19:13
05.03.2026_10:00:42.225,AA:55:02:AB:08:C9:05:15:00:A7:0F:1A:1D:18:0C:00:EC:00:71:31:05:00:18:52
05.03.2026_10:00:42.250,AA:55:03:AB:08:C4:03:70:00:B1:0F:1B:19:1A:60:01:38:02:30:32:06:00:18:13
05.03.2026_10:00:42.275,AA:55:10:AF:0B:FD:08:08:09:F7:08:FB:00:2A:01:2A:18:15:1D:C6:05:00:45:79
05.03.2026_10:00:42.300,AA:55:01:AB:08:C8:05:67:00:B1:0F:2E:2A:21:1B:02:68:02:F3:30:04:00:19:E7
05.03.2026_10:00:42.325,AA:55:02:AB:08:C9:05:10:00:A1:0F:19:1D:18:00:00:B3:00:71:31:05:00:18:01
05.03.2026_10:00:42.350,AA:55:03:AB:08:F2:03:63:00:B2:0F:1B:19:19:55:01:F7:01:31:32:06:00:18:E8
05.03.2026_10:00:42.375,AA:55:10:AF:0B:01:09:0A:09:F2:08:EA:00:2A:01:2A:18:15:1D:35:05:00:45:D9
05.03.2026_10:00:42.400,AA:55:01:AB:08:C9:05:6C:00:B2:0F:2E:2A:23:1C:02:87:02:F3:30:04:00:19:10
05.03.2026_10:00:42.425,AA:55:02:AB:08:C7:05:10:00:A1:0F:19:1D:17:00:00:B4:00:72:31:05:00:18:00
05.03.2026_10:00:42.450,AA:55:03:AB:08:18:04:66:00:B3:0F:1C:19:18:6D:01:04:02:31:32:06:00:18:39
05.03.2026_10:00:42.475,AA:55:10:AF:0B:FC:08:0D:09:F6:08:EC:00:2A:01:2A:18:15:1D:62:05:00:45:09
05.03.2026_10:00:42.500,AA:55:01:AB:08:C7:05:6A:00:AF:0F:2D:2B:23:2A:02:79:02:F4:30:04:00:19:0A
05.03.2026_10:00:42.525,AA:55:02:AB:08:CA:05:16:00:A0:0F:19:1D:1C:08:00:F0:00:72:31:05:00:18:51
05.03.2026_10:00:42.550,AA:55:03:AB:08:42:04:5E:00:AA:0F:1B:1A:1B:52:01:DA:01:31:32:06:00:18:0F
05.03.2026_10:00:42.575,AA:55:10:AF:0B:00:09:08:09:FA:08:E7:00:2B:01:2A:18:15:1D:66:05:00:45:0D
05.03.2026_10:00:42.600,AA:55:01:AB:08:C7:05:6F:00:AE:0F:2E:2A:21:31:02:97:02:F4:30:04:00:19:31
05.03.2026_10:00:42.625,AA:55:02:AB:08:CA:05:11:00:A5:0F:19:1D:1D:00:00:BB:00:73:31:05:00:18:16
05.03.2026_10:00:42.650,AA:55:03:AB:08:70:04:59:00:AD:0F:1B:19:18:63:01:C0:01:32:32:06:00:18:2F
05.03.2026_10:00:42.675,AA:55:10:AF:0B:00:09:07:09:F5:08:E8:00:2C:01:2A:18:15:1D:34:05:00:45:D7
05.03.2026_10:00:42.700,AA:55:01:AB:08:CB:05:6D:00:B1:0F:2E:2A:21:1A:02:8A:02:F4:30:04:00:19:12
05.03.2026_10:00:42.725,AA:55:02:AB:08:C6:05:18:00:A3:0F:19:1E:1D:0B:00:03:01:73:31:05:00:18:6C
05.03.2026_10:00:42.750,AA:55:03:AB:08:96:04:56:00:B0:0F:1B:1A:1B:6A:01:B3:01:32:32:06:00:18:53
05.03.2026_10:00:42.775,AA:55:10:AF:0B:FB:08:0A:09:F7:08:E2:00:2C:01:2A:18:15:1D:64:05:00:45:00
05.03.2026_10:00:42.800,AA:55:01:AB:08:C5:05:69:00:B0:0F:2E:2A:1F:1C:02:74:02:F5:30:04:00:19:F2
05.03.2026_10:00:42.825,AA:55:02:AB:08:CA:05:13:00:A6:0F:19:1D:1B:00:00:D4:00:73:31:05:00:18:30
05.03.2026_10:00:42.850,AA:55:03:AB:08:C2:04:52:00:B0:0F:1C:1A:19:6A:01:A1:01:32:32:06:00:18:68
05.03.2026_10:00:42.875,AA:55:10:AF:0B:F9:08:0E:09:FB:08:DB:00:2D:01:2A:18:15:1D:0C:05:00:45:A8
05.03.2026_10:00:42.900,AA:55:01:AB:08:C7:05:6F:00:AD:0F:2E:2B:22:30:02:97:02:F5:30:04:00:19:32
05.03.2026_10:00:42.925,AA:55:02:AB:08:C6:05:10:00:A4:0F:19:1D:18:00:00:B3:00:74:31:05:00:18:04
05.03.2026_10:00:42.950,AA:55:03:AB:08:EC:04:4F:00:A8:0F:1C:1A:1A:5C:01:8D:01:33:32:06:00:18:67
05.03.2026_10:00:42.975,AA:55:10:AF:0B:00:09:07:09:F6:08:DA:00:2D:01:29:18:15:1D:FA:04:00:45:8F
05.03.2026_10:00:43.000,AA:55:01:AB:08:C6:05:69:00:B2:0F:2E:2A:1F:1D:02:74:02:F6:30:04:00:19:F7
05.03.2026_10:00:43.025,AA:55:02:AB:08:C9:05:0F:00:A4:0F:19:1E:1A:00:00:A8:00:74:31:05:00:18:FE
05.03.2026_10:00:43.050,AA:55:03:AB:08:18:05:4F:00:B0:0F:1C:19:1D:65:01:92:01:33:32:06:00:18:AC
05.03.2026_10:00:43.075,AA:55:10:AF:0B:FE:08:0A:09:F5:08:D2:00:2E:01:2A:18:15:1D:D2:04:00:46:61
05.03.2026_10:00:43.100,AA:55:01:AB:08:C8:05:6F:00:AD:0F:2E:2A:22:2C:02:9A:02:F6:30:04:00:19:32
05.03.2026_10:00:43.125,AA:55:02:AB:08:C9:05:16:00:A5:0F:19:1E:19:04:00:EE:00:74:31:05:00:18:4F
05.03.2026_10:00:43.150,AA:55:03:AB:08:43:05:49:00:AB:0F:1C:1A:1E:5A:01:70:01:34:32:06:00:18:A2
05.03.2026_10:00:43.175,AA:55:10:AF:0B:F7:08:0F:09:FA:08:DA:00:2F:01:2A:18:15:1D:1B:05:00:46:B7
05.03.2026_10:00:43.200,AA:55:01:AB:08:C8:05:6F:00:AF:0F:2E:2B:1F:2A:02:98:02:F6:30:04:00:19:2E
05.03.2026_10:00:43.225,AA:55:02:AB:08:C8:05:13:00:A1:0F:18:1D:19:00:00:CD:00:75:31:05:00:18:21
05.03.2026_10:00:43.250,AA:55:03:AB:08:6B:05:47:00:AC:0F:1C:1A:1D:52:01:68:01:34:32:06:00:18:B8
05.03.2026_10:00:43.275,AA:55:10:AF:0B:F9:08:08:09:F2:08:D8:00:2F:01:2A:18:15:1D:F0:04:00:46:7C
05.03.2026_10:00:43.300,AA:55:01:AB:08:C6:05:6A:00:B1:0F:2E:2B:1F:27:02:78:02:F7:30:04:00:19:07
05.03.2026_10:00:43.325,AA:55:02:AB:08:C6:05:14:00:A1:0F:19:1E:1B:00:00:DB:00:75:31:05:00:18:32
05.03.2026_10:00:43.350,AA:55:03:AB:08:92:05:4E:00:AF:0F:1C:1A:1D:63:01:8D:01:34:32:06:00:18:1F
05.03.2026_10:00:43.375,AA:55:10:AF:0B:FD:08:0B:09:F3:08:D8:00:2F:01:2A:18:15:1D:03:05:00:46:98
05.03.2026_10:00:43.400,AA:55:01:AB:08:C5:05:6B:00:B3:0F:2E:2A:1F:20:02:7E:02:F7:30:04:00:19:07
05.03.2026_10:00:43.425,AA:55:02:AB:08:C9:05:17:00:A0:0F:19:1E:1A:04:00:FB:00:75:31:05:00:18:5A
05.03.2026_10:00:43.450,AA:55:03:AB:08:BE:05:48:00:AD:0F:1C:1A:1D:45:01:6A:01:35:32:06:00:18:03
05.03.2026_10:00:43.475,AA:55:10:AF:0B:01:09:0E:09:F6:08:D3:00:2F:01:29:18:15:1D:06:05:00:46:A0
05.03.2026_10:00:43.500,AA:55:01:AB:08:C8:05:6A:00:B4:0F:2E:2B:1E:17:02:7A:02:F7:30:04:00:19:FD
05.03.2026_10:00:43.525,AA:55:02:AB:08:C7:05:12:00:9F:0F:19:1E:1A:02:00:C3:00:76:31:05:00:18:19
05.03.2026_10:00:43.550,AA:55:03:AB:08:CA:05:41:00:A9:0F:1C:1A:1F:27:01:49:01:35:32:06:00:18:C7
05.03.2026_10:00:43.575,AA:55:10:AF:0B:F8:08:07:09:F9:08:CC:00:2F:01:2A:18:15:1D:A9:04:00:46:2E
05.03.2026_10:00:43.600,AA:55:01:AB:08:C9:05:70:00:B4:0F:2E:2B:1F:28:02:9C:02:F8:30:04:00:19:39
05.03.2026_10:00:43.625,AA:55:02:AB:08:C8:05:14:00:A4:0F:19:1E:18:00:00:E2:00:76:31:05:00:18:3C
05.03.2026_10:00:43.650,AA:55:03:AB:08:C6:05:3D:00:AB:0F:1D:1A:1E:09:01:34:01:35:32:06:00:18:8E
05.03.2026_10:00:43.675,AA:55:10:AF:0B:F8:08:06:09:F2:08:CF:00:2F:01:29:18:15:1D:D5:04:00:46:54
05.03.2026_10:00:43.700,AA:55:01:AB:08:C6:05:68:00:B3:0F:2E:2B:22:21:02:71:02:F8:30:04:00:19:FE
05.03.2026_10:00:43.725,AA:55:02:AB:08:CA:05:19:00:A1:0F:19:1E:18:0B:00:12:01:76:31:05:00:18:7C
05.03.2026_10:00:43.750,AA:55:03:AB:08:C8:05:3C:00:A6:0F:1D:1A:1C:EB:00:2D:01:36:32:06:00:18:63
05.03.2026_10:00:43.775,AA:55:10:AF:0B:F8:08:0C:09:F6:08:CB:00:2F:01:29:18:15:1D:D2:04:00:46:57
05.03.2026_10:00:43.800,AA:55:01:AB:08:CA:05:6C:00:B1:0F:2F:2B:23:1C:02:87:02:F8:30:04:00:19:17
05.03.2026_10:00:43.825,AA:55:02:AB:08:C9:05:12:00:A1:0F:19:1E:18:00:00:C1:00:77:31:05:00:18:18
05.03.2026_10:00:43.850,AA:55:03:AB:08:C8:05:37:00:A7:0F:1C:1A:1D:CD:00:16:01:36:32:06:00:18:2A
05.03.2026_10:00:43.875,AA:55:10:AF:0B:FA:08:0B:09:F6:08:C3:00:30:01:2A:18:15:1D:81:04:00:46:01
05.03.2026_10:00:43.900,AA:55:01:AB:08:C8:05:6A:00:AF:0F:2F:2B:20:21:02:7C:02:F9:30:04:00:19:09
05.03.2026_10:00:43.925,AA:55:02:AB:08:C7:05:16:00:A1:0F:19:1E:1A:00:00:EE:00:77:31:05:00:18:49
05.03.2026_10:00:43.950,AA:55:03:AB:08:CB:05:2D:00:A3:0F:1C:1A:1A:AF:00:E4:00:36:32:06:00:18:CB
05.03.2026_10:00:43.975,AA:55:10:AF:0B:F9:08:06:09:F3:08:B7:00:31:01:2A:18:15:1D:71:04:00:46:DD
05.03.2026_10:00:44.000,AA:55:01:AB:08:CA:05:6E:00:B0:0F:2F:2B:20:22:02:91:02:F9:30:04:00:19:26
05.03.2026_10:00:44.025,AA:55:02:AB:08:C7:05:16:00:A6:0F:19:1E:1C:02:00:F6:00:78:31:05:00:18:5B
05.03.2026_10:00:44.050,AA:55:03:AB:08:C9:05:2D:00:A8:0F:1D:1A:1B:91:00:E3:00:37:32:06:00:18:B2
05.03.2026_10:00:44.075,AA:55:10:AF:0B:FB:08:0D:09:F6:08:BE:00:31:01:29:18:15:1D:8D:04:00:47:0C
05.03.2026_10:00:44.100,AA:55:01:AB:08:C5:05:6E:00:AF:0F:2F:2B:21:34:02:90:02:FA:30:04:00:19:33
05.03.2026_10:00:44.125,AA:55:02:AB:08:C5:05:10:00:A0:0F:19:1E:1A:00:00:AD:00:78:31:05:00:18:00
05.03.2026_10:00:44.150,AA:55:03:AB:08:C6:05:24:00:A6:0F:1D:1A:1E:73:00:B7:00:37:32:06:00:18:5D
05.03.2026_10:00:44.175,AA:55:10:AF:0B:F8:08:09:09:FA:08:AA:00:30:01:29:18:15:1D:18:04:00:47:7F
05.03.2026_10:00:44.200,AA:55:01:AB:08:CA:05:6B:00:AE:0F:2F:2B:21:2B:02:82:02:FA:30:04:00:19:1D
05.03.2026_10:00:44.225,AA:55:02:AB:08:CA:05:12:00:A0:0F:18:1E:1A:00:00:C3:00:78:31:05:00:18:1C
05.03.2026_10:00:44.250,AA:55:03:AB:08:C7:05:24:00:A4:0F:1D:1A:1E:55:00:B5:00:37:32:06:00:18:3C
05.03.2026_10:00:44.275,AA:55:10:AF:0B:F8:08:09:09:F3:08:AD:00:31:01:2A:18:15:1D:1D:04:00:47:82
05.03.2026_10:00:44.300,AA:55:01:AB:08:C8:05:6C:00:B3:0F:2F:2B:23:2E:02:89:02:FA:30:04:00:19:2D
05.03.2026_10:00:44.325,AA:55:02:AB:08:C7:05:16:00:A4:0F:19:1E:1B:0E:00:F2:00:79:31:05:00:18:61
05.03.2026_10:00:44.350,AA:55:03:AB:08:CB:05:20:00:A2:0F:1D:1A:1E:37:00:A1:00:38:32:06:00:18:09
05.03.2026_10:00:44.375,AA:55:10:AF:0B:F8:08:0E:09:FA:08:AE:00:31:01:29:18:15:1D:3F:04:00:47:B0
05.03.2026_10:00:44.400,AA:55:01:AB:08:C8:05:69:00:AE:0F:30:2B:21:26:02:75:02:FB:30:04:00:19:09
05.03.2026_10:00:44.425,AA:55:02:AB:08:C9:05:10:00:A1:0F:19:1E:1B:00:00:AC:00:79:31:05:00:18:06
05.03.2026_10:00:44.450,AA:55:03:AB:08:C8:05:15:00:A1:0F:1D:1A:1F:19:00:6C:00:38:32:06:00:18:A8
05.03.2026_10:00:44.475,AA:55:10:AF:0B:FD:08:0C:09:F5:08:98:00:31:01:29:18:15:1D:B0:03:00:47:08
05.03.2026_10:00:44.500,AA:55:01:AB:08:C8:05:6C:00:B1:0F:30:2B:21:26:02:85:02:FB:30:04:00:19:1F
05.03.2026_10:00:44.525,AA:55:02:AB:08:C9:05:16:00:A1:0F:19:1E:1A:00:00:F0:00:79:31:05:00:18:4F
05.03.2026_10:00:44.550,AA:55:03:AB:08:C9:05:14:00:A4:0F:1D:1A:1E:0E:00:66:00:39:32:06:00:18:9A
05.03.2026_10:00:44.575,AA:55:10:AF:0B:F7:08:07:09:F8:08:A5:00:31:01:2A:18:15:1D:FE:03:00:47:5C
05.03.2026_10:00:44.600,AA:55:01:AB:08:C5:05:70:00:B4:0F:2F:2B:1E:30:02:9F:02:FB:30:04:00:19:43
05.03.2026_10:00:44.625,AA:55:02:AB:08:CA:05:17:00:A7:0F:19:1E:1A:05:00:FA:00:7A:31:05:00:18:67
05.03.2026_10:00:44.650,AA:55:03:AB:08:C7:05:12:00:A5:0F:1D:1A:1E:03:00:5D:00:39:32:06:00:18:83
05.03.2026_10:00:44.675,AA:55:10:AF:0B:00:09:08:09:F6:08:A8:00:31:01:29:18:15:1D:1A:04:00:47:84
05.03.2026_10:00:44.700,AA:55:01:AB:08:C7:05:6D:00:AE:0F:30:2C:22:23:02:8D:02:FC:30:04:00:19:24
05.03.2026_10:00:44.725,AA:55:02:AB:08:C8:05:13:00:A2:0F:19:1E:1A:00:00:D1:00:7A:31:05:00:18:2E
05.03.2026_10:00:44.750,AA:55:03:AB:08:C8:05:14:00:A3:0F:1D:1A:1F:0A:00:63:00:39:32:06:00:18:92
05.03.2026_10:00:44.775,AA:55:10:AF:0B:FA:08:0F:09:F3:08:A2:00:31:01:29:18:15:1D:E4:03:00:47:44
05.03.2026_10:00:44.800,AA:55:01:AB:08:C9:05:69:00:B2:0F:30:2C:22:1B:02:72:02:FC:30:04:00:19:03
05.03.2026_10:00:44.825,AA:55:02:AB:08:CA:05:18:00:A6:0F:19:1F:1C:08:00:0A:01:7A:31:05:00:18:7E
05.03.2026_10:00:44.850,AA:55:03:AB:08:C9:05:12:00:A3:0F:1C:1A:1D:00:00:5A:00:3A:32:06:00:18:7C
05.03.2026_10:00:44.875,AA:55:10:AF:0B:FB:08:07:09:FA:08:9B:00:31:01:2A:18:15:1D:FA:03:00:47:54
05.03.2026_10:00:44.900,AA:55:01:AB:08:C7:05:69:00:B2:0F:30:2C:22:1B:02:76:02:FC:30:04:00:19:05
05.03.2026_10:00:44.925,AA:55:02:AB:08:C5:05:18:00:A6:0F:19:1F:1B:09:00:08:01:7B:31:05:00:18:78
05.03.2026_10:00:44.950,AA:55:03:AB:08:CA:05:15:00:A4:0F:1D:1B:1B:00:00:6B:00:3A:32:06:00:18:92
05.03.2026_10:00:44.975,AA:55:10:AF:0B:F9:08:0B:09:FA:08:A4:00:30:01:2A:18:15:1D:0D:04:00:47:72
05.03.2026_10:00:45.000,AA:55:01:AB:08:CA:05:6F:00:AE:0F:30:2B:1F:28:02:9B:02:FD:30:04:00:19:39
05.03.2026_10:00:45.025,AA:55:02:AB:08:C8:05:13:00:A5:0F:19:1F:18:02:00:D4:00:7B:31:05:00:18:36
05.03.2026_10:00:45.050,AA:55:03:AB:08:CB:05:14:00:A4:0F:1C:1B:19:07:00:67:00:3A:32:06:00:18:92
05.03.2026_10:00:45.075,AA:55:10:AF:0B:00:09:10:09:F9:08:9F:00:2F:01:2A:18:15:1D:F8:03:00:48:63
05.03.2026_10:00:45.100,AA:55:01:AB:08:C8:05:6E:00:B4:0F:30:2C:22:38:02:94:02:FD:30:04:00:19:49
05.03.2026_10:00:45.125,AA:55:02:AB:08:C5:05:15:00:A2:0F:19:1F:1A:00:00:EC:00:7C:31:05:00:18:4B
05.03.2026_10:00:45.150,AA:55:03:AB:08:C6:05:12:00:A7:0F:1D:1B:19:00:00:5D:00:3B:32:06:00:18:7F
05.03.2026_10:00:45.175,AA:55:10:AF:0B:00:09:0D:09:F2:08:9F:00:2F:01:2A:18:15:1D:00:04:00:48:62
05.03.2026_10:00:45.200,AA:55:01:AB:08:CB:05:73:00:B3:0F:30:2C:20:4D:02:B1:02:FD:30:04:00:19:80
05.03.2026_10:00:45.225,AA:55:02:AB:08:C7:05:19:00:A2:0F:19:1F:1B:0B:00:14:01:7C:31:05:00:18:86
05.03.2026_10:00:45.250,AA:55:03:AB:08:C8:05:13:00:A1:0F:1C:1B:1B:00:00:5F:00:3B:32:06:00:18:7F
05.03.2026_10:00:45.275,AA:55:10:AF:0B:FC:08:08:09:F6:08:A8:00:2F:01:29:18:15:1D:47:04:00:48:AB
05.03.2026_10:00:45.300,AA:55:01:AB:08:C6:05:77:00:B1:0F:30:2B:21:6B:02:C5:02:FE:30:04:00:19:B0
05.03.2026_10:00:45.325,AA:55:02:AB:08:C7:05:14:00:A5:0F:19:1F:1B:05:00:DD:00:7C:31:05:00:18:46
05.03.2026_10:00:45.350,AA:55:03:AB:08:C9:05:14:00:A3:0F:1C:1B:1A:01:00:65:00:3B:32:06:00:18:89
05.03.2026_10:00:45.375,AA:55:10:AF:0B:00:09:0C:09:F2:08:A9:00:2F:01:2A:18:15:1D:2B:04:00:48:96
05.03.2026_10:00:45.400,AA:55:01:AB:08:CA:05:7D:00:B4:0F:30:2C:1F:82:02:EF:02:FE:30:04:00:19:FD
05.03.2026_10:00:45.425,AA:55:02:AB:08:CA:05:16:00:A2:0F:19:1F:1A:00:00:F1:00:7D:31:05:00:18:57
05.03.2026_10:00:45.450,AA:55:03:AB:08:CA:05:0F:00:A1:0F:1C:1B:1B:00:00:4B:00:3C:32:06:00:18:6A
05.03.2026_10:00:45.475,AA:55:10:AF:0B:F7:08:06:09:F3:08:B0:00:2F:01:29:18:15:1D:4E:04:00:48:B0
05.03.2026_10:00:45.500,AA:55:01:AB:08:C9:05:80:00:B0:0F:31:2C:23:A0:02:FC:02:FF:30:04:00:19:2C
05.03.2026_10:00:45.525,AA:55:02:AB:08:C6:05:15:00:A3:0F:19:1F:19:08:00:E9:00:7D:31:05:00:18:52
05.03.2026_10:00:45.550,AA:55:03:AB:08:C9:05:18:00:A1:0F:1C:1B:18:0E:00:77:00:3C:32:06:00:18:A9
05.03.2026_10:00:45.575,AA:55:10:AF:0B:FC:08:07:09:F4:08:B6:00:2F:01:29:18:15:1D:7F:04:00:48:EE
05.03.2026_10:00:45.600,AA:55:01:AB:08:C6:05:82:00:B7:0F:30:2C:22:AD:02:0A:03:FF:30:04:00:19:4C
05.03.2026_10:00:45.625,AA:55:02:AB:08:C7:05:10:00:A6:0F:19:1F:19:00:00:AE:00:7D:31:05:00:18:0E
05.03.2026_10:00:45.650,AA:55:03:AB:08:C8:05:12:00:A3:0F:1C:1B:19:03:00:5C:00:3D:32:06:00:18:80
05.03.2026_10:00:45.675,AA:55:10:AF:0B:FF:08:06:09:F5:08:B3:00:30:01:29:18:15:1D:37:04:00:48:A7
05.03.2026_10:00:45.700,AA:55:01:AB:08:C7:05:84:00:B6:0F:31:2C:24:C9:02:19:03:FF:30:04:00:19:7C
05.03.2026_10:00:45.725,AA:55:02:AB:08:C5:05:14:00:A0:0F:19:1F:1B:00:00:D8:00:7E:31:05:00:18:37
05.03.2026_10:00:45.750,AA:55:03:AB:08:C7:05:15:00:A5:0F:1C:1B:1B:05:00:69:00:3D:32:06:00:18:95
05.03.2026_10:00:45.775,AA:55:10:AF:0B:FA:08:08:09:F7:08:BB:00:31:01:29:18:15:1D:7C:04:00:48:F4
05.03.2026_10:00:45.800,AA:55:01:AB:08:C7:05:8E:00:B5:0F:31:2C:22:E7:02:51:03:00:31:04:00:19:DB
05.03.2026_10:00:45.825,AA:55:02:AB:08:C6:05:11:00:A3:0F:19:1F:1C:00:00:B8:00:7E:31:05:00:18:19
05.03.2026_10:00:45.850,AA:55:03:AB:08:C9:05:19:00:A5:0F:1C:1B:1A:0A:00:7D:00:3D:32:06:00:18:B3
05.03.2026_10:00:45.875,AA:55:10:AF:0B:FF:08:0B:09:F2:08:C2:00:31:01:29:18:15:1D:A9:04:00:48:2B
05.03.2026_10:00:45.900,AA:55:01:AB:08:C6:05:90:00:B6:0F:31:2C:23:F9:02:60:03:00:31:04:00:19:FF
05.03.2026_10:00:45.925,AA:55:02:AB:08:C9:05:15:00:A2:0F:19:1F:1A:04:00:E7:00:7E:31:05:00:18:50
05.03.2026_10:00:45.950,AA:55:03:AB:08:CA:05:12:00:A4:0F:1B:1B:18:00:00:59:00:3E:32:06:00:18:7C
05.03.2026_10:00:45.975,AA:55:10:AF:0B:F9:08:0C:09:F9:08:C2:00:32:01:2A:18:15:1D:C2:04:00:48:48
05.03.2026_10:00:46.000,AA:55:01:AB:08:C6:05:8F:00:B5:0F:31:2C:22:17:03:5A:03:00:31:04:00:19:15
05.03.2026_10:00:46.025,AA:55:02:AB:08:CA:05:15:00:A2:0F:19:1F:19:00:00:EB:00:7F:31:05:00:18:51
05.03.2026_10:00:46.050,AA:55:03:AB:08:CA:05:17:00:A3:0F:1C:1B:1C:00:00:74:00:3E:32:06:00:18:A0
05.03.2026_10:00:46.075,AA:55:10:AF:0B:FF:08:08:09:F5:08:C4:00:32:01:29:18:15:1D:DD:04:00:49:63
05.03.2026_10:00:46.100,AA:55:01:AB:08:C5:05:9A:00:B8:0F:31:2C:22:35:03:99:03:01:31:04:00:19:80
05.03.2026_10:00:46.125,AA:55:02:AB:08:C6:05:19:00:A8:0F:19:1F:1B:0E:00:19:01:7F:31:05:00:18:96
05.03.2026_10:00:46.150,AA:55:03:AB:08:C6:05:15:00:A0:0F:1C:1B:1C:0C:00:6B:00:3E:32:06:00:18:9A
05.03.2026_10:00:46.175,AA:55:10:AF:0B:FC:08:09:09:FA:08:D3:00:32:01:29:18:15:1D:3F:05:00:49:D8
05.03.2026_10:00:46.200,AA:55:01:EB:08:C8:05:9F:00:B8:0F:31:2C:24:53:03:B9:03:01:31:04:00:19:08
05.03.2026_10:00:46.225,AA:55:02:AB:08:C7:05:15:00:9F:0F:19:1F:1C:0B:00:EB:00:7F:31:05:00:18:59
05.03.2026_10:00:46.250,AA:55:03:AB:08:C6:05:13:00:A5:0F:1B:1B:1D:03:00:5E:00:3F:32:06:00:18:88
05.03.2026_10:00:46.275,AA:55:10:AF:0B:F8:08:0C:09:F7:08:D5:00:32:01:29:18:15:1D:25:05:00:49:BC
05.03.2026_10:00:46.300,AA:55:01:EB:08:C9:05:9F:00:B9:0F:31:2C:25:71:03:B9:03:01:31:04:00:19:29
05.03.2026_10:00:46.325,AA:55:02:AB:08:CA:05:12:00:A5:0F:19:1F:19:00:00:C4:00:80:31:05:00:18:2B
05.03.2026_10:00:46.350,AA:55:03:AB:08:C7:05:12:00:A2:0F:1B:1B:1B:07:00:5A:00:3F:32:06:00:18:83
05.03.2026_10:00:46.375,AA:55:10:AF:0B:FE:08:09:09:F4:08:CB:00:33:01:2A:18:15:1D:FA:04:00:49:88
05.03.2026_10:00:46.400,AA:55:01:EB:08:CA:05:A2:00:B5:0F:31:2C:26:85:03:C8:03:02:31:04:00:19:4E
05.03.2026_10:00:46.425,AA:55:02:AB:08:C8:05:1A:00:A4:0F:19:1F:18:0F:00:1C:01:80:31:05:00:18:97
05.03.2026_10:00:46.450,AA:55:03:AB:08:CA:05:15:00:A5:0F:1B:1B:1A:00:00:68:00:3F:32:06:00:18:92
05.03.2026_10:00:46.475,AA:55:10:AF:0B:F8:08:08:09:F3:08:DB:00:33:01:2A:18:15:1D:6E:05:00:49:05
05.03.2026_10:00:46.500,AA:55:01:EB:08:C6:05:AB:00:BD:0F:31:2C:23:A1:03:01:04:02:31:04:00:19:AE
05.03.2026_10:00:46.525,AA:55:02:AB:08:C6:05:14:00:A1:0F:19:1F:18:00:00:D7:00:81:31:05:00:18:38
05.03.2026_10:00:46.550,AA:55:03:AB:08:CA:05:14:00:A0:0F:1B:1B:1A:00:00:64:00:40:32:06:00:18:89
05.03.2026_10:00:46.575,AA:55:10:AF:0B:00:09:0D:09:F3:08:DE:00:34:01:29:18:15:1D:5F:05:00:49:07
05.03.2026_10:00:46.600,AA:55:01:EB:08:C8:05:AE:00:B7:0F:31:2D:23:BA:03:10:04:03:31:04:00:19:D7
05.03.2026_10:00:46.625,AA:55:02:AB:08:C7:05:16:00:A6:0F:19:1F:1C:01:00:F7:00:81:31:05:00:18:65
05.03.2026_10:00:46.650,AA:55:03:AB:08:C6:05:0F:00:A2:0F:1B:1B:1B:00:00:4E:00:40:32:06:00:18:6D
05.03.2026_10:00:46.675,AA:55:10:AF:0B:F8:08:0B:09:F6:08:E2:00:35:01:29:18:15:1D:78:05:00:49:1D
05.03.2026_10:00:46.700,AA:55:01:EB:08:CA:05:AF:00:BA:0F:31:2C:24:C2:03:1C:04:03:31:04:00:19:F1
05.03.2026_10:00:46.725,AA:55:02:AB:08:CA:05:18:00:A8:0F:19:1F:1A:08:00:0A:01:81:31:05:00:18:85
05.03.2026_10:00:46.750,AA:55:03:AB:08:C8:05:10:00:A3:0F:1B:1C:1A:00:00:51:00:40:32:06:00:18:74
05.03.2026_10:00:46.775,AA:55:10:AF:0B:00:09:08:09:F5:08:E3:00:35:01:29:18:15:1D:9A:05:00:49:45
05.03.2026_10:00:46.800,AA:55:01:EB:08:CA:05:B1:00:BB:0F:32:2C:25:E0:03:28:04:03:31:04:00:19:20
05.03.2026_10:00:46.825,AA:55:02:AB:08:C8:05:13:00:A5:0F:19:20:19:06:00:D3:00:82:31:05:00:18:42
05.03.2026_10:00:46.850,AA:55:03:AB:08:C9:05:10:00:A3:0F:1B:1C:19:00:00:52:00:41:32:06:00:18:76
05.03.2026_10:00:46.875,AA:55:10:AF:0B:FA:08:0B:09:F9:08:DD:00:35:01:2A:18:15:1D:70:05:00:49:16
05.03.2026_10:00:46.900,AA:55:01:EB:08:C8:05:B6:00:BC:0F:31:2C:28:FB:03:41:04:04:31:04:00:19:5B
05.03.2026_10:00:46.925,AA:55:02:AB:08:CA:05:15:00:9F:0F:1A:1F:1B:0D:00:E7:00:82:31:05:00:18:5D
05.03.2026_10:00:46.950,AA:55:03:AB:08:C7:05:11:00:A6:0F:1B:1B:1A:01:00:57:00:41:32:06:00:18:7E
05.03.2026_10:00:46.975,AA:55:10:AF:0B:FE:08:08:09:FB:08:E7:00:35:01:29:18:15:1D:A3:05:00:49:55
05.03.2026_10:00:47.000,AA:55:01:EB:08:C5:05:B8:00:BC:0F:32:2C:26:17:04:51:04:04:31:04:00:19:86
05.03.2026_10:00:47.025,AA:55:02:AB:08:C7:05:12:00:9F:0F:19:20:19:01:00:C7:00:82:31:05:00:18:29
05.03.2026_10:00:47.050,AA:55:03:AB:08:CA:05:13:00:A4:0F:1B:1B:1B:00:00:5E:00:42:32:06:00:18:89
05.03.2026_10:00:47.075,AA:55:10:AF:0B:FD:08:0F:09:F8:08:E6:00:35:01:29:18:15:1D:99:05:00:4A:4E
05.03.2026_10:00:47.100,AA:55:01:EB:08:C8:05:C4:00:BC:0F:32:2D:25:35:04:96:04:04:31:04:00:19:F8
05.03.2026_10:00:47.125,AA:55:02:AB:08:C8:05:16:00:A0:0F:1A:1F:1B:0B:00:EE:00:83:31:05:00:18:63
05.03.2026_10:00:47.150,AA:55:03:AB:08:CB:05:16:00:A2:0F:1B:1C:1B:00:00:6E:00:42:32:06:00:18:9C
05.03.2026_10:00:47.175,AA:55:10:AF:0B:FD:08:0B:09:F6:08:FE:00:36:01:29:18:15:1D:14:06:00:4A:DD
05.03.2026_10:00:47.200,AA:55:01:EB:08:CA:05:C3:00:C0:0F:32:2C:25:3E:04:91:04:05:31:04:00:19:01
05.03.2026_10:00:47.225,AA:55:02:AB:08:C5:05:17:00:A7:0F:19:20:1B:06:00:F9:00:83:31:05:00:18:6E
05.03.2026_10:00:47.250,AA:55:03:AB:08:C9:05:16:00:A7:0F:1B:1C:19:00:00:6E:00:42:32:06:00:18:9D
05.03.2026_10:00:47.275,AA:55:10:AF:0B:FC:08:0F:09:F8:08:FE:00:36:01:29:18:15:1D:1C:06:00:4A:EA
05.03.2026_10:00:47.300,AA:55:01:EB:08:CA:05:CA:00:BD:0F:32:2D:29:5C:04:BA:04:05:31:04:00:19:51
05.03.2026_10:00:47.325,AA:55:02:AB:08:C7:05:18:00:A1:0F:19:20:1B:01:00:04:01:83:31:05:00:18:72
05.03.2026_10:00:47.350,AA:55:03:AB:08:C9:05:15:00:A7:0F:1A:1C:1B:0A:00:68:00:43:32:06:00:18:A2
05.03.2026_10:00:47.375,AA:55:10:AF:0B:00:09:07:09:F4:08:04:01:37:01:29:18:15:1D:49:06:00:4A:18
05.03.2026_10:00:47.400,AA:55:01:EB:08:CA:05:CA:00:BF:0F:32:2D:26:73:04:BF:04:05:31:04:00:19:6C
05.03.2026_10:00:47.425,AA:55:02:AB:08:CA:05:16:00:A3:0F:19:20:1B:03:00:F0:00:84:31:05:00:18:63
05.03.2026_10:00:47.450,AA:55:03:AB:08:C7:05:17:00:A3:0F:1A:1C:1B:0A:00:73:00:43:32:06:00:18:A9
05.03.2026_10:00:47.475,AA:55:10:AF:0B:FD:08:0D:09:F5:08:07:01:37:01:29:18:15:1D:45:06:00:4A:1A
05.03.2026_10:00:47.500,AA:55:01:EB:08:C8:05:CE:00:C3:0F:32:2D:29:91:04:D5:04:06:31:04:00:19:AA
05.03.2026_10:00:47.525,AA:55:02:AB:08:C5:05:17:00:A7:0F:1A:20:1B:0E:00:FC:00:84:31:05:00:18:7B
05.03.2026_10:00:47.550,AA:55:03:AB:08:C6:05:12:00:9F:0F:1A:1C:1B:00:00:5A:00:43:32:06:00:18:7C
05.03.2026_10:00:47.575,AA:55:10:AF:0B:F9:08:0C:09:F6:08:00:01:38:01:29:18:15:1D:4E:06:00:4A:19
05.03.2026_10:00:47.600,AA:55:01:EB:08:C8:05:D0:00:C1:0F:32:2D:26:AA:04:E3:04:06:31:04:00:19:CE
05.03.2026_10:00:47.625,AA:55:02:AB:08:CB:05:15:00:A0:0F:19:20:18:09:00:EC:00:85:31:05:00:18:60
05.03.2026_10:00:47.650,AA:55:03:AB:08:CB:05:18:00:A0:0F:1A:1C:1A:0E:00:7A:00:44:32:06:00:18:B6
05.03.2026_10:00:47.675,AA:55:10:AF:0B:FA:08:0A:09:F8:08:0A:01:38:01:29:18:15:1D:6C:06:00:4A:42
05.03.2026_10:00:47.700,AA:55:01:EB:08:C6:05:DA:00:C4:0F:32:2D:2A:C8:04:1C:05:06:31:04:00:19:35
05.03.2026_10:00:47.725,AA:55:02:AB:08:C7:05:16:00:A4:0F:19:20:18:01:00:EF:00:85:31:05:00:18:5C
05.03.2026_10:00:47.750,AA:55:03:AB:08:C7:05:16:00:9F:0F:1B:1C:1B:0E:00:6F:00:44:32:06:00:18:A6
05.03.2026_10:00:47.775,AA:55:10:AF:0B:FF:08:08:09:F4:08:12:01:38:01:29:18:15:1D:9D:06:00:4A:7A
05.03.2026_10:00:47.800,AA:55:01:EB:08:C7:05:D8:00:BD:0F:32:2D:27:D4:04:11:05:07:31:04:00:19:2C
05.03.2026_10:00:47.825,AA:55:02:AB:08:C6:05:15:00:A5:0F:19:20:1C:00:00:E8:00:85:31:05:00:18:57
05.03.2026_10:00:47.850,AA:55:03:AB:08:C7:05:15:00:A6:0F:1A:1C:1B:05:00:69:00:44:32:06:00:18:9C
05.03.2026_10:00:47.875,AA:55:10:AF:0B:F9:08:0E:09:FB:08:11:01:39:01:29:18:15:1D:85:06:00:4A:69
05.03.2026_10:00:47.900,AA:55:01:EB:08:CB:05:E2:00:C5:0F:33:2D:29:F2:04:4E:05:07:31:04:00:19:A0
05.03.2026_10:00:47.925,AA:55:02:AB:08:CA:05:16:00:A3:0F:1A:20:1C:00:00:EF:00:86:31:05:00:18:63
05.03.2026_10:00:47.950,AA:55:03:AB:08:CB:05:12:00:A0:0F:1A:1C:1A:00:00:5B:00:45:32:06:00:18:84
05.03.2026_10:00:47.975,AA:55:10:AF:0B:FE:08:0B:09:F7:08:16:01:39:01:29:18:15:1D:BB:06:00:4A:A2
05.03.2026_10:00:48.000,AA:55:01:ED:08:C5:05:E0:00:C4:0F:33:2D:28:F0:04:40:05:08:31:04:03:19:8C
05.03.2026_10:00:48.025,AA:55:02:AB:08:C7:05:10:00:A0:0F:19:20:19:00:00:AD:00:86:31:05:00:18:11
05.03.2026_10:00:48.050,AA:55:03:AB:08:C6:05:15:00:A2:0F:1A:1C:19:05:00:69:00:45:32:06:00:18:96
05.03.2026_10:00:48.075,AA:55:10:EF:0B:FC:08:0E:09:F3:08:0F:01:39:01:29:18:15:1D:79:06:15:4B:AC
05.03.2026_10:00:48.100,AA:55:01:ED:08:CB:05:DC:00:C1:0F:33:2D:28:F8:04:2C:05:08:31:04:03:19:7F
05.03.2026_10:00:48.125,AA:55:02:AB:08:C7:05:15:00:A1:0F:19:20:1C:00:00:E8:00:86:31:05:00:18:55
05.03.2026_10:00:48.150,AA:55:03:AB:08:CB:05:14:00:A5:0F:1A:1C:1B:00:00:64:00:46:32:06:00:18:96
05.03.2026_10:00:48.175,AA:55:10:EF:0B:FD:08:0A:09:F6:08:0E:01:3A:01:28:18:15:1D:9B:06:15:4B:CD
05.03.2026_10:00:48.200,AA:55:01:ED:08:C7:05:DD:00:C1:0F:33:2D:2B:F8:04:2D:05:08:31:04:03:19:80
05.03.2026_10:00:48.225,AA:55:02:AB:08:C6:05:14:00:A1:0F:19:20:1C:00:00:DD:00:87:31:05:00:18:49
05.03.2026_10:00:48.250,AA:55:03:AB:08:C9:05:10:00:A4:0F:19:1C:1C:00:00:52:00:46:32:06:00:18:7D
05.03.2026_10:00:48.275,AA:55:10:EF:0B:FC:08:06:09:F9:08:0A:01:3A:01:28:18:15:1D:7F:06:15:4B:AB
05.03.2026_10:00:48.300,AA:55:01:ED:08:C9:05:E2:00:C5:0F:33:2D:2C:F6:04:4F:05:09:31:04:03:19:AD
05.03.2026_10:00:48.325,AA:55:02:AB:08:C8:05:15:00:A7:0F:19:20:1C:00:00:E7:00:87:31:05:00:18:5C
05.03.2026_10:00:48.350,AA:55:03:AB:08:CA:05:11:00:A1:0F:1A:1C:1A:00:00:54:00:46:32:06:00:18:7D
05.03.2026_10:00:48.375,AA:55:10:EF:0B:FC:08:09:09:F3:08:14:01:3A:01:29:18:15:1D:AD:06:15:4B:E1
05.03.2026_10:00:48.400,AA:55:01:ED:08:C7:05:E3:00:BF:0F:33:2D:28:0A:05:55:05:09:31:04:03:19:BD
05.03.2026_10:00:48.425,AA:55:02:AB:08:CA:05:10:00:A5:0F:19:20:18:00:00:B1:00:87:31:05:00:18:1D
05.03.2026_10:00:48.450,AA:55:03:AB:08:C7:05:12:00:A3:0F:1A:1C:18:00:00:5A:00:47:32:06:00:18:82
05.03.2026_10:00:48.475,AA:55:10:EF:0B:FF:08:07:09:F4:08:14:01:3A:01:29:18:15:1D:83:06:15:4B:B9
05.03.2026_10:00:48.500,AA:55:01:ED:08:CA:05:E0:00:C5:0F:33:2D:2A:0A:05:40:05:09:31:04:03:19:B0
05.03.2026_10:00:48.525,AA:55:02:AB:08:CB:05:13:00:A1:0F:19:20:18:00:00:D1:00:88:31:05:00:18:3E
05.03.2026_10:00:48.550,AA:55:03:AB:08:CB:05:17:00:A0:0F:19:1C:18:05:00:72:00:47:32:06:00:18:A4
05.03.2026_10:00:48.575,AA:55:10:EF:0B:FE:08:06:09:F9:08:12:01:3B:01:28:18:15:1D:A6:06:15:4B:DD
05.03.2026_10:00:48.600,AA:55:01:ED:08:C5:05:E4:00:C2:0F:33:2E:2C:07:05:58:05:0A:31:04:03:19:C5
05.03.2026_10:00:48.625,AA:55:02:AB:08:C9:05:0F:00:A5:0F:19:20:18:00:00:A9:00:88:31:05:00:18:14
05.03.2026_10:00:48.650,AA:55:03:AB:08:C8:05:11:00:A3:0F:1A:1C:19:01:00:54:00:47:32:06:00:18:7E
05.03.2026_10:00:48.675,AA:55:10:EF:0B:00:09:09:09:F2:08:0D:01:3B:01:28:18:15:1D:78:06:15:4B:A9
05.03.2026_10:00:48.700,AA:55:01:ED:08:CB:05:DE:00:C2:0F:33:2D:28:FF:04:34:05:0A:31:04:03:19:93
05.03.2026_10:00:48.725,AA:55:02:AB:08:CA:05:14:00:A1:0F:19:20:1A:0C:00:E0:00:88:31:05:00:18:5B
05.03.2026_10:00:48.750,AA:55:03:AB:08:C8:05:15:00:A2:0F:19:1D:1C:0E:00:6C:00:48:32:06:00:18:AA
05.03.2026_10:00:48.775,AA:55:10:EF:0B:01:09:0E:09:FA:08:11:01:3C:01:29:18:15:1D:A3:06:15:4B:E8
05.03.2026_10:00:48.800,AA:55:01:ED:08:C8:05:DF:00:BF:0F:33:2E:28:02:05:3D:05:0A:31:04:03:19:9C
05.03.2026_10:00:48.825,AA:55:02:AB:08:C6:05:14:00:A5:0F:18:20:1A:00:00:D7:00:89:31:05:00:18:46
05.03.2026_10:00:48.850,AA:55:03:AB:08:C9:05:19:00:A1:0F:19:1D:1D:0D:00:7E:00:48:32:06:00:18:C0
05.03.2026_10:00:48.875,AA:55:10:EF:0B:F7:08:10:09:F5:08:16:01:3C:01:29:18:15:1D:B5:06:15:4B:F1
05.03.2026_10:00:48.900,AA:55:01:ED:08:CA:05:E3:00:C3:0F:33:2D:2A:00:05:56:05:0B:31:04:03:19:BF
05.03.2026_10:00:48.925,AA:55:02:AB:08:C6:05:15:00:A4:0F:19:20:1C:00:00:E7:00:89:31:05:00:18:59
05.03.2026_10:00:48.950,AA:55:03:AB:08:CB:05:15:00:A2:0F:19:1D:1C:06:00:6A:00:48:32:06:00:18:A3
05.03.2026_10:00:48.975,AA:55:10:EF:0B:FF:08:06:09:F2:08:18:01:3C:01:29:18:15:1D:CB:06:15:4B:04
05.03.2026_10:00:49.000,AA:55:01:ED:08:CA:05:E0:00:C2:0F:33:2D:2B:EC:04:43:05:0B:31:04:03:19:94
05.03.2026_10:00:49.025,AA:55:02:AB:08:CB:05:10:00:A3:0F:18:20:18:00:00:B0:00:8A:31:05:00:18:1D
05.03.2026_10:00:49.050,AA:55:03:AB:08:C8:05:15:00:A5:0F:19:1D:18:00:00:68:00:49:32:06:00:18:98
05.03.2026_10:00:49.075,AA:55:10:EF:0B:FB:08:0A:09:F8:08:12:01:3C:01:29:18:15:1D:7E:06:15:4C:B8
05.03.2026_10:00:49.100,AA:55:01:ED:08:C9:05:DC:00:C1:0F:33:2E:27:F5:04:2B:05:0C:31:04:03:19:7D
05.03.2026_10:00:49.125,AA:55:02:AB:08:C7:05:16:00:A5:0F:19:21:1A:00:00:ED:00:8A:31:05:00:18:62
05.03.2026_10:00:49.150,AA:55:03:AB:08:C8:05:14:00:A2:0F:1A:1C:1C:09:00:65:00:49:32:06:00:18:9E
05.03.2026_10:00:49.175,AA:55:10:EF:0B:FE:08:0E:09:F8:08:10:01:3D:01:28:18:15:1D:A0:06:15:4C:DF
05.03.2026_10:00:49.200,AA:55:01:ED:08:C7:05:DC:00:BE:0F:34:2E:27:F4:04:26:05:0C:31:04:03:19:73
05.03.2026_10:00:49.225,AA:55:02:AB:08:C6:05:13:00:A5:0F:19:21:17:00:00:CE:00:8A:31:05:00:18:3C
05.03.2026_10:00:49.250,AA:55:03:AB:08:C5:05:11:00:A2:0F:19:1D:18:00:00:57:00:49:32:06:00:18:7D
05.03.2026_10:00:49.275,AA:55:10:EF:0B:FC:08:10:09:F2:08:0A:01:3D:01:28:18:15:1D:6D:06:15:4C:A0
05.03.2026_10:00:49.300,AA:55:01:ED:08:CB:05:E0:00:BF:0F:34:2E:2A:F2:04:3F:05:0C:31:04:03:19:96
05.03.2026_10:00:49.325,AA:55:02:AB:08:C9:05:15:00:A0:0F:18:21:17:01:00:E9:00:8B:31:05:00:18:58
05.03.2026_10:00:49.350,AA:55:03:AB:08:CA:05:12:00:A1:0F:1A:1D:1B:08:00:5B:00:4A:32:06:00:18:93
05.03.2026_10:00:49.375,AA:55:10:EF:0B:FE:08:0C:09:F8:08:16:01:3E:01:29:18:15:1D:A6:06:15:4C:EB
05.03.2026_10:00:49.400,AA:55:01:ED:08:C6:05:E3:00:BE:0F:34:2E:28:01:05:53:05:0D:31:04:03:19:B6
05.03.2026_10:00:49.425,AA:55:02:AB:08:C5:05:0F:00:A3:0F:19:21:1B:00:00:AA:00:8B:31:05:00:18:16
05.03.2026_10:00:49.450,AA:55:03:AB:08:CB:05:17:00:A7:0F:1A:1D:18:06:00:73:00:4A:32:06:00:18:B2
05.03.2026_10:00:49.475,AA:55:10:EF:0B:FC:08:0C:09:F4:08:13:01:3E:01:29:18:15:1D:94:06:15:4C:D0
05.03.2026_10:00:49.500,AA:55:01:ED:08:C7:05:E1:00:C5:0F:34:2E:28:06:05:48:05:0D:31:04:03:19:B6
05.03.2026_10:00:49.525,AA:55:02:AB:08:C7:05:17:00:A0:0F:18:21:18:09:00:FE:00:8B:31:05:00:18:76
05.03.2026_10:00:49.550,AA:55:03:AB:08:C8:05:13:00:A7:0F:1A:1D:1A:04:00:5E:00:4B:32:06:00:18:97
05.03.2026_10:00:49.575,AA:55:10:EF:0B:F7:08:0B:09:F5:08:1A:01:3F:01:29:18:15:1D:C7:06:15:4C:06
05.03.2026_10:00:49.600,AA:55:01:ED:08:C8:05:E0:00:C3:0F:34:2E:28:FE:04:44:05:0D:31:04:03:19:A7
05.03.2026_10:00:49.625,AA:55:02:AB:08:CA:05:14:00:A1:0F:19:21:18:02:00:DD:00:8C:31:05:00:18:51
05.03.2026_10:00:49.650,AA:55:03:AB:08:C9:05:14:00:A0:0F:1A:1D:1A:07:00:63:00:4B:32:06:00:18:9A
05.03.2026_10:00:49.675,AA:55:10:EF:0B:FB:08:0C:09:F4:08:16:01:3F:01:29:18:15:1D:A8:06:15:4C:E7
05.03.2026_10:00:49.700,AA:55:01:ED:08:C7:05:E0:00:BE:0F:34:2E:2A:F0:04:41:05:0E:31:04:03:19:93
05.03.2026_10:00:49.725,AA:55:02:AB:08:C7:05:17:00:A1:0F:19:21:1C:00:00:FB:00:8C:31:05:00:18:71
05.03.2026_10:00:49.750,AA:55:03:AB:08:C8:05:16:00:A3:0F:1A:1D:19:0A:00:6F:00:4B:32:06:00:18:AC
05.03.2026_10:00:49.775,AA:55:10:EF:0B:00:09:0D:09:F5:08:17:01:3F:01:29:18:15:1D:CE:06:15:4C:16
05.03.2026_10:00:49.800,AA:55:01:ED:08:C7:05:DF:00:BE:0F:34:2E:2A:F3:04:3D:05:0E:31:04:03:19:91
05.03.2026_10:00:49.825,AA:55:02:AB:08:C7:05:14:00:9F:0F:19:21:19:0B:00:DB:00:8C:31:05:00:18:54
05.03.2026_10:00:49.850,AA:55:03:AB:08:C8:05:18:00:A7:0F:19:1D:1C:0B:00:77:00:4C:32:06:00:18:BE
05.03.2026_10:00:49.875,AA:55:10:EF:0B:FB:08:0D:09:F9:08:1A:01:40:01:28:18:15:1D:B2:06:15:4C:FB
05.03.2026_10:00:49.900,AA:55:01:ED:08:C6:05:E2:00:C1:0F:34:2E:28:00:05:4B:05:0E:31:04:03:19:B0
05.03.2026_10:00:49.925,AA:55:02:AB:08:CA:05:12:00:A2:0F:19:21:1B:01:00:C5:00:8D:31:05:00:18:3B
05.03.2026_10:00:49.950,AA:55:03:AB:08:C6:05:16:00:A6:0F:19:1D:1B:07:00:6D:00:4C:32:06:00:18:AA
05.03.2026_10:00:49.975,AA:55:10:EF:0B:F9:08:0B:09:F8:08:14:01:41:01:28:18:15:1D:9F:06:15:4C:DE
05.03.2026_10:00:50.000,AA:55:01:ED:08:CA:05:DB:00:BF:0F:35:2E:2B:EE:04:24:05:0F:31:04:03:19:76
05.03.2026_10:00:50.025,AA:55:02:AB:08:C9:05:11:00:A5:0F:19:21:18:00:00:B8:00:8D:31:05:00:18:2B
05.03.2026_10:00:50.050,AA:55:03:AB:08:C8:05:14:00:A7:0F:1A:1D:1B:03:00:63:00:4C:32:06:00:18:9E
05.03.2026_10:00:50.075,AA:55:10:EF:0B:00:09:06:09:F8:08:09:01:41:01:29:18:15:1D:62:06:15:4D:9B
05.03.2026_10:00:50.100,AA:55:01:ED:08:C9:05:E3:00:C5:0F:34:2E:28:00:05:55:05:0F:31:04:03:19:C3
05.03.2026_10:00:50.125,AA:55:02:AB:08:C7:05:16:00:A5:0F:19:21:17:09:00:ED:00:8E:31:05:00:18:6C
05.03.2026_10:00:50.150,AA:55:03:AB:08:C9:05:19:00:A0:0F:19:1D:1B:0A:00:7E:00:4D:32:06:00:18:BF
05.03.2026_10:00:50.175,AA:55:10:EF:0B:FE:08:08:09:F3:08:1D:01:42:01:28:18:15:1D:E4:06:15:4D:2B
05.03.2026_10:00:50.200,AA:55:01:ED:08:C6:05:E0:00:C3:0F:35:2E:2A:EF:04:45:05:0F:31:04:03:19:9C
05.03.2026_10:00:50.225,AA:55:02:AB:08:CB:05:17:00:A4:0F:19:21:19:0B:00:FD:00:8E:31:05:00:18:84
05.03.2026_10:00:50.250,AA:55:03:AB:08:C8:05:16:00:A1:0F:1A:1D:1C:04:00:6E:00:4D:32:06:00:18:A8
05.03.2026_10:00:50.275,AA:55:10:EF:0B:FE:08:0F:09:F3:08:1A:01:42:01:28:18:15:1D:D3:06:15:4D:1E
05.03.2026_10:00:50.300,AA:55:01:ED:08:C9:05:E3:00:C2:0F:35:2E:28:00:05:53:05:10:31:04:03:19:C0
05.03.2026_10:00:50.325,AA:55:02:AB:08:C5:05:16:00:A0:0F:19:21:1A:07:00:F1:00:8E:31:05:00:18:6A
05.03.2026_10:00:50.350,AA:55:03:AB:08:C7:05:15:00:A0:0F:1A:1D:1C:00:00:68:00:4D:32:06:00:18:9B
05.03.2026_10:00:50.375,AA:55:10:EF:0B:FE:08:0F:09:F8:08:19:01:42:01:29:18:15:1D:CF:06:15:4D:1F
05.03.2026_10:00:50.400,AA:55:01:ED:08:C6:05:E3:00:C1:0F:35:2E:28:FE:04:56:05:10:31:04:03:19:BC
05.03.2026_10:00:50.425,AA:55:02:AB:08:CA:05:16:00:A5:0F:19:21:1A:00:00:EE:00:8F:31:05:00:18:6B
05.03.2026_10:00:50.450,AA:55:03:AB:08:C8:05:11:00:A2:0F:1A:1D:1A:00:00:56:00:4E:32:06:00:18:87
05.03.2026_10:00:50.475,AA:55:10:EF:0B:FE:08:0B:09:F4:08:18:01:42:01:29:18:15:1D:BC:06:15:4D:03
05.03.2026_10:00:50.500,AA:55:01:ED:08:C8:05:DD:00:C3:0F:35:2E:27:ED:04:32:05:11:31:04:03:19:85
05.03.2026_10:00:50.525,AA:55:02:AB:08:C9:05:14:00:A3:0F:19:22:1A:00:00:D8:00:8F:31:05:00:18:51
05.03.2026_10:00:50.550,AA:55:03:AB:08:CA:05:16:00:A0:0F:19:1D:19:02:00:71:00:4E:32:06:00:18:A7
05.03.2026_10:00:50.575,AA:55:10:EF:0B:00:09:0B:09:F6:08:12:01:42:01:29:18:15:1D:9E:06:15:4D:E4
05.03.2026_10:00:50.600,AA:55:01:ED:08:C6:05:DD:00:BD:0F:35:2E:2A:F7:04:31:05:11:31:04:03:19:89
05.03.2026_10:00:50.625,AA:55:02:AB:08:C6:05:15:00:A3:0F:19:21:1C:00:00:E4:00:8F:31:05:00:18:5C
05.03.2026_10:00:50.650,AA:55:03:AB:08:CA:05:18:00:A4:0F:19:1D:1C:0D:00:78:00:4F:32:06:00:18:C3
05.03.2026_10:00:50.675,AA:55:10:EF:0B:FC:08:08:09:F2:08:13:01:43:01:29:18:15:1D:B0:06:15:4D:EC
05.03.2026_10:00:50.700,AA:55:01:ED:08:C7:05:DF:00:C1:0F:35:2F:29:ED:04:3B:05:11:31:04:03:19:90
05.03.2026_10:00:50.725,AA:55:02:AB:08:C6:05:16:00:A7:0F:19:21:1D:01:00:F3:00:90:31:05:00:18:73
05.03.2026_10:00:50.750,AA:55:03:AB:08:C9:05:15:00:A4:0F:19:1D:1B:0D:00:6A:00:4F:32:06:00:18:B0
05.03.2026_10:00:50.775,AA:55:10:EF:0B:FD:08:0E:09:F6:08:15:01:42:01:28:18:15:1D:BC:06:15:4D:03
05.03.2026_10:00:50.800,AA:55:01:ED:08:C8:05:DF:00:C0:0F:35:2F:2A:F3:04:3A:05:12:31:04:03:19:97
05.03.2026_10:00:50.825,AA:55:02:AB:08:C7:05:14:00:A6:0F:19:21:1D:00:00:DC:00:90:31:05:00:18:59
05.03.2026_10:00:50.850,AA:55:03:AB:08:C9:05:12:00:9F:0F:19:1D:19:00:00:5C:00:4F:32:06:00:18:8B
05.03.2026_10:00:50.875,AA:55:10:EF:0B:FC:08:0F:09:F5:08:13:01:43:01:28:18:15:1D:95:06:15:4D:DA
05.03.2026_10:00:50.900,AA:55:01:ED:08:C6:05:E1:00:C2:0F:35:2E:2A:FF:04:46:05:12:31:04:03:1A:B1
05.03.2026_10:00:50.925,AA:55:02:AB:08:C6:05:14:00:A5:0F:19:21:19:0D:00:DC:00:90:31:05:00:18:60
05.03.2026_10:00:50.950,AA:55:03:AB:08:C7:05:13:00:A5:0F:1A:1E:1B:08:00:61:00:50:32:06:00:18:A2
05.03.2026_10:00:50.975,AA:55:10:EF:0B:FA:08:08:09:FA:08:16:01:43:01:29:18:15:1D:A6:06:15:4D:EB
05.03.2026_10:00:51.000,AA:55:01:ED:08:C6:05:E2:00:C5:0F:35:2E:2A:07:05:52:05:12:31:04:03:19:C9
05.03.2026_10:00:51.025,AA:55:02:AB:08:C9:05:10:00:A2:0F:19:22:1B:00:00:B4:00:91:31:05:00:18:2B
05.03.2026_10:00:51.050,AA:55:03:AB:08:C9:05:17:00:A0:0F:19:1E:19:05:00:75:00:50:32:06:00:18:B1
05.03.2026_10:00:51.075,AA:55:10:EF:0B:F7:08:07:09:F8:08:18:01:43:01:29:18:15:1D:9D:06:15:4E:DF
05.03.2026_10:00:51.100,AA:55:01:ED:08:C6:05:DF:00:C0:0F:35:2F:2C:F5:04:3D:05:13:31:04:03:19:9D
05.03.2026_10:00:51.125,AA:55:02:AB:08:C7:05:13:00:A0:0F:19:22:1B:00:00:CE:00:91:31:05:00:18:44
05.03.2026_10:00:51.150,AA:55:03:AB:08:CA:05:13:00:A6:0F:1A:1D:19:0A:00:61:00:50:32:06:00:18:A5
05.03.2026_10:00:51.175,AA:55:10:EF:0B:FC:08:0B:09:F2:08:0E:01:44:01:28:18:15:1D:8F:06:15:4E:CA
05.03.2026_10:00:51.200,AA:55:01:ED:08:C9:05:E2:00:C3:0F:35:2F:2B:08:05:4C:05:13:31:04:03:19:C8
05.03.2026_10:00:51.225,AA:55:02:AB:08:C6:05:14:00:A5:0F:19:22:1B:04:00:E0:00:91:31:05:00:18:5F
05.03.2026_10:00:51.250,AA:55:03:AB:08:C8:05:17:00:9F:0F:1A:1E:1C:0A:00:72:00:51:32:06:00:18:B6
05.03.2026_10:00:51.275,AA:55:10:EF:0B:FC:08:0C:09:FA:08:18:01:44:01:28:18:15:1D:C1:06:15:4E:0F
05.03.2026_10:00:51.300,AA:55:01:ED:08:C8:05:E2:00:C1:0F:36:2F:2A:0A:05:51:05:13:31:04:03:19:CC
05.03.2026_10:00:51.325,AA:55:02:AB:08:C9:05:16:00:A3:0F:19:22:1A:00:00:F1:00:92:31:05:00:18:6F
05.03.2026_10:00:51.350,AA:55:03:AB:08:C8:05:15:00:A3:0F:19:1D:1B:00:00:6C:00:51:32:06:00:18:A5
05.03.2026_10:00:51.375,AA:55:10:EF:0B:FB:08:09:09:F8:08:16:01:44:01:28:18:15:1D:D1:06:15:4E:17
05.03.2026_10:00:51.400,AA:55:01:ED:08:C8:05:DB:00:C2:0F:36:2F:27:EE:04:22:05:14:31:04:03:1A:79
05.03.2026_10:00:51.425,AA:55:02:AB:08:C9:05:10:00:A4:0F:19:22:1A:00:00:B1:00:92:31:05:00:18:2A
05.03.2026_10:00:51.450,AA:55:03:AB:08:C6:05:18:00:A2:0F:19:1E:18:0C:00:7B:00:51:32:06:00:18:BE
05.03.2026_10:00:51.475,AA:55:10:EF:0B:FF:08:0E:09:F6:08:12:01:45:01:29:18:15:1D:71:06:15:4E:BC
05.03.2026_10:00:51.500,AA:55:01:ED:08:C9:05:E1:00:C2:0F:36:2F:29:F7:04:46:05:14:31:04:03:19:AE
05.03.2026_10:00:51.525,AA:55:02:AB:08:C8:05:0F:00:A1:0F:18:22:1A:00:00:A3:00:93:31:05:00:18:17
05.03.2026_10:00:51.550,AA:55:03:AB:08:C9:05:12:00:A3:0F:19:1E:1C:00:00:59:00:52:32:06:00:18:93
05.03.2026_10:00:51.575,AA:55:10:EF:0B:FB:08:0A:09:F8:08:0F:01:45:01:28:18:15:1D:66:06:15:4E:A7
05.03.2026_10:00:51.600,AA:55:01:ED:08:C8:05:E3:00:C0:0F:36:2F:2B:FA:04:54:05:15:31:04:03:19:C1
05.03.2026_10:00:51.625,AA:55:02:AB:08:C7:05:13:00:A6:0F:19:22:1C:05:00:CE:00:93:31:05:00:18:52
05.03.2026_10:00:51.650,AA:55:03:AB:08:CA:05:14:00:A1:0F:19:1E:1C:00:00:67:00:52:32:06:00:18:A2
05.03.2026_10:00:51.675,AA:55:10:EF:0B:FB:08:0C:09:F8:08:1A:01:45:01:29:18:15:1D:AC:06:15:4E:FB
05.03.2026_10:00:51.700,AA:55:01:ED:08:CA:05:E1:00:BF:0F:36:2F:28:F2:04:47:05:15:31:04:03:19:A8
05.03.2026_10:00:51.725,AA:55:02:AB:08:CB:05:13:00:A0:0F:19:22:1B:0B:00:D2:00:93:31:05:00:18:59
05.03.2026_10:00:51.750,AA:55:03:AB:08:C8:05:18:00:A6:0F:19:1E:1D:05:00:77:00:52:32:06:00:18:BF
05.03.2026_10:00:51.775,AA:55:10:EF:0B:FF:08:0F:09:F5:08:14:01:46:01:29:18:15:1D:B4:06:15:4E:02
05.03.2026_10:00:51.800,AA:55:01:ED:08:C7:05:DC:00:C0:0F:36:2F:29:F8:04:2C:05:15:31:04:03:19:8D
05.03.2026_10:00:51.825,AA:55:02:AB:08:C6:05:13:00:A3:0F:19:22:1B:0A:00:D2:00:94:31:05:00:18:57
05.03.2026_10:00:51.850,AA:55:03:AB:08:C8:05:14:00:A4:0F:19:1E:1B:00:00:65:00:53:32:06:00:18:A1
05.03.2026_10:00:51.875,AA:55:10:EF:0B:00:09:0C:09:F8:08:13:01:46:01:29:18:15:1D:87:06:15:4E:D6
05.03.2026_10:00:51.900,AA:55:01:ED:08:C8:05:E1:00:C2:0F:36:2F:2B:F0:04:47:05:16:31:04:03:1A:AC
05.03.2026_10:00:51.925,AA:55:02:AB:08:C8:05:11:00:A5:0F:19:22:19:00:00:BB:00:94:31:05:00:18:36
05.03.2026_10:00:51.950,AA:55:03:AB:08:C6:05:13:00:A2:0F:19:1E:1B:00:00:62:00:53:32:06:00:18:99
05.03.2026_10:00:51.975,AA:55:10:EF:0B:FB:08:0F:09:FA:08:13:01:46:01:29:18:15:1D:87:06:15:4E:D5
05.03.2026_10:00:52.000,AA:55:01:ED:08:CB:05:E0:00:C1:0F:36:2F:2B:FC:04:41:05:16:31:04:03:1A:B3
05.03.2026_10:00:52.025,AA:55:02:AB:08:C8:05:12:00:9F:0F:19:22:19:00:00:C7:00:94:31:05:00:18:3D
05.03.2026_10:00:52.050,AA:55:03:AB:08:CA:05:14:00:A4:0F:19:1E:1B:00:00:66:00:54:32:06:00:18:A5
05.03.2026_10:00:52.075,AA:55:10:EF:0B:FA:08:08:09:F6:08:14:01:47:01:28:18:15:1D:91:06:15:4F:D5
05.03.2026_10:00:52.100,AA:55:01:ED:08:C7:05:DB:00:C3:0F:36:2F:2A:EF:04:22:05:16:31:04:03:1A:7F
05.03.2026_10:00:52.125,AA:55:02:AB:08:C7:05:15:00:A6:0F:19:22:18:07:00:EB:00:95:31:05:00:18:71
05.03.2026_10:00:52.150,AA:55:03:AB:08:C8:05:16:00:A5:0F:19:1E:1A:00:00:6D:00:54:32:06:00:18:AC
05.03.2026_10:00:52.175,AA:55:10:EF:0B:00:09:0F:09:F3:08:15:01:47:01:28:18:15:1D:9C:06:15:4F:EC
05.03.2026_10:00:52.200,AA:55:01:ED:08:C9:05:E1:00:C4:0F:36:2F:2B:00:05:4A:05:17:31:04:03:19:C3
05.03.2026_10:00:52.225,AA:55:02:AB:08:C6:05:13:00:A3:0F:19:22:1A:0E:00:CF:00:95:31:05:00:18:58
05.03.2026_10:00:52.250,AA:55:03:AB:08:C5:05:14:00:A4:0F:19:1E:1C:04:00:67:00:54:32:06:00:18:A6
05.03.2026_10:00:52.275,AA:55:10:EF:0B:FF:08:0A:09:FA:08:16:01:47:01:29:18:15:1D:A3:06:15:4F:F5
05.03.2026_10:00:52.300,AA:55:01:ED:08:C9:05:E3:00:C0:0F:36:2F:29:03:05:55:05:17:31:04:03:19:CD
05.03.2026_10:00:52.325,AA:55:02:AB:08:C8:05:17:00:A0:0F:19:22:1B:08:00:00:01:95:31:05:00:18:88
05.03.2026_10:00:52.350,AA:55:03:AB:08:C7:05:14:00:A5:0F:19:1E:1C:00:00:67:00:55:32:06:00:18:A6
05.03.2026_10:00:52.375,AA:55:10:EF:0B:FE:08:0A:09:F7:08:19:01:47:01:28:18:15:1D:DF:06:15:4F:2F
05.03.2026_10:00:52.400,AA:55:01:ED:08:C5:05:DF:00:C4:0F:36:2F:2B:09:05:3E:05:17:31:04:03:1A:BB
05.03.2026_10:00:52.425,AA:55:02:AB:08:CA:05:18:00:A0:0F:19:22:19:09:00:0D:01:96:31:05:00:18:98
05.03.2026_10:00:52.450,AA:55:03:AB:08:C6:05:0F:00:A3:0F:19:1E:1B:00:00:4A:00:55:32:06:00:18:80
05.03.2026_10:00:52.475,AA:55:10:EF:0B:F8:08:08:09:F8:08:16:01:48:01:28:18:15:1D:B7:06:15:4F:FE
05.03.2026_10:00:52.500,AA:55:01:ED:08:C8:05:E0:00:C1:0F:37:2F:2C:F4:04:43:05:18:31:04:03:1A:AE
05.03.2026_10:00:52.525,AA:55:02:AB:08:CA:05:14:00:A2:0F:19:22:1A:00:00:E1:00:96:31:05:00:18:61
05.03.2026_10:00:52.550,AA:55:03:AB:08:CB:05:14:00:A0:0F:19:1E:1A:00:00:63:00:55:32:06:00:18:9F
05.03.2026_10:00:52.575,AA:55:10:EF:0B:F9:08:07:09:F1:08:14:01:49:01:29:18:15:1D:A9:06:15:4F:E9
05.03.2026_10:00:52.600,AA:55:01:ED:08:CA:05:E3:00:BE:0F:37:2F:2B:03:05:51:05:18:31:04:03:19:CC
05.03.2026_10:00:52.625,AA:55:02:AB:08:C6:05:15:00:A2:0F:19:22:1B:0A:00:EB:00:97:31:05:00:18:74
05.03.2026_10:00:52.650,AA:55:03:AB:08:C9:05:16:00:A5:0F:19:1E:19:02:00:6F:00:56:32:06:00:18:B2
05.03.2026_10:00:52.675,AA:55:10:EF:0B:FF:08:0A:09:F7:08:1D:01:49:01:28:18:15:1D:CF:06:15:4F:26
05.03.2026_10:00:52.700,AA:55:01:ED:08:C7:05:E0:00:C0:0F:37:2F:28:02:05:43:05:18:31:04:03:19:B6
05.03.2026_10:00:52.725,AA:55:02:AB:08:C9:05:14:00:A5:0F:19:23:1B:00:00:DC:00:97:31:05:00:18:61
05.03.2026_10:00:52.750,AA:55:03:AB:08:C9:05:14:00:A1:0F:19:1E:18:00:00:67:00:56:32:06:00:18:A1
05.03.2026_10:00:52.775,AA:55:10:EF:0B:F8:08:09:09:F2:08:11:01:49:01:29:18:15:1D:A9:06:15:4F:E8
05.03.2026_10:00:52.800,AA:55:01:ED:08:CA:05:E2:00:BF:0F:37:2F:28:F6:04:4C:05:19:31:04:03:1A:B8
05.03.2026_10:00:52.825,AA:55:02:AB:08:C6:05:14:00:A3:0F:19:23:17:0E:00:D8:00:97:31:05:00:18:62
05.03.2026_10:00:52.850,AA:55:03:AB:08:CA:05:14:00:A5:0F:19:1F:1C:00:00:64:00:56:32:06:00:18:A8
05.03.2026_10:00:52.875,AA:55:10:EF:0B:00:09:0E:09:F9:08:16:01:4A:01:29:18:15:1D:AB:06:15:4F:05
05.03.2026_10:00:52.900,AA:55:01:ED:08:C6:05:E3:00:C5:0F:37:2F:2A:FC:04:56:05:19:31:04:03:19:CC
05.03.2026_10:00:52.925,AA:55:02:AB:08:CB:05:15:00:A5:0F:19:23:1A:0D:00:E9:00:98:31:05:00:18:7E
05.03.2026_10:00:52.950,AA:55:03:AB:08:C5:05:17:00:A7:0F:19:1F:1A:04:00:75:00:57:32:06:00:18:BC
05.03.2026_10:00:52.975,AA:55:10:EF:0B:FC:08:0B:09:F7:08:1F:01:4B:01:28:18:15:1D:D7:06:15:4F:30
05.03.2026_10:00:53.000,AA:55:01:ED:08:C9:05:E2:00:C4:0F:37:30:27:F8:04:4F:05:1A:31:04:03:1A:C2
05.03.2026_10:00:53.025,AA:55:02:AB:08:C6:05:15:00:9F:0F:1A:22:19:0D:00:E5:00:98:31:05:00:18:6E
05.03.2026_10:00:53.050,AA:55:03:AB:08:C8:05:13:00:A3:0F:19:1F:1C:04:00:62:00:57:32:06:00:18:A6
05.03.2026_10:00:53.075,AA:55:10:EF:0B:F8:08:08:09:F7:08:19:01:4B:01:29:18:15:1D:B9:06:15:50:07
05.03.2026_10:00:53.100,AA:55:01:ED:08:C5:05:DE:00:C3:0F:37:2F:28:F7:04:35:05:1A:31:04:03:1A:9E
05.03.2026_10:00:53.125,AA:55:02:AB:08:C8:05:12:00:A0:0F:19:23:17:00:00:C7:00:98:31:05:00:18:41
05.03.2026_10:00:53.150,AA:55:03:AB:08:C6:05:17:00:A0:0F:19:1F:19:05:00:74:00:58:32:06:00:18:B6
05.03.2026_10:00:53.175,AA:55:10:EF:0B:00:09:08:09:F3:08:10:01:4B:01:29:18:15:1D:93:06:15:50:DD
05.03.2026_10:00:53.200,AA:55:01:ED:08:C7:05:E0:00:BF:0F:37:30:2B:FC:04:42:05:1A:31:04:03:19:B3
05.03.2026_10:00:53.225,AA:55:02:AB:08:C8:05:15:00:A4:0F:1A:23:17:05:00:EA:00:99:31:05:00:18:72
05.03.2026_10:00:53.250,AA:55:03:AB:08:CA:05:18:00:A2:0F:19:1F:18:04:00:79:00:58:32:06:00:18:C0
05.03.2026_10:00:53.275,AA:55:10:EF:0B:FE:08:0F:09:F1:08:1A:01:4B:01:29:18:15:1D:C7:06:15:50:1D
05.03.2026_10:00:53.300,AA:55:01:ED:08:C9:05:DC:00:C4:0F:37:30:2A:F4:04:2D:05:1B:31:04:03:1A:9A
05.03.2026_10:00:53.325,AA:55:02:AB:08:C5:05:17:00:A5:0F:19:23:1B:00:00:FA:00:99:31:05:00:18:80
05.03.2026_10:00:53.350,AA:55:03:AB:08:C5:05:19:00:A2:0F:1A:1F:18:0C:00:80:00:58:32:06:00:18:CC
05.03.2026_10:00:53.375,AA:55:10:EF:0B:FB:08:0A:09:F3:08:15:01:4B:01:29:18:15:1D:C9:06:15:50:14
05.03.2026_10:00:53.400,AA:55:01:ED:08:C8:05:DE:00:C2:0F:37:30:28:F4:04:36:05:1B:31:04:03:1A:A0
05.03.2026_10:00:53.425,AA:55:02:AB:08:C6:05:14:00:A3:0F:1A:22:18:00:00:D7:00:99:31:05:00:18:56
05.03.2026_10:00:53.450,AA:55:03:AB:08:C9:05:11:00:A6:0F:1A:1F:1B:00:00:56:00:59:32:06:00:18:9A
05.03.2026_10:00:53.475,AA:55:10:EF:0B:FA:08:0B:09:F3:08:12:01:4C:01:28:18:15:1D:86:06:15:50:CE
05.03.2026_10:00:53.500,AA:55:01:ED:08:CA:05:E2:00:C0:0F:38:30:27:F9:04:4D:05:1B:31:04:03:1A:C0
05.03.2026_10:00:53.525,AA:55:02:AB:08:C7:05:19:00:A4:0F:19:23:1C:0F:00:10:01:9A:31:05:00:18:AB
05.03.2026_10:00:53.550,AA:55:03:AB:08:CB:05:12:00:A2:0F:19:1F:18:04:00:5C:00:59:32:06:00:18:9F
05.03.2026_10:00:53.575,AA:55:10:EF:0B:F9:08:0C:09:F7:08:16:01:4C:01:28:18:15:1D:DC:06:15:50:2C
05.03.2026_10:00:53.600,AA:55:01:ED:08:C6:05:DE:00:BE:0F:37:30:28:FF:04:36:05:1C:31:04:03:1A:A6
05.03.2026_10:00:53.625,AA:55:02:AB:08:CA:05:16:00:A4:0F:19:23:1B:00:00:F5:00:9A:31:05:00:18:7F
05.03.2026_10:00:53.650,AA:55:03:AB:08:C6:05:10:00:A1:0F:19:1F:19:00:00:50:00:59:32:06:00:18:88
05.03.2026_10:00:53.675,AA:55:10:EF:0B:FE:08:09:09:F2:08:0F:01:4C:01:29:18:15:1D:9E:06:15:50:E5
05.03.2026_10:00:53.700,AA:55:01:ED:08:C5:05:E2:00:C3:0F:37:30:27:F9:04:51:05:1C:31:04:03:1A:C2
05.03.2026_10:00:53.725,AA:55:02:AB:08:CA:05:11:00:9F:0F:19:23:1B:00:00:B6:00:9A:31:05:00:18:36
05.03.2026_10:00:53.750,AA:55:03:AB:08:C6:05:16:00:A7:0F:1A:1F:1C:0E:00:71:00:5A:32:06:00:18:C8
05.03.2026_10:00:53.775,AA:55:10:EF:0B:FC:08:07:09:F4:08:12:01:4C:01:28:18:15:1D:9B:06:15:50:E2
05.03.2026_10:00:53.800,AA:55:01:ED:08:C7:05:E1:00:C0:0F:38:30:29:07:05:48:05:1C:31:04:03:19:C8
05.03.2026_10:00:53.825,AA:55:02:AB:08:C8:05:13:00:A0:0F:19:23:19:02:00:D4:00:9B:31:05:00:18:56
05.03.2026_10:00:53.850,AA:55:03:AB:08:C7:05:14:00:A5:0F:19:1F:1A:00:00:65:00:5A:32:06:00:18:A8
05.03.2026_10:00:53.875,AA:55:10:EF:0B:FE:08:06:09:FB:08:11:01:4D:01:29:18:15:1D:A5:06:15:50:F5
05.03.2026_10:00:53.900,AA:55:01:ED:08:C7:05:DD:00:C1:0F:38:30:28:ED:04:30:05:1D:31:04:03:1A:93
05.03.2026_10:00:53.925,AA:55:02:AB:08:C9:05:15:00:A4:0F:19:23:19:02:00:E4:00:9B:31:05:00:18:6D
05.03.2026_10:00:53.950,AA:55:03:AB:08:C9:05:15:00:A6:0F:19:1F:18:00:00:68:00:5A:32:06:00:18:AD
05.03.2026_10:00:53.975,AA:55:10:EF:0B:FF:08:08:09:F3:08:0F:01:4E:01:28:18:15:1D:9F:06:15:50:E8
05.03.2026_10:00:54.000,AA:55:01:ED:08:CA:05:DF:00:C3:0F:38:30:29:0A:05:3D:05:1D:31:04:03:19:C5
05.03.2026_10:00:54.025,AA:55:02:AB:08:C9:05:15:00:A1:0F:19:23:1C:00:00:E5:00:9C:31:05:00:18:6D
05.03.2026_10:00:54.050,AA:55:03:AB:08:C7:05:19:00:A2:0F:19:1F:1B:0D:00:80:00:5B:32:06:00:18:D4
05.03.2026_10:00:54.075,AA:55:10:EF:0B:FF:08:0E:09:F1:08:1C:01:4E:01:28:18:15:1D:C6:06:15:51:21
05.03.2026_10:00:54.100,AA:55:01:ED:08:CB:05:DB:00:C3:0F:38:30:27:EE:04:25:05:1E:31:04:03:1A:8D
05.03.2026_10:00:54.125,AA:55:02:AB:08:C5:05:14:00:A4:0F:19:23:19:00:00:DE:00:9C:31:05:00:18:61
05.03.2026_10:00:54.150,AA:55:03:AB:08:C5:05:15:00:A6:0F:19:1F:18:00:00:6B:00:5B:32:06:00:18:AD
05.03.2026_10:00:54.175,AA:55:10:EF:0B:F9:08:0B:09:F4:08:10:01:4F:01:29:18:15:1D:91:06:15:51:DC
05.03.2026_10:00:54.200,AA:55:01:ED:08:C8:05:E0:00:C3:0F:38:30:28:FD:04:41:05:1E:31:04:03:1A:BB
05.03.2026_10:00:54.225,AA:55:02:AB:08:C7:05:13:00:A0:0F:19:23:1A:04:00:CD:00:9C:31:05:00:18:52
05.03.2026_10:00:54.250,AA:55:03:AB:08:CB:05:14:00:A6:0F:19:1F:1C:01:00:65:00:5B:32:06:00:18:B1
05.03.2026_10:00:54.275,AA:55:10:EF:0B:01:09:08:09:F7:08:12:01:4F:01:29:18:15:1D:96:06:15:51:EC
05.03.2026_10:00:54.300,AA:55:01:ED:08:C7:05:DF:00:BF:0F:38:30:27:F8:04:3D:05:1E:31:04:03:1A:AB
05.03.2026_10:00:54.325,AA:55:02:AB:08:C8:05:18:00:A1:0F:19:23:1B:0A:00:0A:01:9D:31:05:00:18:9F
05.03.2026_10:00:54.350,AA:55:03:AB:08:C9:05:0F:00:A1:0F:19:1F:1C:00:00:4E:00:5C:32:06:00:18:8E
05.03.2026_10:00:54.375,AA:55:10:EF:0B:FF:08:07:09:F7:08:14:01:4F:01:29:18:15:1D:B9:06:15:51:0D
05.03.2026_10:00:54.400,AA:55:01:ED:08:C8:05:DF:00:BF:0F:39:30:29:F7:04:3A:05:1F:31:04:03:1A:AC
05.03.2026_10:00:54.425,AA:55:02:AB:08:C6:05:15:00:A6:0F:19:23:1C:0E:00:EB:00:9D:31:05:00:18:84
05.03.2026_10:00:54.450,AA:55:03:AB:08:C6:05:12:00:A3:0F:19:1F:1B:00:00:59:00:5C:32:06:00:18:9A
05.03.2026_10:00:54.475,AA:55:10:EF:0B:F8:08:0B:09:F5:08:0E:01:50:01:29:18:15:1D:A0:06:15:51:EA
05.03.2026_10:00:54.500,AA:55:01:ED:08:C6:05:E2:00:C5:0F:38:30:2A:02:05:4E:05:1F:31:04:03:1A:D3
05.03.2026_10:00:54.525,AA:55:02:AB:08:C8:05:13:00:A0:0F:19:24:1C:09:00:CF:00:9D:31:05:00:18:5E
05.03.2026_10:00:54.550,AA:55:03:AB:08:CA:05:13:00:A6:0F:19:1F:18:07:00:60:00:5D:32:06:00:18:AE
05.03.2026_10:00:54.575,AA:55:10:EF:0B:FC:08:0A:09:F5:08:16:01:50:01:29:18:15:1D:A1:06:15:51:F6
05.03.2026_10:00:54.600,AA:55:01:ED:08:C8:05:DD:00:BF:0F:39:30:29:F5:04:2E:05:1F:31:04:03:1A:9C
05.03.2026_10:00:54.625,AA:55:02:AB:08:C7:05:12:00:A4:0F:19:24:1A:00:00:CA:00:9E:31:05:00:18:51
05.03.2026_10:00:54.650,AA:55:03:AB:08:C7:05:17:00:A3:0F:19:1F:18:07:00:76:00:5D:32:06:00:18:C2
05.03.2026_10:00:54.675,AA:55:10:EF:0B:F7:08:0C:09:F9:08:14:01:50:01:29:18:15:1D:90:06:15:51:E4
05.03.2026_10:00:54.700,AA:55:01:ED:08:C8:05:E0:00:C1:0F:38:30:28:F5:04:45:05:20:31:04:03:1A:B7
05.03.2026_10:00:54.725,AA:55:02:AB:08:C7:05:10:00:A5:0F:19:23:1C:00:00:B3:00:9E:31:05:00:18:3A
05.03.2026_10:00:54.750,AA:55:03:AB:08:CB:05:17:00:A6:0F:19:1F:1B:04:00:72:00:5D:32:06:00:18:C5
05.03.2026_10:00:54.775,AA:55:10:EF:0B:FC:08:0B:09:FA:08:15:01:50:01:29:18:15:1D:8C:06:15:51:E6
05.03.2026_10:00:54.800,AA:55:01:ED:08:C7:05:E1:00:C2:0F:38:30:29:F9:04:49:05:20:31:04:03:1A:C1
05.03.2026_10:00:54.825,AA:55:02:AB:08:C7:05:15:00:A3:0F:19:23:1C:0B:00:E2:00:9E:31:05:00:18:77
05.03.2026_10:00:54.850,AA:55:03:AB:08:C7:05:17:00:A7:0F:19:20:1C:06:00:73:00:5E:32:06:00:18:C8
05.03.2026_10:00:54.875,AA:55:10:EF:0B:F8:08:0A:09:F8:08:1A:01:51:01:28:18:15:1D:C2:06:15:51:1A
05.03.2026_10:00:54.900,AA:55:01:ED:08:C8:05:DD:00:C2:0F:38:31:28:FD:04:30:05:20:31:04:03:1A:A9
05.03.2026_10:00:54.925,AA:55:02:AB:08:C6:05:16:00:A3:0F:19:23:1B:06:00:F3:00:9F:31:05:00:18:83
05.03.2026_10:00:54.950,AA:55:03:AB:08:C9:05:10:00:A6:0F:19:20:1A:00:00:53:00:5E:32:06:00:18:9A
05.03.2026_10:00:54.975,AA:55:10:EF:0B:FB:08:09:09:F6:08:13:01:52:01:29:18:15:1D:9A:06:15:51:ED
05.03.2026_10:00:55.000,AA:55:01:EB:0C:CA:05:DE:00:C0:0F:38:31:27:DF:04:35:05:21:31:04:00:1A:90
05.03.2026_10:00:55.025,AA:55:02:AB:08:CB:05:18:00:A4:0F:19:23:1A:0A:00:05:01:9F:31:05:00:18:A1
05.03.2026_10:00:55.050,AA:55:03:AB:08:C8:05:15:00:A6:0F:19:20:18:02:00:6C:00:5E:32:06:00:18:B7
05.03.2026_10:00:55.075,AA:55:10:EF:0B:FE:08:08:09:F4:08:13:01:52:01:29:18:15:1D:C9:06:15:52:1D
05.03.2026_10:00:55.100,AA:55:01:EB:0C:C9:05:D9:00:C2:0F:39:31:29:C1:04:19:05:21:31:04:00:1A:55
05.03.2026_10:00:55.125,AA:55:02:AB:08:CA:05:13:00:A6:0F:19:23:19:03:00:D1:00:A0:31:05:00:18:61
05.03.2026_10:00:55.150,AA:55:03:AB:08:C7:05:16:00:A0:0F:19:1F:1A:01:00:70:00:5F:32:06:00:18:B6
05.03.2026_10:00:55.175,AA:55:10:EF:0B:F8:08:08:09:FA:08:11:01:52:01:29:18:15:1D:7D:06:15:52:CF
05.03.2026_10:00:55.200,AA:55:01:EB:0C:C6:05:D2:00:C3:0F:39:31:2A:A3:04:EF:04:21:31:04:00:1A:04
05.03.2026_10:00:55.225,AA:55:02:AB:08:C8:05:11:00:A6:0F:1A:23:1A:05:00:C0:00:A0:31:05:00:18:50
05.03.2026_10:00:55.250,AA:55:03:AB:08:CB:05:18:00:A5:0F:19:1F:1C:0B:00:79:00:5F:32:06:00:18:D6
05.03.2026_10:00:55.275,AA:55:10:EF:0B:F8:08:0F:09:F5:08:09:01:53:01:29:18:15:1D:4C:06:15:52:99
05.03.2026_10:00:55.300,AA:55:01:EB:0C:CA:05:CD:00:C2:0F:39:31:28:85:04:CF:04:22:31:04:00:1A:C3
05.03.2026_10:00:55.325,AA:55:02:AB:08:C6:05:12:00:A4:0F:19:24:18:03:00:C6:00:A0:31:05:00:18:4F
05.03.2026_10:00:55.350,AA:55:03:AB:08:C7:05:12:00:9F:0F:19:20:1B:00:00:5B:00:5F:32:06:00:18:9D
05.03.2026_10:00:55.375,AA:55:10:EF:0B:00:09:0D:09:FA:08:FF:00:53:01:29:18:15:1D:13:06:15:52:61
05.03.2026_10:00:55.400,AA:55:01:EB:0C:C9:05:CB:00:BD:0F:39:31:26:67:04:C1:04:22:31:04:00:1A:8D
05.03.2026_10:00:55.425,AA:55:02:AB:08:C8:05:13:00:A3:0F:19:24:1C:00:00:CF:00:A1:31:05:00:18:5C
05.03.2026_10:00:55.450,AA:55:03:AB:08:C7:05:14:00:A4:0F:19:20:18:0D:00:67:00:60:32:06:00:18:BB
05.03.2026_10:00:55.475,AA:55:10:EF:0B:01:09:0F:09:F3:08:01:01:53:01:29:18:15:1D:1A:06:15:52:67
05.03.2026_10:00:55.500,AA:55:01:EB:0C:C7:05:C5:00:BD:0F:39:31:28:49:04:A0:04:23:31:04:00:19:48
05.03.2026_10:00:55.525,AA:55:02:AB:08:C5:05:15:00:A7:0F:19:24:1B:0A:00:E5:00:A1:31:05:00:18:7E
05.03.2026_10:00:55.550,AA:55:03:AB:08:C9:05:15:00:A0:0F:19:20:18:07:00:69:00:60:32:06:00:18:B6
05.03.2026_10:00:55.575,AA:55:10:EF:0B:F8:08:0E:09:F9:08:F8:00:54:01:28:18:15:1D:11:06:15:52:4F
05.03.2026_10:00:55.600,AA:55:01:EB:0C:C6:05:C0:00:BF:0F:39:31:28:2B:04:82:04:23:31:04:00:1A:09
05.03.2026_10:00:55.625,AA:55:02:AB:08:C9:05:15:00:A2:0F:19:24:1A:0D:00:E7:00:A1:31:05:00:18:81
05.03.2026_10:00:55.650,AA:55:03:AB:08:C9:05:14:00:A5:0F:19:20:1A:0F:00:67:00:61:32:06:00:18:C3
05.03.2026_10:00:55.675,AA:55:10:EF:0B:F8:08:0E:09:F8:08:F3:00:54:01:29:18:15:1D:F2:05:15:52:2A
05.03.2026_10:00:55.700,AA:55:01:EB:0C:CA:05:B8:00:BA:0F:3A:31:28:0D:04:4D:04:23:31:04:00:1A:AE
05.03.2026_10:00:55.725,AA:55:02:AB:08:C6:05:12:00:A6:0F:1A:24:1C:00:00:CA:00:A2:31:05:00:18:59
05.03.2026_10:00:55.750,AA:55:03:AB:08:CA:05:16:00:A1:0F:19:20:1A:00:00:6E:00:61:32:06:00:18:BA
05.03.2026_10:00:55.775,AA:55:10:EF:0B:FD:08:0D:09:F5:08:ED:00:55:01:29:18:15:1D:A9:05:15:52:DD
05.03.2026_10:00:55.800,AA:55:01:EB:0C:CA:05:B3:00:B7:0F:39:31:27:EF:03:2F:04:24:31:04:00:19:67
05.03.2026_10:00:55.825,AA:55:02:AB:08:CB:05:0F:00:A6:0F:19:24:1B:00:00:A3:00:A2:31:05:00:18:32
05.03.2026_10:00:55.850,AA:55:03:AB:08:C9:05:13:00:A6:0F:19:20:1A:03:00:5F:00:61:32:06:00:18:AF
05.03.2026_10:00:55.875,AA:55:10:EF:0B:FC:08:09:09:FA:08:E4:00:54:01:29:18:15:1D:53:05:15:52:7D
05.03.2026_10:00:55.900,AA:55:01:EB:0C:C5:05:AE:00:BB:0F:3A:31:25:D1:03:14:04:24:31:04:00:1A:28
05.03.2026_10:00:55.925,AA:55:02:AB:08:C9:05:15:00:A5:0F:19:24:19:00:00:EC:00:A2:31:05:00:18:7C
05.03.2026_10:00:55.950,AA:55:03:AB:08:C5:05:18:00:A2:0F:1A:20:1C:06:00:79:00:62:32:06:00:18:CD
05.03.2026_10:00:55.975,AA:55:10:EF:0B:F7:08:0A:09:FA:08:E8:00:53:01:29:18:15:1D:9B:05:15:52:C4
05.03.2026_10:00:56.000,AA:55:01:EB:0C:C6:05:A9:00:BA:0F:3A:31:24:B3:03:F3:03:24:31:04:00:1A:E2
05.03.2026_10:00:56.025,AA:55:02:AB:08:C5:05:19:00:A7:0F:19:24:1A:08:00:10:01:A3:31:05:00:18:AD
05.03.2026_10:00:56.050,AA:55:03:AB:08:CA:05:15:00:A6:0F:19:20:1B:00:00:6B:00:62:32:06:00:18:BD
05.03.2026_10:00:56.075,AA:55:10:EF:0B:FB:08:0C:09:F8:08:E2:00:52:01:29:18:15:1D:92:05:15:53:B9
05.03.2026_10:00:56.100,AA:55:01:EB:08:CA:05:A4:00:B7:0F:3A:31:24:95:03:D7:03:25:31:04:00:1A:A1
05.03.2026_10:00:56.125,AA:55:02:AB:08:C8:05:13:00:9F:0F:19:24:1C:00:00:D2:00:A3:31:05:00:18:5D
05.03.2026_10:00:56.150,AA:55:03:AB:08:C5:05:12:00:A0:0F:19:20:1A:00:00:59:00:62:32:06:00:18:9C
05.03.2026_10:00:56.175,AA:55:10:EF:0B:FC:08:0D:09:F7:08:D1:00:52:01:29:18:15:1D:24:05:15:53:3B
05.03.2026_10:00:56.200,AA:55:01:EB:08:C8:05:A3:00:B6:0F:3A:31:23:77:03:D2:03:25:31:04:00:1A:79
05.03.2026_10:00:56.225,AA:55:02:AB:08:C5:05:12:00:A6:0F:19:24:1A:07:00:C9:00:A3:31:05:00:18:5C
05.03.2026_10:00:56.250,AA:55:03:AB:08:C8:05:14:00:A2:0F:19:20:1A:00:00:65:00:63:32:06:00:18:B0
05.03.2026_10:00:56.275,AA:55:10:EF:0B:F8:08:0C:09:F7:08:D4:00:51:01:29:18:15:1D:23:05:15:53:37
05.03.2026_10:00:56.300,AA:55:01:EB:08:C6:05:9E:00:B5:0F:3A:31:22:59:03:B0:03:25:31:04:00:1A:30
05.03.2026_10:00:56.325,AA:55:02:AB:08:CB:05:12:00:A5:0F:19:24:19:00:00:C5:00:A4:31:05:00:18:56
05.03.2026_10:00:56.350,AA:55:03:AB:08:C9:05:17:00:A5:0F:1A:20:19:08:00:72:00:63:32:06:00:18:CC
05.03.2026_10:00:56.375,AA:55:10:EF:0B:00:09:09:09:FA:08:CE:00:51:01:28:18:15:1D:0A:05:15:53:20
05.03.2026_10:00:56.400,AA:55:01:AB:08:CA:05:99:00:B3:0F:3A:31:23:3B:03:92:03:26:31:04:00:1A:B3
05.03.2026_10:00:56.425,AA:55:02:AB:08:C6:05:13:00:A3:0F:19:24:1B:0C:00:D1:00:A4:31:05:00:18:6A
05.03.2026_10:00:56.450,AA:55:03:AB:08:CA:05:13:00:A4:0F:19:20:19:00:00:62:00:63:32:06:00:18:AF
05.03.2026_10:00:56.475,AA:55:10:EF:0B:FA:08:08:09:F7:08:C8:00:51:01:29:18:15:1D:E8:04:15:53:ED
05.03.2026_10:00:56.500,AA:55:01:AB:08:C5:05:93:00:B8:0F:3A:31:22:1D:03:71:03:26:31:04:00:1A:6D
05.03.2026_10:00:56.525,AA:55:02:AB:08:CA:05:17:00:A1:0F:19:24:1A:00:00:F9:00:A5:31:05:00:18:8C
05.03.2026_10:00:56.550,AA:55:03:AB:08:C8:05:14:00:A2:0F:19:20:18:04:00:63:00:64:32:06:00:18:B1
05.03.2026_10:00:56.575,AA:55:10:EF:0B:FF:08:09:09:F8:08:C8:00:51:01:29:18:15:1D:EF:04:15:53:FB
05.03.2026_10:00:56.600,AA:55:01:AB:08:C9:05:90:00:B5:0F:3A:31:24:FF:02:5C:03:27:31:04:00:1A:3A
05.03.2026_10:00:56.625,AA:55:02:AB:08:C9:05:15:00:A1:0F:19:24:1B:00:00:E5:00:A5:31:05:00:18:76
05.03.2026_10:00:56.650,AA:55:03:AB:08:C6:05:16:00:A2:0F:19:20:1B:0A:00:6F:00:64:32:06:00:18:C6
05.03.2026_10:00:56.675,AA:55:10:EF:0B:FF:08:0B:09:FA:08:C5:00:51:01:29:18:15:1D:D3:04:15:53:E0
05.03.2026_10:00:56.700,AA:55:01:AB:08:C8:05:8D:00:B3:0F:3B:31:22:E1:02:4B:03:27:31:04:00:1A:04
05.03.2026_10:00:56.725,AA:55:02:AB:08:C5:05:13:00:A6:0F:19:24:1B:00:00:D4:00:A5:31:05:00:18:64
05.03.2026_10:00:56.750,AA:55:03:AB:08:C6:05:14:00:A4:0F:19:20:1A:00:00:67:00:64:32:06:00:18:B3
05.03.2026_10:00:56.775,AA:55:10:EF:0B:FD:08:07:09:FA:08:BD:00:51:01:29:18:15:1D:A9:04:15:53:A8
05.03.2026_10:00:56.800,AA:55:01:AB:08:C6:05:85:00:B7:0F:3B:31:24:C3:02:20:03:27:31:04:00:1A:B7
05.03.2026_10:00:56.825,AA:55:02:AB:08:C5:05:14:00:A0:0F:19:25:1C:0A:00:DC:00:A6:31:05:00:18:74
05.03.2026_10:00:56.850,AA:55:03:AB:08:C6:05:11:00:A5:0F:19:21:1B:00:00:57:00:65:32:06:00:18:A4
05.03.2026_10:00:56.875,AA:55:10:EF:0B:00:09:07:09:F7:08:B5:00:50:01:29:18:15:1D:76:04:15:53:6D
05.03.2026_10:00:56.900,AA:55:01:AB:08:CA:05:84:00:B0:0F:3B:32:21:A5:02:14:03:28:31:04:00:1A:88
05.03.2026_10:00:56.925,AA:55:02:AB:08:C7:05:14:00:A0:0F:19:24:1B:08:00:DA:00:A6:31:05:00:18:70
05.03.2026_10:00:56.950,AA:55:03:AB:08:C9:05:11:00:A2:0F:19:21:18:00:00:54:00:65:32:06:00:18:9E
05.03.2026_10:00:56.975,AA:55:10:EF:0B:FE:08:07:09:F5:08:B6:00:50:01:29:18:15:1D:65:04:15:53:58
05.03.2026_10:00:57.000,AA:55:01:AB:08:C6:05:7D:00:AF:0F:3A:31:24:87:02:EB:02:28:31:04:00:1A:35
05.03.2026_10:00:57.025,AA:55:02:AB:08:C9:05:18:00:A1:0F:19:25:1C:07:00:08:01:A6:31:05:00:18:A7
05.03.2026_10:00:57.050,AA:55:03:AB:08:C9:05:12:00:A6:0F:19:21:18:00:00:5D:00:66:32:06:00:18:AD
05.03.2026_10:00:57.075,AA:55:10:EF:0B:F8:08:0F:09:F3:08:B7:00:50:01:29:18:15:1D:74:04:15:54:69
05.03.2026_10:00:57.100,AA:55:01:AB:08:C8:05:75:00:B5:0F:3B:32:21:69:02:BE:02:28:31:04:00:1A:E9
05.03.2026_10:00:57.125,AA:55:02:AB:08:CA:05:13:00:A5:0F:1A:25:19:05:00:D2:00:A7:31:05:00:18:6D
05.03.2026_10:00:57.150,AA:55:03:AB:08:CA:05:13:00:A3:0F:19:21:1B:0E:00:60:00:66:32:06:00:18:C0
05.03.2026_10:00:57.175,AA:55:10:EF:0B:00:09:0B:09:F6:08:A8:00:50:01:2A:18:15:1D:14:04:15:54:03
05.03.2026_10:00:57.200,AA:55:01:AB:08:C7:05:6F:00:B1:0F:3B:32:1F:4B:02:9A:02:29:31:04:00:1A:9B
05.03.2026_10:00:57.225,AA:55:02:AB:08:C9:05:11:00:A2:0F:19:25:19:00:00:B7:00:A7:31:05:00:18:46
05.03.2026_10:00:57.250,AA:55:03:AB:08:C7:05:17:00:A4:0F:19:20:1B:09:00:76:00:66:32:06:00:18:D2
05.03.2026_10:00:57.275,AA:55:10:EF:0B:01:09:08:09:FA:08:A2:00:50:01:29:18:15:1D:EA:03:15:54:D3
05.03.2026_10:00:57.300,AA:55:01:AB:08:C8:05:6F:00:B2:0F:3B:32:21:2D:02:96:02:29:31:04:00:1A:7D
05.03.2026_10:00:57.325,AA:55:02:AB:08:C7:05:15:00:A5:0F:19:25:19:05:00:E7:00:A7:31:05:00:18:80
05.03.2026_10:00:57.350,AA:55:03:AB:08:C8:05:17:00:A2:0F:19:21:1B:09:00:72:00:67:32:06:00:18:CF
05.03.2026_10:00:57.375,AA:55:10:EF:0B:00:09:08:09:F2:08:A6:00:50:01:29:18:15:1D:13:04:15:54:F8
05.03.2026_10:00:57.400,AA:55:01:AB:08:CA:05:6C:00:AE:0F:3B:32:1F:32:02:88:02:29:31:04:00:1A:6D
05.03.2026_10:00:57.425,AA:55:02:AB:08:C7:05:10:00:A0:0F:19:24:19:00:00:B5:00:A8:31:05:00:18:3F
05.03.2026_10:00:57.450,AA:55:03:AB:08:C7:05:15:00:A3:0F:1A:21:1C:0D:00:6B:00:67:32:06:00:18:CC
05.03.2026_10:00:57.475,AA:55:10:EF:0B:FB:08:07:09:FB:08:9E:00:50:01:29:18:15:1D:CB:03:15:54:A9
05.03.2026_10:00:57.500,AA:55:01:AB:08:CB:05:6C:00:AD:0F:3B:32:20:24:02:84:02:2A:31:04:00:1A:5D
05.03.2026_10:00:57.525,AA:55:02:AB:08:CB:05:13:00:A6:0F:1A:25:1A:00:00:CE:00:A8:31:05:00:18:68
05.03.2026_10:00:57.550,AA:55:03:AB:08:C6:05:17:00:A4:0F:1A:21:1D:0A:00:73:00:67:32:06:00:18:D4
05.03.2026_10:00:57.575,AA:55:10:EF:0B:FE:08:08:09:F5:08:A5:00:4F:01:29:18:15:1D:E7:03:15:54:C9
05.03.2026_10:00:57.600,AA:55:01:AB:08:CB:05:6D:00:B3:0F:3B:32:1F:35:02:8A:02:2A:31:04:00:1A:7A
05.03.2026_10:00:57.625,AA:55:02:AB:08:C9:05:14:00:A3:0F:19:25:1A:00:00:DD:00:A9:31:05:00:18:73
05.03.2026_10:00:57.650,AA:55:03:AB:08:C7:05:15:00:A6:0F:19:21:1E:00:00:6A:00:68:32:06:00:18:C3
05.03.2026_10:00:57.675,AA:55:10:EF:0B:FE:08:0A:09:F6:08:9E:00:4F:01:29:18:15:1D:F4:03:15:54:D2
05.03.2026_10:00:57.700,AA:55:01:AB:08:C6:05:6E:00:AE:0F:3B:32:1F:1E:02:90:02:2A:31:04:00:1A:60
05.03.2026_10:00:57.725,AA:55:02:AB:08:C8:05:18:00:A7:0F:19:25:1C:05:00:0C:01:A9:31:05:00:18:B1
05.03.2026_10:00:57.750,AA:55:03:AB:08:CB:05:13:00:A0:0F:19:21:1F:00:00:61:00:68:32:06:00:18:B7
05.03.2026_10:00:57.775,AA:55:10:EF:0B:FC:08:0E:09:F2:08:A4:00:4F:01:29:18:15:1D:21:04:15:54:04
05.03.2026_10:00:57.800,AA:55:01:AB:08:C6:05:6D:00:B0:0F:3B:32:22:27:02:8E:02:2B:31:04:00:1A:6C
05.03.2026_10:00:57.825,AA:55:02:AB:08:C9:05:17:00:A2:0F:19:25:1B:0B:00:00:01:A9:31:05:00:18:A5
05.03.2026_10:00:57.850,AA:55:03:AB:08:C8:05:13:00:A2:0F:19:21:1F:00:00:61:00:68:32:06:00:18:B6
05.03.2026_10:00:57.875,AA:55:10:EF:0B:01:09:0A:09:F6:08:A6:00:4F:01:29:18:15:1D:12:04:15:54:FD
05.03.2026_10:00:57.900,AA:55:01:AB:08:C6:05:6F:00:B1:0F:3B:32:22:2E:02:95:02:2B:31:04:00:1A:7D
05.03.2026_10:00:57.925,AA:55:02:AB:08:CA:05:11:00:A2:0F:19:25:1A:00:00:B6:00:AA:31:05:00:18:4A
05.03.2026_10:00:57.950,AA:55:03:AB:08:C8:05:12:00:A0:0F:19:21:1F:03:00:5A:00:69:32:06:00:18:B0
05.03.2026_10:00:57.975,AA:55:10:EF:0B:F9:08:0F:09:F8:08:A0:00:4E:01:29:18:15:1D:C8:03:15:54:A9
05.03.2026_10:00:58.000,AA:55:01:AB:09:C6:05:6E:00:88:0F:3C:32:1E:28:02:8C:02:2C:31:04:00:1A:43
05.03.2026_10:00:58.025,AA:55:02:AB:08:C6:05:17:00:7C:0F:1A:25:1C:07:00:FA:00:AA:31:05:00:18:74
05.03.2026_10:00:58.050,AA:55:03:AB:08:C9:05:13:00:78:0F:19:21:1C:07:00:5C:00:69:32:06:00:18:8D
05.03.2026_10:00:58.075,AA:55:10:AF:0B:B8:08:DC:08:B4:08:A7:00:4E:01:29:18:15:1D:05:04:00:55:E1
05.03.2026_10:00:58.100,AA:55:01:AB:08:CA:05:6B:00:70:0F:3B:32:1F:19:02:77:02:2C:31:04:00:1A:07
05.03.2026_10:00:58.125,AA:55:02:AB:08:C5:05:14:00:65:0F:19:25:1A:0D:00:D9:00:AA:31:05:00:18:3B
05.03.2026_10:00:58.150,AA:55:03:AB:08:C7:05:0F:00:64:0F:19:21:1A:00:00:4B:00:6A:32:06:00:18:5A
05.03.2026_10:00:58.175,AA:55:10:AF:0B:BF:08:D9:08:BA:08:9E:00:4D:01:29:18:15:1D:BE:03:00:55:99
05.03.2026_10:00:58.200,AA:55:01:AB:08:C9:05:6D:00:79:0F:3B:32:1F:1B:02:86:02:2C:31:04:00:1A:22
05.03.2026_10:00:58.225,AA:55:02:AB:08:C7:05:13:00:69:0F:19:25:1B:00:00:D2:00:AB:31:05:00:18:2E
05.03.2026_10:00:58.250,AA:55:03:AB:08:C8:05:12:00:6D:0F:19:21:18:00:00:59:00:6A:32:06:00:18:73
05.03.2026_10:00:58.275,AA:55:10:AF:0B:C8:08:E0:08:BE:08:9D:00:4D:01:29:18:15:1D:D4:03:00:55:C2
05.03.2026_10:00:58.300,AA:55:01:AB:08:CB:05:6D:00:7E:0F:3C:32:1F:21:02:82:02:2D:31:04:00:1A:2D
05.03.2026_10:00:58.325,AA:55:02:AB:08:C6:05:13:00:6C:0F:19:25:1A:07:00:CE:00:AB:31:05:00:18:32
05.03.2026_10:00:58.350,AA:55:03:AB:08:C7:05:0F:00:72:0F:19:21:1B:00:00:4D:00:6A:32:06:00:18:6B
05.03.2026_10:00:58.375,AA:55:10:AF:0B:CF:08:E4:08:C3:08:9C:00:4D:01:29:18:15:1D:BF:03:00:55:BC
05.03.2026_10:00:58.400,AA:55:01:AB:08:C5:05:6A:00:85:0F:3B:32:20:19:02:73:02:2D:31:04:00:1A:14
05.03.2026_10:00:58.425,AA:55:02:AB:08:CA:05:17:00:72:0F:1A:25:19:00:00:FC:00:AB:31:05:00:18:67
05.03.2026_10:00:58.450,AA:55:03:AB:08:C9:05:16:00:78:0F:19:21:19:0A:00:6D:00:6B:32:06:00:18:A3
05.03.2026_10:00:58.475,AA:55:10:AF:0B:D8:08:E7:08:CA:08:A6:00:4D:01:2A:18:15:1D:FF:03:00:55:1A
05.03.2026_10:00:58.500,AA:55:01:AB:08:C8:05:6E:00:87:0F:3C:32:22:27:02:8B:02:2D:31:04:00:1A:46
05.03.2026_10:00:58.525,AA:55:02:AB:08:C6:05:11:00:78:0F:19:25:1A:01:00:BA:00:AC:31:05:00:18:23
05.03.2026_10:00:58.550,AA:55:03:AB:08:C7:05:14:00:7D:0F:19:22:1A:00:00:65:00:6B:32:06:00:18:94
05.03.2026_10:00:58.575,AA:55:10:AF:0B:DE:08:ED:08:D1:08:A0:00:4D:01:29:18:15:1D:CD:03:00:55:F4
05.03.2026_10:00:58.600,AA:55:01:AB:08:CA:05:6B:00:8B:0F:3C:32:23:2B:02:7B:02:2E:31:04:00:1A:3F
05.03.2026_10:00:58.625,AA:55:02:AB:08:CA:05:13:00:84:0F:19:26:19:00:00:D0:00:AC:31:05:00:18:4A
05.03.2026_10:00:58.650,AA:55:03:AB:08:C5:05:13:00:84:0F:19:21:1A:02:00:5E:00:6B:32:06:00:18:92
05.03.2026_10:00:58.675,AA:55:10:AF:0B:E3:08:F3:08:D9:08:A0:00:4D:01:29:18:15:1D:CD:03:00:55:07
05.03.2026_10:00:58.700,AA:55:01:AB:08:C8:05:6D:00:93:0F:3C:32:22:25:02:88:02:2E:31:04:00:1A:4D
05.03.2026_10:00:58.725,AA:55:02:AB:08:C5:05:16:00:87:0F:19:26:19:00:00:F3:00:AC:31:05:00:18:6E
05.03.2026_10:00:58.750,AA:55:03:AB:08:C7:05:14:00:87:0F:19:21:19:08:00:62:00:6C:32:06:00:18:A2
05.03.2026_10:00:58.775,AA:55:10:AF:0B:E4:08:FD:08:E2:08:A0:00:4D:01:2A:18:15:1D:00:04:00:55:50
05.03.2026_10:00:58.800,AA:55:01:AB:08:C9:05:68:00:96:0F:3C:32:20:1B:02:6C:02:2E:31:04:00:1A:24
05.03.2026_10:00:58.825,AA:55:02:AB:08:C6:05:10:00:90:0F:19:25:17:00:00:AC:00:AD:31:05:00:18:29
05.03.2026_10:00:58.850,AA:55:03:AB:08:C6:05:16:00:90:0F:19:22:1C:07:00:6E:00:6C:32:06:00:18:BB
05.03.2026_10:00:58.875,AA:55:10:AF:0B:E8:08:FC:08:E1:08:9E:00:4C:01:2A:18:15:1D:A9:03:00:55:F7
05.03.2026_10:00:58.900,AA:55:01:AB:08:CA:05:6A:00:9D:0F:3C:32:22:29:02:76:02:2F:31:04:00:1A:49
05.03.2026_10:00:58.925,AA:55:02:AB:08:C6:05:13:00:95:0F:19:25:18:0D:00:D2:00:AD:31:05:00:18:65
05.03.2026_10:00:58.950,AA:55:03:AB:08:C8:05:12:00:97:0F:19:21:1C:00:00:5B:00:6C:32:06:00:18:A5
05.03.2026_10:00:58.975,AA:55:10:AF:0B:EE:08:06:09:EB:08:9B:00:4B:01:2A:18:15:1D:C6:03:00:55:2B
05.03.2026_10:00:59.000,AA:55:01:AB:08:C6:05:6A:00:A5:0F:3D:33:1E:1B:02:75:02:2F:31:04:00:1A:3C
05.03.2026_10:00:59.025,AA:55:02:AB:08:C6:05:14:00:9B:0F:19:26:17:00:00:E1:00:AE:31:05:00:18:6F
05.03.2026_10:00:59.050,AA:55:03:AB:08:CB:05:13:00:95:0F:19:22:1A:08:00:61:00:6D:32:06:00:18:B5
05.03.2026_10:00:59.075,AA:55:10:AF:0B:FA:08:0B:09:F4:08:9D:00:4B:01:2A:18:15:1D:DA:03:00:56:5C
05.03.2026_10:00:59.100,AA:55:01:AB:08:CA:05:69:00:A8:0F:3D:32:1E:1D:02:74:02:30:31:04:00:1A:43
05.03.2026_10:00:59.125,AA:55:02:AB:08:C7:05:10:00:A2:0F:19:26:1A:00:00:AD:00:AE:31:05:00:18:42
05.03.2026_10:00:59.150,AA:55:03:AB:08:C6:05:0F:00:A0:0F:19:22:18:00:00:4D:00:6D:32:06:00:18:99
05.03.2026_10:00:59.175,AA:55:10:AF:0B:FC:08:06:09:F4:08:96:00:4B:01:29:18:15:1D:91:03:00:56:08
05.03.2026_10:00:59.200,AA:55:01:AB:08:C8:05:6B:00:B3:0F:3C:33:20:1C:02:82:02:30:31:04:00:1A:5D
05.03.2026_10:00:59.225,AA:55:02:AB:08:CA:05:16:00:A0:0F:19:26:1A:00:00:EE:00:AE:31:05:00:18:8A
05.03.2026_10:00:59.250,AA:55:03:AB:08:C8:05:17:00:A3:0F:19:21:1A:00:00:75:00:6D:32:06:00:18:CF
05.03.2026_10:00:59.275,AA:55:10:AF:0B:01:09:10:09:FA:08:A2:00:4B:01:2A:18:15:1D:07:04:00:56:A2
05.03.2026_10:00:59.300,AA:55:01:AB:08:C5:05:6E:00:B4:0F:3C:33:22:29:02:92:02:30:31:04:00:1A:7D
05.03.2026_10:00:59.325,AA:55:02:AB:08:C7:05:15:00:A7:0F:19:25:19:0A:00:E9:00:AF:31:05:00:18:91
05.03.2026_10:00:59.350,AA:55:03:AB:08:C7:05:12:00:A1:0F:19:21:19:00:00:58:00:6E:32:06:00:18:AA
05.03.2026_10:00:59.375,AA:55:10:AF:0B:FB:08:0D:09:F9:08:9D:00:4A:01:2A:18:15:1D:F7:03:00:56:80
05.03.2026_10:00:59.400,AA:55:01:AB:08:C9:05:6A:00:B4:0F:3D:33:21:2C:02:7A:02:31:31:04:00:1A:69
05.03.2026_10:00:59.425,AA:55:02:AB:08:C7:05:11:00:A1:0F:19:26:1C:00:00:B6:00:AF:31:05:00:18:4E
05.03.2026_10:00:59.450,AA:55:03:AB:08:CA:05:12:00:A4:0F:19:22:1B:02:00:5D:00:6E:32:06:00:18:BA
05.03.2026_10:00:59.475,AA:55:10:AF:0B:F8:08:09:09:F7:08:9C:00:4A:01:2A:18:15:1D:B0:03:00:56:2F
05.03.2026_10:00:59.500,AA:55:01:AB:08:C8:05:6B:00:AE:0F:3D:33:1F:33:02:80:02:31:31:04:00:1A:6E
05.03.2026_10:00:59.525,AA:55:02:AB:08:CA:05:18:00:A7:0F:19:26:1C:06:00:03:01:AF:31:05:00:18:B2
05.03.2026_10:00:59.550,AA:55:03:AB:08:C7:05:16:00:A0:0F:19:22:1A:00:00:6E:00:6F:32:06:00:18:C6
05.03.2026_10:00:59.575,AA:55:10:AF:0B:FC:08:0A:09:F6:08:A1:00:49:01:2A:18:15:1D:14:04:00:56:9C
05.03.2026_10:00:59.600,AA:55:01:AB:08:C9:05:6D:00:B2:0F:3D:33:22:1B:02:8E:02:31:31:04:00:1A:6E
05.03.2026_10:00:59.625,AA:55:02:AB:08:C9:05:15:00:A0:0F:19:26:1B:03:00:EC:00:B0:31:05:00:18:8C
05.03.2026_10:00:59.650,AA:55:03:AB:08:C7:05:15:00:A1:0F:19:22:19:00:00:6A:00:6F:32:06:00:18:C1
05.03.2026_10:00:59.675,AA:55:10:AF:0B:00:09:0E:09:FB:08:A5:00:49:01:29:18:15:1D:07:04:00:56:A0
05.03.2026_10:00:59.700,AA:55:01:AB:08:C7:05:6C:00:B3:0F:3D:33:20:1D:02:84:02:32:31:04:00:1A:63
05.03.2026_10:00:59.725,AA:55:02:AB:08:CA:05:13:00:A2:0F:19:26:19:02:00:CC:00:B0:31:05:00:18:6A
05.03.2026_10:00:59.750,AA:55:03:AB:08:CB:05:12:00:A6:0F:19:22:1C:05:00:5A:00:6F:32:06:00:18:BF
05.03.2026_10:00:59.775,AA:55:10:AF:0B:FB:08:06:09:F1:08:99:00:49:01:29:18:15:1D:CD:03:00:56:41
05.03.2026_10:00:59.800,AA:55:01:AB:08:C7:05:6A:00:AE:0F:3D:33:23:24:02:7A:02:32:31:04:00:1A:5C
05.03.2026_10:00:59.825,AA:55:02:AB:08:C9:05:19:00:A7:0F:19:26:1A:0F:00:14:01:B0:31:05:00:18:CB
05.03.2026_10:00:59.850,AA:55:03:AB:08:C8:05:10:00:A3:0F:19:22:1D:00:00:53:00:70:32:06:00:18:AD
05.03.2026_10:00:59.875,AA:55:10:AF:0B:FB:08:09:09:F3:08:9C:00:48:01:2A:18:15:1D:04:04:00:56:81
05.03.2026_10:00:59.900,AA:55:01:AB:08:C9:05:6E:00:AE:0F:3D:33:1F:2E:02:93:02:32:31:04:00:1A:81
05.03.2026_10:00:59.925,AA:55:02:AB:08:C7:05:15:00:A7:0F:19:26:1C:00:00:E5:00:B1:31:05:00:18:89
05.03.2026_10:00:59.950,AA:55:03:AB:08:C8:05:10:00:A2:0F:18:22:1A:00:00:4F:00:70:32:06:00:18:A4
05.03.2026_10:00:59.975,AA:55:10:AF:0B:00:09:09:09:F8:08:9C:00:48:01:2A:18:15:1D:EA:03:00:56:71
05.03.2026_10:01:00.000,AA:55:01:AB:08:C6:05:68:00:AC:0F:3D:33:21:23:02:6F:02:33:31:04:00:1A:4A
05.03.2026_10:01:00.025,AA:55:02:AB:08:C7:05:10:00:A1:0F:19:26:19:00:00:B3:00:B1:31:05:00:18:49
05.03.2026_10:01:00.050,AA:55:03:AB:08:C8:05:19:00:A3:0F:19:22:18:0E:00:7D:00:70:32:06:00:18:E9
05.03.2026_10:01:00.075,AA:55:10:AF:0B:FF:08:08:09:F4:08:9F:00:48:01:2A:18:15:1D:C2:03:00:57:46
05.03.2026_10:01:00.100,AA:55:01:AB:08:C8:05:69:00:B2:0F:3E:33:20:28:02:77:02:33:31:04:00:1A:60
05.03.2026_10:01:00.125,AA:55:02:AB:08:CA:05:14:00:A5:0F:19:26:1B:04:00:DA:00:B2:31:05:00:18:82
05.03.2026_10:01:00.150,AA:55:03:AB:08:C6:05:13:00:A6:0F:18:22:17:00:00:5E:00:71:32:06:00:18:B6
05.03.2026_10:01:00.175,AA:55:10:AF:0B:FD:08:0D:09:F3:08:99:00:48:01:2A:18:15:1D:D2:03:00:57:52
05.03.2026_10:01:00.200,AA:55:01:AB:08:C8:05:6E:00:B1:0F:3E:33:22:2E:02:90:02:33:31:04:00:1A:85
05.03.2026_10:01:00.225,AA:55:02:AB:08:C6:05:16:00:A0:0F:19:26:18:05:00:F4:00:B2:31:05:00:18:93
05.03.2026_10:01:00.250,AA:55:03:AB:08:CA:05:12:00:A3:0F:19:22:1B:07:00:5D:00:71:32:06:00:18:C1
05.03.2026_10:01:00.275,AA:55:10:AF:0B:FC:08:0B:09:FA:08:A2:00:48:01:29:18:15:1D:04:04:00:57:91
05.03.2026_10:01:00.300,AA:55:01:AB:08:C7:05:6F:00:B1:0F:3E:33:21:2A:02:9A:02:34:31:04:00:1A:8B
05.03.2026_10:01:00.325,AA:55:02:AB:08:C5:05:16:00:A7:0F:19:26:18:00:00:EE:00:B2:31:05:00:18:8E
05.03.2026_10:01:00.350,AA:55:03:AB:08:C6:05:12:00:A0:0F:19:22:1A:00:00:5C:00:71:32:06:00:18:B1
05.03.2026_10:01:00.375,AA:55:10:AF:0B:FE:08:07:09:F3:08:A2:00:47:01:2A:18:15:1D:06:04:00:57:8A
05.03.2026_10:01:00.400,AA:55:01:AB:08:C9:05:6F:00:AE:0F:3E:33:20:29:02:98:02:34:31:04:00:1A:86
05.03.2026_10:01:00.425,AA:55:02:AB:08:C5:05:14:00:A3:0F:19:26:19:00:00:E1:00:B3:31:05:00:18:7D
05.03.2026_10:01:00.450,AA:55:03:AB:08:C6:05:11:00:A3:0F:19:22:1B:00:00:57:00:72:32:06:00:18:B0
05.03.2026_10:01:00.475,AA:55:10:AF:0B:F7:08:08:09:FB:08:A4:00:47:01:2A:18:15:1D:F3:03:00:57:7A
05.03.2026_10:01:00.500,AA:55:01:AB:08:C8:05:6C:00:AC:0F:3E:33:20:32:02:84:02:35:31:04:00:1A:76
05.03.2026_10:01:00.525,AA:55:02:AB:08:C7:05:14:00:A0:0F:19:26:19:01:00:DC:00:B3:31:05:00:18:78
05.03.2026_10:01:00.550,AA:55:03:AB:08:C7:05:16:00:A6:0F:19:22:1B:0D:00:71:00:72:32:06:00:18:E0
05.03.2026_10:01:00.575,AA:55:10:AF:0B:FC:08:0A:09:F8:08:9F:00:47:01:2A:18:15:1D:F5:03:00:57:7B
05.03.2026_10:01:00.600,AA:55:01:AB:08:C9:05:6A:00:AE:0F:3E:33:20:27:02:7C:02:35:31:04:00:1A:64
05.03.2026_10:01:00.625,AA:55:02:AB:08:C7:05:11:00:A0:0F:19:26:1B:00:00:B8:00:B3:31:05:00:18:52
05.03.2026_10:01:00.650,AA:55:03:AB:08:CA:05:12:00:A6:0F:19:22:19:00:00:59:00:73:32:06:00:18:B9
05.03.2026_10:01:00.675,AA:55:10:AF:0B:FB:08:0A:09:F4:08:97:00:46:01:29:18:15:1D:B0:03:00:57:27
05.03.2026_10:01:00.700,AA:55:01:AB:08:C6:05:6C:00:AE:0F:3E:34:1F:35:02:83:02:35:31:04:00:1A:78
05.03.2026_10:01:00.725,AA:55:02:AB:08:CA:05:0F:00:A3:0F:19:26:1B:00:00:A6:00:B4:31:05:00:18:45
05.03.2026_10:01:00.750,AA:55:03:AB:08:C8:05:15:00:A6:0F:19:22:1A:00:00:69:00:73:32:06:00:18:CB
05.03.2026_10:01:00.775,AA:55:10:AF:0B:FE:08:0D:09:FA:08:9C:00:45:01:29:18:15:1D:B5:03:00:57:3C
05.03.2026_10:01:00.800,AA:55:01:AB:08:C9:05:69:00:B2:0F:3E:34:1F:1A:02:73:02:36:31:04:00:1A:52
05.03.2026_10:01:00.825,AA:55:02:AB:08:C9:05:10:00:A4:0F:19:27:1C:00:00:AC:00:B4:31:05:00:18:4E
05.03.2026_10:01:00.850,AA:55:03:AB:08:C5:05:13:00:A1:0F:19:22:1B:0E:00:5F:00:73:32:06:00:18:C6
05.03.2026_10:01:00.875,AA:55:10:AF:0B:FD:08:0E:09:F1:08:9B:00:45:01:2A:18:15:1D:A1:03:00:57:1F
05.03.2026_10:01:00.900,AA:55:01:AB:08:C6:05:70:00:AE:0F:3F:34:1E:30:02:9F:02:36:31:04:00:1A:94
05.03.2026_10:01:00.925,AA:55:02:AB:08:CB:05:17:00:A1:0F:19:27:1A:00:00:F8:00:B4:31:05:00:18:9E
05.03.2026_10:01:00.950,AA:55:03:AB:08:C9:05:13:00:A5:0F:19:23:18:0B:00:60:00:74:32:06:00:18:CB
05.03.2026_10:01:00.975,AA:55:10:AF:0B:FF:08:08:09:F2:08:A7:00:44:01:2A:18:15:1D:1A:04:00:57:A1
05.03.2026_10:01:01.000,AA:55:01:AB:08:C6:05:69:00:AE:0F:3E:33:22:18:02:72:02:36:31:04:00:1A:4A
05.03.2026_10:01:01.025,AA:55:02:AB:08:C6:05:11:00:A0:0F:19:27:18:00:00:BE:00:B5:31:05:00:18:57
05.03.2026_10:01:01.050,AA:55:03:AB:08:C5:05:14:00:A4:0F:19:23:1B:00:00:65:00:74:32:06:00:18:C4
05.03.2026_10:01:01.075,AA:55:10:AF:0B:F8:08:07:09:F1:08:96:00:44:01:2A:18:15:1D:B9:03:00:58:26
05.03.2026_10:01:01.100,AA:55:01:AB:08:C6:05:67:00:B3:0F:3F:34:1F:1D:02:6B:02:37:31:04:00:1A:4B
05.03.2026_10:01:01.125,AA:55:02:AB:08:C9:05:15:00:A5:0F:19:27:19:01:00:E4:00:B5:31:05:00:18:8B
05.03.2026_10:01:01.150,AA:55:03:AB:08:C6:05:12:00:A0:0F:19:23:18:06:00:59:00:74:32:06:00:18:B6
05.03.2026_10:01:01.175,AA:55:10:AF:0B:F7:08:0E:09:F9:08:9B:00:44:01:2A:18:15:1D:CC:03:00:58:4C
05.03.2026_10:01:01.200,AA:55:01:AB:08:CB:05:6C:00:B2:0F:3F:33:22:1F:02:86:02:37:31:04:00:1A:73
05.03.2026_10:01:01.225,AA:55:02:AB:08:C8:05:11:00:A0:0F:19:26:1A:00:00:BC:00:B5:31:05:00:18:58
05.03.2026_10:01:01.250,AA:55:03:AB:08:C8:05:18:00:A1:0F:19:22:1B:04:00:77:00:75:32:06:00:18:DE
05.03.2026_10:01:01.275,AA:55:10:AF:0B:FF:08:0A:09:FB:08:9E:00:44:01:2A:18:15:1D:DB:03:00:58:64
05.03.2026_10:01:01.300,AA:55:01:AB:08:C8:05:6C:00:B3:0F:3F:34:21:23:02:89:02:37:31:04:00:1A:78
05.03.2026_10:01:01.325,AA:55:02:AB:08:CA:05:14:00:A3:0F:19:27:1C:00:00:DF:00:B6:31:05:00:18:87
05.03.2026_10:01:01.350,AA:55:03:AB:08:C8:05:13:00:A5:0F:19:23:1B:06:00:5F:00:75:32:06:00:18:C8
05.03.2026_10:01:01.375,AA:55:10:AF:0B:FF:08:07:09:F8:08:9F:00:43:01:2A:18:15:1D:EA:03:00:58:6D
05.03.2026_10:01:01.400,AA:55:01:AB:08:CA:05:67:00:AE:0F:3F:34:1F:1C:02:69:02:38:31:04:00:1A:48
05.03.2026_10:01:01.425,AA:55:02:AB:08:C8:05:11:00:9F:0F:18:26:1B:00:00:BC:00:B6:31:05:00:18:58
05.03.2026_10:01:01.450,AA:55:03:AB:08:C9:05:13:00:A4:0F:19:23:1A:06:00:5E:00:75:32:06:00:18:C6
05.03.2026_10:01:01.475,AA:55:10:AF:0B:FA:08:0F:09:F7:08:95:00:43:01:2B:18:15:1D:A6:03:00:58:22
05.03.2026_10:01:01.500,AA:55:01:AB:08:C7:05:70:00:AF:0F:3E:34:20:2E:02:9C:02:38:31:04:00:1A:94
05.03.2026_10:01:01.525,AA:55:02:AB:08:C9:05:10:00:9E:0F:19:27:1A:00:00:B1:00:B7:31:05:00:18:4E
05.03.2026_10:01:01.550,AA:55:03:AB:08:C7:05:11:00:A0:0F:19:23:1B:00:00:56:00:76:32:06:00:18:B2
05.03.2026_10:01:01.575,AA:55:10:AF:0B:FF:08:0D:09:F7:08:9E:00:42:01:2A:18:15:1D:C6:03:00:58:4C
05.03.2026_10:01:01.600,AA:55:01:AB:08:C8:05:68:00:B3:0F:3F:34:1E:19:02:6E:02:39:31:04:00:1A:4E
05.03.2026_10:01:01.625,AA:55:02:AB:08:C6:05:13:00:9F:0F:19:27:1B:06:00:D4:00:B7:31:05:00:18:79
05.03.2026_10:01:01.650,AA:55:03:AB:08:C8:05:12:00:A0:0F:19:23:19:00:00:5A:00:76:32:06:00:18:B6
05.03.2026_10:01:01.675,AA:55:10:AF:0B:00:09:0C:09:FA:08:96:00:42:01:2B:18:15:1D:BF:03:00:58:42
05.03.2026_10:01:01.700,AA:55:01:AB:08:CA:05:6C:00:AD:0F:3E:34:20:30:02:83:02:39:31:04:00:1A:7B
05.03.2026_10:01:01.725,AA:55:02:AB:08:C8:05:16:00:A4:0F:18:27:1B:07:00:F1:00:B7:31:05:00:18:A0
05.03.2026_10:01:01.750,AA:55:03:AB:08:C6:05:12:00:A3:0F:19:23:1C:04:00:5A:00:76:32:06:00:18:BE
05.03.2026_10:01:01.775,AA:55:10:AF:0B:FD:08:0E:09:F6:08:A2:00:42:01:2A:18:15:1D:F2:03:00:58:7A
05.03.2026_10:01:01.800,AA:55:01:AB:08:C8:05:67:00:B2:0F:3F:34:1F:1A:02:6B:02:39:31:04:00:1A:4B
05.03.2026_10:01:01.825,AA:55:02:AB:08:C8:05:16:00:A2:0F:18:26:18:00:00:EE:00:B8:31:05:00:18:91
05.03.2026_10:01:01.850,AA:55:03:AB:08:CB:05:15:00:A5:0F:19:23:1A:07:00:6A:00:77:32:06:00:18:DA
05.03.2026_10:01:01.875,AA:55:10:AF:0B:FF:08:0A:09:F3:08:9F:00:42:01:2A:18:15:1D:E6:03:00:58:66
05.03.2026_10:01:01.900,AA:55:01:AB:08:C9:05:6E:00:B4:0F:3F:34:1F:1A:02:90:02:3A:31:04:00:1A:7B
05.03.2026_10:01:01.925,AA:55:02:AB:08:CA:05:16:00:A5:0F:19:27:1B:0E:00:EE:00:B8:31:05:00:18:A9
05.03.2026_10:01:01.950,AA:55:03:AB:08:CA:05:16:00:A7:0F:19:23:1A:0A:00:6F:00:77:32:06:00:18:E4
05.03.2026_10:01:01.975,AA:55:10:AF:0B:FF:08:0B:09:F9:08:A3:00:41:01:2A:18:15:1D:10:04:00:58:9B
05.03.2026_10:01:02.000,AA:55:01:AB:08:CB:05:70:00:AF:0F:3F:34:20:35:02:9C:02:3A:31:04:00:1A:A2
05.03.2026_10:01:02.025,AA:55:02:AB:08:CA:05:19:00:A4:0F:19:27:18:0F:00:16:01:B8:31:05:00:18:D2
05.03.2026_10:01:02.050,AA:55:03:AB:08:C9:05:1D:00:A2:0F:19:23:1A:28:00:94:00:78:32:06:00:18:29
05.03.2026_10:01:02.075,AA:55:10:AF:0B:F7:08:08:09:F1:08:B1:00:41:01:2A:18:15:1D:69:04:00:59:F0
05.03.2026_10:01:02.100,AA:55:01:AB:08:C5:05:6C:00:AE:0F:3F:34:22:32:02:88:02:3A:31:04:00:1A:82
05.03.2026_10:01:02.125,AA:55:02:AB:08:CB:05:10:00:A1:0F:18:26:19:00:00:B5:00:B9:31:05:00:18:56
05.03.2026_10:01:02.150,AA:55:03:AB:08:C8:05:1D:00:A2:0F:1A:23:1C:46:00:90:00:78:32:06:00:18:45
05.03.2026_10:01:02.175,AA:55:10:AF:0B:FE:08:0F:09:F6:08:A8:00:40:01:2A:18:15:1D:F1:03:00:59:80
05.03.2026_10:01:02.200,AA:55:01:AB:08:C8:05:6D:00:B4:0F:40:34:20:2A:02:8C:02:3B:31:04:00:1A:88
05.03.2026_10:01:02.225,AA:55:02:AB:08:C6:05:17:00:A0:0F:19:27:19:07:00:FB:00:B9:31:05:00:18:A6
05.03.2026_10:01:02.250,AA:55:03:AB:08:C8:05:22:00:A5:0F:1A:23:1B:64:00:A9:00:78:32:06:00:18:83
05.03.2026_10:01:02.275,AA:55:10:AF:0B:FC:08:0F:09:F3:08:B0:00:40:01:2A:18:15:1D:54:04:00:59:E7
05.03.2026_10:01:02.300,AA:55:01:AB:08:CA:05:6C:00:AD:0F:3F:34:21:33:02:85:02:3B:31:04:00:1A:84
05.03.2026_10:01:02.325,AA:55:02:AB:08:CB:05:13:00:A6:0F:19:27:1C:02:00:D3:00:B9:31:05:00:18:83
05.03.2026_10:01:02.350,AA:55:03:AB:08:C5:05:2A:00:A9:0F:1A:23:1C:82:00:D6:00:79:32:06:00:18:D9
05.03.2026_10:01:02.375,AA:55:10:AF:0B:F7:08:0A:09:F5:08:B5:00:40:01:2B:18:15:1D:50:04:00:59:E1
05.03.2026_10:01:02.400,AA:55:01:AB:08:CA:05:70:00:B2:0F:40:34:1F:31:02:9C:02:3B:31:04:00:1A:A1
05.03.2026_10:01:02.425,AA:55:02:AB:08:C9:05:13:00:A0:0F:19:27:1C:04:00:D5:00:BA:31:05:00:18:80
05.03.2026_10:01:02.450,AA:55:03:AB:08:CA:05:2B:00:A6:0F:1A:23:1A:A0:00:D8:00:79:32:06:00:18:FA
05.03.2026_10:01:02.475,AA:55:10:AF:0B:00:09:10:09:F2:08:B6:00:3F:01:2A:18:15:1D:6C:04:00:59:09
05.03.2026_10:01:02.500,AA:55:01:AB:08:C8:05:6D:00:B4:0F:40:34:1F:17:02:8C:02:3C:31:04:00:1A:75
05.03.2026_10:01:02.525,AA:55:02:AB:08:C9:05:15:00:A2:0F:19:27:1A:00:00:EB:00:BA:31:05:00:18:94
05.03.2026_10:01:02.550,AA:55:03:AB:08:C8:05:31:00:A9:0F:1A:23:1B:BE:00:F7:00:79:32:06:00:18:3F
05.03.2026_10:01:02.575,AA:55:10:AF:0B:FB:08:0C:09:F6:08:BE:00:3E:01:2B:18:15:1D:92:04:00:59:31
05.03.2026_10:01:02.600,AA:55:01:AB:08:C9:05:6C:00:AF:0F:3F:34:20:1F:02:88:02:3C:31:04:00:1A:74
05.03.2026_10:01:02.625,AA:55:02:AB:08:C8:05:14:00:A6:0F:19:27:19:00:00:D9:00:BB:31:05:00:18:84
05.03.2026_10:01:02.650,AA:55:03:AB:08:CA:05:37:00:AA:0F:1A:23:1E:DC:00:17:01:7A:32:06:00:18:8B
05.03.2026_10:01:02.675,AA:55:10:AF:0B:FC:08:0B:09:F9:08:C0:00:3E:01:2A:18:15:1D:9B:04:00:59:3E
05.03.2026_10:01:02.700,AA:55:01:AB:08:C6:05:6A:00:AD:0F:40:34:20:29:02:78:02:3C:31:04:00:1A:68
05.03.2026_10:01:02.725,AA:55:02:AB:08:CA:05:18:00:A3:0F:19:27:1C:0E:00:0D:01:BB:31:05:00:18:CD
05.03.2026_10:01:02.750,AA:55:03:AB:08:C9:05:3E:00:A7:0F:1A:23:1D:FA:00:3A:01:7A:32:06:00:18:CE
05.03.2026_10:01:02.775,AA:55:10:AF:0B:F7:08:06:09:F8:08:D0:00:3F:01:2A:18:15:1D:E1:04:00:59:8A
05.03.2026_10:01:02.800,AA:55:01:AB:08:C9:05:68:00:AE:0F:40:34:22:1A:02:6D:02:3D:31:04:00:1A:53
05.03.2026_10:01:02.825,AA:55:02:AB:08:C5:05:1A:00:A2:0F:19:27:19:0E:00:1A:01:BB:31:05:00:18:D3
05.03.2026_10:01:02.850,AA:55:03:AB:08:CB:05:42:00:AA:0F:1A:23:1D:18:01:50:01:7A:32:06:00:18:0C
05.03.2026_10:01:02.875,AA:55:10:AF:0B:FD:08:08:09:F6:08:CF:00:3F:01:2B:18:15:1D:FA:04:00:59:A9
05.03.2026_10:01:02.900,AA:55:01:AB:08:C6:05:6E:00:B3:0F:40:34:20:33:02:92:02:3D:31:04:00:1A:97
05.03.2026_10:01:02.925,AA:55:02:AB:08:C8:05:18:00:A7:0F:19:27:1C:0A:00:07:01:BC:31:05:00:18:C6
05.03.2026_10:01:02.950,AA:55:03:AB:08:C6:05:49:00:AF:0F:1A:24:1E:36:01:6F:01:7B:32:06:00:18:53
05.03.2026_10:01:02.975,AA:55:10:AF:0B:00:09:0D:09:F5:08:D7:00:40:01:2B:18:15:1D:2B:05:00:59:EC
05.03.2026_10:01:03.000,AA:55:01:AB:08:C7:05:6C:00:B1:0F:40:34:22:19:02:88:02:3E:31:04:00:1A:73
05.03.2026_10:01:03.025,AA:55:02:AB:08:C6:05:19:00:A2:0F:19:27:19:0C:00:10:01:BC:31:05:00:18:C8
05.03.2026_10:01:03.050,AA:55:03:AB:08:CA:05:4C:00:AE:0F:1A:23:1C:54:01:80:01:7B:32:06:00:18:85
05.03.2026_10:01:03.075,AA:55:10:AF:0B:01:09:08:09:F6:08:DA:00:40:01:2B:18:15:1D:3B:05:00:5A:FD
05.03.2026_10:01:03.100,AA:55:01:AB:08:C7:05:6C:00:AC:0F:40:35:23:30:02:84:02:3E:31:04:00:1A:83
05.03.2026_10:01:03.125,AA:55:02:AB:08:C6:05:11:00:A3:0F:19:27:1A:02:00:C0:00:BC:31:05:00:18:67
05.03.2026_10:01:03.150,AA:55:03:AB:08:C9:05:51:00:AD:0F:1A:24:1E:72:01:97:01:7C:32:06:00:18:C1
05.03.2026_10:01:03.175,AA:55:10:AF:0B:FA:08:10:09:F3:08:DD:00:41:01:2B:18:15:1D:FF:04:00:5A:C1
05.03.2026_10:01:03.200,AA:55:01:AB:08:CA:05:69:00:B4:0F:40:34:1F:19:02:75:02:3E:31:04:00:1A:60
05.03.2026_10:01:03.225,AA:55:02:AB:08:C5:05:16:00:A0:0F:19:27:1A:00:00:F1:00:BD:31:05:00:18:98
05.03.2026_10:01:03.250,AA:55:03:AB:08:C5:05:55:00:B0:0F:1B:24:20:90:01:AD:01:7C:32:06:00:18:FB
05.03.2026_10:01:03.275,AA:55:10:AF:0B:FB:08:0F:09:F1:08:E3:00:41:01:2B:18:15:1D:35:05:00:5A:FC
05.03.2026_10:01:03.300,AA:55:01:AB:08:C8:05:6B:00:AE:0F:40:35:22:23:02:7E:02:3F:31:04:00:1A:72
05.03.2026_10:01:03.325,AA:55:02:AB:08:C5:05:15:00:9F:0F:19:27:19:00:00:E3:00:BD:31:05:00:18:87
05.03.2026_10:01:03.350,AA:55:03:AB:08:C8:05:58:00:B1:0F:1A:24:20:AE:01:BB:01:7C:32:06:00:18:2D
05.03.2026_10:01:03.375,AA:55:10:AF:0B:FF:08:0D:09:F9:08:E2:00:42:01:2B:18:15:1D:3F:05:00:5A:10
05.03.2026_10:01:03.400,AA:55:01:AB:08:C7:05:6C:00:B3:0F:40:35:20:33:02:85:02:3F:31:04:00:1A:8C
05.03.2026_10:01:03.425,AA:55:02:AB:08:C7:05:13:00:A6:0F:19:27:18:00:00:D1:00:BD:31:05:00:18:7B
05.03.2026_10:01:03.450,AA:55:03:AB:08:CB:05:5F:00:AB:0F:1B:24:20:CC:01:DE:01:7D:32:06:00:18:74
05.03.2026_10:01:03.475,AA:55:10:AF:0B:F8:08:06:09:F9:08:E6:00:42:01:2B:18:15:1D:57:05:00:5A:1E
05.03.2026_10:01:03.500,AA:55:01:AB:08:C7:05:6B:00:B0:0F:41:35:21:23:02:80:02:3F:31:04:00:1A:75
05.03.2026_10:01:03.525,AA:55:02:AB:08:CB:05:12:00:A3:0F:19:27:18:00:00:C9:00:BE:31:05:00:18:74
05.03.2026_10:01:03.550,AA:55:03:AB:08:C6:05:64:00:B2:0F:1B:24:1E:EA:01:F9:01:7D:32:06:00:18:B2
05.03.2026_10:01:03.575,AA:55:10:AF:0B:F8:08:07:09:FA:08:F0:00:42:01:2B:18:15:1D:65:05:00:5A:38
05.03.2026_10:01:03.600,AA:55:01:AB:08:C6:05:6B:00:B1:0F:41:35:22:2A:02:7E:02:40:31:04:00:1A:7C
05.03.2026_10:01:03.625,AA:55:02:AB:08:CA:05:11:00:9F:0F:19:26:1A:00:00:B8:00:BE:31:05:00:18:5E
05.03.2026_10:01:03.650,AA:55:03:AB:08:CA:05:67:00:B2:0F:1B:24:20:08:02:09:02:7D:32:06:00:18:EB
05.03.2026_10:01:03.675,AA:55:10:AF:0B:F8:08:0B:09:F2:08:EF:00:42:01:2A:18:15:1D:63:05:00:5A:30
05.03.2026_10:01:03.700,AA:55:01:AB:08:C9:05:68:00:B0:0F:40:35:22:1A:02:6D:02:40:31:04:00:1A:59
05.03.2026_10:01:03.725,AA:55:02:AB:08:C6:05:13:00:A6:0F:19:26:19:06:00:D6:00:BE:31:05:00:18:86
05.03.2026_10:01:03.750,AA:55:03:AB:08:C8:05:6A:00:B1:0F:1B:24:21:26:02:18:02:7E:32:06:00:18:1A
05.03.2026_10:01:03.775,AA:55:10:AF:0B:FF:08:0C:09:F4:08:F3:00:42:01:2B:18:15:1D:7F:05:00:5A:5B
05.03.2026_10:01:03.800,AA:55:01:AB:08:C6:05:6C:00:AD:0F:41:35:21:31:02:85:02:40:31:04:00:1A:86
05.03.2026_10:01:03.825,AA:55:02:AB:08:C9:05:15:00:A4:0F:19:27:18:00:00:E7:00:BF:31:05:00:18:95
05.03.2026_10:01:03.850,AA:55:03:AB:08:C7:05:71:00:B4:0F:1B:24:1F:44:02:3F:02:7E:32:06:00:18:66
05.03.2026_10:01:03.875,AA:55:10:AF:0B:00:09:0D:09:F5:08:01:01:43:01:2B:18:15:1D:CD:05:00:5A:BD
05.03.2026_10:01:03.900,AA:55:01:AB:08:CB:05:6B:00:B1:0F:41:35:20:21:02:83:02:41:31:04:00:1A:7C
05.03.2026_10:01:03.925,AA:55:02:AB:08:CA:05:13:00:A6:0F:19:27:19:00:00:CF:00:BF:31:05:00:18:7F
05.03.2026_10:01:03.950,AA:55:03:AB:08:C7:05:74:00:AE:0F:1B:24:20:62:02:4A:02:7E:32:06:00:18:8D
05.03.2026_10:01:03.975,AA:55:10:AF:0B:F8:08:0F:09:FB:08:FF:00:43:01:2B:18:15:1D:BF:05:00:5A:AB
05.03.2026_10:01:04.000,AA:55:01:AB:08:CA:05:6F:00:B4:0F:41:35:23:2E:02:99:02:41:31:04:00:1A:A8
05.03.2026_10:01:04.025,AA:55:02:AB:08:C8:05:16:00:A6:0F:19:27:18:00:00:F6:00:C0:31:05:00:18:A7
05.03.2026_10:01:04.050,AA:55:03:AB:08:CB:05:7C:00:AF:0F:1B:24:21:80:02:72:02:7F:32:06:00:18:E2
05.03.2026_10:01:04.075,AA:55:10:AF:0B:FE:08:07:09:F6:08:09:01:44:01:2B:18:15:1D:24:06:00:5B:17
05.03.2026_10:01:04.100,AA:55:01:AB:08:C8:05:6D:00:B1:0F:41:35:1F:2A:02:8A:02:42:31:04:00:1A:8B
05.03.2026_10:01:04.125,AA:55:02:AB:08:CB:05:10:00:A6:0F:19:26:1C:00:00:AD:00:C0:31:05:00:18:5E
05.03.2026_10:01:04.150,AA:55:03:AB:08:C9:05:7D:00:B3:0F:1C:24:21:9E:02:79:02:7F:32:06:00:18:0B
05.03.2026_10:01:04.175,AA:55:10:AF:0B:FC:08:07:09:F7:08:03:01:44:01:2B:18:15:1D:D4:05:00:5B:BF
05.03.2026_10:01:04.200,AA:55:01:AB:08:CA:05:70:00:B0:0F:41:35:20:2E:02:9D:02:42:31:04:00:1A:A7
05.03.2026_10:01:04.225,AA:55:02:AB:08:CA:05:13:00:A5:0F:19:27:19:0D:00:D4:00:C0:31:05:00:18:91
05.03.2026_10:01:04.250,AA:55:03:AB:08:C9:05:81:00:B1:0F:1C:24:21:BC:02:8F:02:7F:32:06:00:18:41
05.03.2026_10:01:04.275,AA:55:10:AF:0B:00:09:07:09:F7:08:0E:01:44:01:2C:18:15:1D:23:06:00:5B:20
05.03.2026_10:01:04.300,AA:55:01:AB:08:CA:05:6A:00:B3:0F:41:35:1F:2D:02:7A:02:42:31:04:00:1A:7F
05.03.2026_10:01:04.325,AA:55:02:AB:08:C6:05:15:00:A3:0F:19:27:1B:03:00:EB:00:C1:31:05:00:18:9D
05.03.2026_10:01:04.349,AA:55:03:AB:08:C6:05:85:00:B1:0F:1B:24:23:BB:02:A3:02:80:32:06:00:18:57
05.03.2026_10:01:04.375,AA:55:10:AF:0B:00:09:0F:09:F8:08:0E:01:44:01:2B:18:15:1D:2B:06:00:5B:30
05.03.2026_10:01:04.400,AA:55:01:AB:08:C9:05:6F:00:B1:0F:41:35:21:2A:02:96:02:43:31:04:00:1A:9D
05.03.2026_10:01:04.425,AA:55:02:AB:08:C6:05:16:00:A2:0F:19:27:1B:00:00:F1:00:C1:31:05:00:18:A0
05.03.2026_10:01:04.450,AA:55:03:AB:08:C7:05:80:00:B7:0F:1C:24:22:B8:02:8B:02:80:32:06:00:18:3E
05.03.2026_10:01:04.475,AA:55:10:AF:0B:F7:08:0D:09:F1:08:13:01:44:01:2B:18:15:1D:35:06:00:5B:2C
05.03.2026_10:01:04.500,AA:55:01:AB:08:CA:05:6E:00:B0:0F:42:35:20:35:02:93:02:43:31:04:00:1A:A4
05.03.2026_10:01:04.525,AA:55:02:AB:08:C9:05:15:00:A6:0F:19:27:1C:06:00:E5:00:C1:31:05:00:18:A1
05.03.2026_10:01:04.550,AA:55:03:AB:08:C8:05:83:00:B6:0F:1C:24:24:C4:02:98:02:81:32:06:00:18:5D
05.03.2026_10:01:04.575,AA:55:10:AF:0B:FD:08:0B:09:F2:08:0F:01:44:01:2B:18:15:1D:33:06:00:5B:2B
05.03.2026_10:01:04.600,AA:55:01:AB:08:CA:05:6D:00:B2:0F:42:35:20:32:02:8C:02:43:31:04:00:1A:9B
05.03.2026_10:01:04.625,AA:55:02:AB:08:C6:05:16:00:A2:0F:19:27:1C:01:00:F4:00:C2:31:05:00:18:A6
05.03.2026_10:01:04.650,AA:55:03:AB:08:C7:05:86:00:B3:0F:1C:25:23:C0:02:A8:02:81:32:06:00:18:68
05.03.2026_10:01:04.675,AA:55:10:AF:0B:F8:08:0B:09:F7:08:13:01:45:01:2B:18:15:1D:4B:06:00:5B:48
05.03.2026_10:01:04.700,AA:55:01:AB:08:C8:05:6C:00:AF:0F:41:35:20:27:02:85:02:44:31:04:00:1A:83
05.03.2026_10:01:04.725,AA:55:02:AB:08:C5:05:13:00:A2:0F:19:27:19:00:00:CC:00:C2:31:05:00:18:76
05.03.2026_10:01:04.750,AA:55:03:AB:08:C6:05:85:00:B7:0F:1C:25:22:AF:02:A0:02:81:32:06:00:18:50
05.03.2026_10:01:04.775,AA:55:10:AF:0B:FE:08:0C:09:F4:08:10:01:45:01:2C:18:15:1D:15:06:00:5B:14
05.03.2026_10:01:04.800,AA:55:01:AB:08:C6:05:6B:00:B3:0F:42:35:23:29:02:7F:02:44:31:04:00:1A:84
05.03.2026_10:01:04.825,AA:55:02:AB:08:CA:05:18:00:A1:0F:19:27:1B:0B:00:09:01:C2:31:05:00:18:CA
05.03.2026_10:01:04.849,AA:55:03:AB:08:C8:05:82:00:B5:0F:1C:24:22:B2:02:94:02:82:32:06:00:18:44
05.03.2026_10:01:04.875,AA:55:10:AF:0B:00:09:06:09:F8:08:14:01:45:01:2B:18:15:1D:3F:06:00:5B:42
05.03.2026_10:01:04.900,AA:55:01:AB:08:C7:05:6F:00:AF:0F:42:36:20:2C:02:9A:02:44:31:04:00:1A:A1
05.03.2026_10:01:04.925,AA:55:02:AB:08:C6:05:15:00:A2:0F:19:27:19:00:00:E6:00:C3:31:05:00:18:94
05.03.2026_10:01:04.950,AA:55:03:AB:08:C7:05:86:00:B2:0F:1C:24:20:BC:02:A4:02:82:32:06:00:18:5C
05.03.2026_10:01:04.975,AA:55:10:AF:0B:FD:08:0F:09:F8:08:19:01:46:01:2B:18:15:1D:48:06:00:5B:56
05.03.2026_10:01:05.000,AA:55:01:AB:08:C7:05:6A:00:B3:0F:42:36:1F:1A:02:7C:02:45:31:04:00:1A:70
05.03.2026_10:01:05.025,AA:55:02:AB:08:C8:05:1A:00:A4:0F:19:27:19:0E:00:1C:01:C3:31:05:00:18:E2
05.03.2026_10:01:05.050,AA:55:03:AB:08:C8:05:83:00:B4:0F:1C:24:24:B9:02:98:02:82:32:06:00:18:51
05.03.2026_10:01:05.075,AA:55:10:AF:0B:F9:08:10:09:F7:08:0F:01:46:01:2C:18:15:1D:53:06:00:5C:55
05.03.2026_10:01:05.100,AA:55:01:AB:08:CB:05:70:00:B5:0F:42:35:1F:2F:02:9C:02:45:31:04:00:1A:B0
05.03.2026_10:01:05.125,AA:55:02:AB:08:C5:05:13:00:A0:0F:19:26:18:00:00:CD:00:C4:31:05:00:18:75
05.03.2026_10:01:05.150,AA:55:03:AB:08:C8:05:82:00:B6:0F:1C:25:21:B0:02:95:02:83:32:06:00:18:45
05.03.2026_10:01:05.175,AA:55:10:AF:0B:FA:08:07:09:F9:08:0F:01:46:01:2C:18:15:1D:21:06:00:5C:1D
05.03.2026_10:01:05.200,AA:55:01:AB:08:C8:05:6F:00:B4:0F:42:36:1F:29:02:99:02:45:31:04:00:1A:A3
05.03.2026_10:01:05.225,AA:55:02:AB:08:C9:05:15:00:A7:0F:19:27:18:04:00:E3:00:C4:31:05:00:18:9D
05.03.2026_10:01:05.250,AA:55:03:AB:08:CB:05:85:00:B3:0F:1D:25:20:C5:02:A2:02:83:32:06:00:18:6A
05.03.2026_10:01:05.275,AA:55:10:AF:0B:00:09:0C:09:F1:08:16:01:46:01:2C:18:15:1D:42:06:00:5C:49
05.03.2026_10:01:05.300,AA:55:01:AB:08:C6:05:6C:00:B0:0F:42:36:1E:32:02:84:02:46:31:04:00:1A:8E
05.03.2026_10:01:05.325,AA:55:02:AB:08:C8:05:12:00:9F:0F:19:27:18:00:00:C8:00:C4:31:05:00:18:72
05.03.2026_10:01:05.349,AA:55:03:AB:08:C7:05:80:00:B6:0F:1C:25:20:B1:02:8B:02:83:32:06:00:18:38
05.03.2026_10:01:05.375,AA:55:10:AF:0B:F9:08:10:09:F4:08:09:01:46:01:2B:18:15:1D:F9:05:00:5C:F0
05.03.2026_10:01:05.400,AA:55:01:AB:08:C9:05:6C:00:B1:0F:42:36:23:2F:02:87:02:46:31:04:00:1A:97
05.03.2026_10:01:05.425,AA:55:02:AB:08:C9:05:13:00:A4:0F:19:27:1C:08:00:D5:00:C5:31:05:00:18:93
05.03.2026_10:01:05.450,AA:55:03:AB:08:C5:05:84:00:B2:0F:1C:25:23:C2:02:9F:02:84:32:06:00:18:5F
05.03.2026_10:01:05.475,AA:55:10:AF:0B:FD:08:0A:09:F3:08:12:01:47:01:2C:18:15:1D:1D:06:00:5C:1D
05.03.2026_10:01:05.500,AA:55:01:AB:08:C8:05:70:00:AF:0F:42:36:23:2B:02:9B:02:47:31:04:00:1A:A9
05.03.2026_10:01:05.525,AA:55:02:AB:08:C6:05:13:00:A6:0F:19:27:19:05:00:D2:00:C5:31:05:00:18:89
05.03.2026_10:01:05.550,AA:55:03:AB:08:C8:05:7F:00:B0:0F:1D:25:22:AF:02:81:02:84:32:06:00:18:2A
05.03.2026_10:01:05.575,AA:55:10:AF:0B:00:09:09:09:FA:08:0D:01:47:01:2B:18:15:1D:12:06:00:5C:16
05.03.2026_10:01:05.600,AA:55:01:AB:08:C6:05:6C:00:AD:0F:42:36:23:23:02:84:02:47:31:04:00:1A:82
05.03.2026_10:01:05.625,AA:55:02:AB:08:C6:05:16:00:A7:0F:19:27:18:04:00:ED:00:C5:31:05:00:18:A6
05.03.2026_10:01:05.650,AA:55:03:AB:08:C8:05:84:00:B5:0F:1C:25:24:B8:02:9F:02:85:32:06:00:18:5D
05.03.2026_10:01:05.675,AA:55:10:AF:0B:00:09:0A:09:F8:08:11:01:48:01:2B:18:15:1D:32:06:00:5C:3A
05.03.2026_10:01:05.700,AA:55:01:AB:08:C9:05:70:00:B1:0F:42:36:23:2C:02:9D:02:47:31:04:00:1A:AF
05.03.2026_10:01:05.725,AA:55:02:AB:08:C8:05:19:00:A4:0F:19:27:19:0D:00:18:01:C6:31:05:00:18:DF
05.03.2026_10:01:05.750,AA:55:03:AB:08:CB:05:83:00:B0:0F:1C:25:25:C2:02:96:02:85:32:06:00:18:5C
05.03.2026_10:01:05.775,AA:55:10:AF:0B:FB:08:0A:09:F6:08:19:01:48:01:2C:18:15:1D:6E:06:00:5C:77
05.03.2026_10:01:05.800,AA:55:01:AB:08:C9:05:69:00:AF:0F:43:36:20:21:02:74:02:48:31:04:00:1A:71
05.03.2026_10:01:05.825,AA:55:02:AB:08:C6:05:13:00:A6:0F:19:27:1C:08:00:D2:00:C6:31:05:00:18:90
05.03.2026_10:01:05.850,AA:55:03:AB:08:C6:05:82:00:B1:0F:1D:25:25:B0:02:90:02:85:32:06:00:18:40
05.03.2026_10:01:05.875,AA:55:10:AF:0B:FD:08:07:09:F4:08:0B:01:48:01:2C:18:15:1D:F9:05:00:5C:F0
05.03.2026_10:01:05.900,AA:55:01:AB:08:CA:05:70:00:B4:0F:43:36:20:33:02:A0:02:48:31:04:00:1A:BC
05.03.2026_10:01:05.925,AA:55:02:AB:08:C6:05:15:00:A2:0F:19:27:1C:00:00:E7:00:C6:31:05:00:18:9B
05.03.2026_10:01:05.950,AA:55:03:AB:08:C6:05:86:00:B7:0F:1D:25:23:C7:02:A8:02:86:32:06:00:18:78
05.03.2026_10:01:05.975,AA:55:10:AF:0B:FA:08:09:09:FA:08:14:01:49:01:2C:18:15:1D:51:06:00:5C:58
05.03.2026_10:01:06.000,AA:55:01:AB:08:CA:05:6D:00:AE:0F:43:36:22:29:02:8A:02:48:31:04:00:1A:95
05.03.2026_10:01:06.025,AA:55:02:AB:08:C9:05:17:00:A7:0F:19:27:1C:0D:00:FC:00:C7:31:05:00:18:C8
05.03.2026_10:01:06.050,AA:55:03:AB:08:CA:05:82:00:B0:0F:1D:25:20:B1:02:92:02:86:32:06:00:18:42
05.03.2026_10:01:06.075,AA:55:10:AF:0B:FA:08:0D:09:F4:08:0E:01:49:01:2C:18:15:1D:3A:06:00:5D:3A
05.03.2026_10:01:06.100,AA:55:01:AB:08:CA:05:6C:00:B2:0F:43:36:20:2C:02:87:02:49:31:04:00:1A:97
05.03.2026_10:01:06.125,AA:55:02:AB:08:C7:05:10:00:A3:0F:1A:27:19:00:00:AF:00:C7:31:05:00:18:5F
05.03.2026_10:01:06.150,AA:55:03:AB:08:C7:05:85:00:B5:0F:1D:25:20:C9:02:A3:02:86:32:06:00:18:70
05.03.2026_10:01:06.175,AA:55:10:AF:0B:FA:08:07:09:F8:08:0B:01:4A:01:2C:18:15:1D:FC:05:00:5D:F7
05.03.2026_10:01:06.200,AA:55:01:AB:08:C6:05:6C:00:B4:0F:43:36:22:24:02:84:02:49:31:04:00:1A:8C
05.03.2026_10:01:06.225,AA:55:02:AB:08:C5:05:18:00:A1:0F:19:27:18:05:00:07:01:C7:31:05:00:18:BF
05.03.2026_10:01:06.250,AA:55:03:AB:08:C7:05:83:00:B5:0F:1D:25:20:BD:02:98:02:87:32:06:00:18:58
05.03.2026_10:01:06.275,AA:55:10:AF:0B:F9:08:08:09:F3:08:0F:01:4A:01:2C:18:15:1D:47:06:00:5D:42
05.03.2026_10:01:06.300,AA:55:01:AB:08:C7:05:6F:00:B0:0F:43:36:1F:2D:02:9B:02:49:31:04:00:1A:A9
05.03.2026_10:01:06.325,AA:55:02:AB:08:C7:05:15:00:A0:0F:1A:27:1C:04:00:E3:00:C8:31:05:00:18:9D
05.03.2026_10:01:06.350,AA:55:03:AB:08:C9:05:85:00:B3:0F:1E:25:21:BD:02:A1:02:87:32:06:00:18:65
05.03.2026_10:01:06.375,AA:55:10:AF:0B:FA:08:0D:09:F2:08:17:01:4A:01:2C:18:15:1D:41:06:00:5D:49
05.03.2026_10:01:06.400,AA:55:01:AB:08:C8:05:6E:00:B1:0F:43:36:20:1D:02:91:02:4A:31:04:00:1A:92
05.03.2026_10:01:06.425,AA:55:02:AB:08:C8:05:17:00:A1:0F:19:27:1D:08:00:01:01:C8:31:05:00:18:C4
05.03.2026_10:01:06.450,AA:55:03:AB:08:C5:05:80:00:B4:0F:1D:26:22:AE:02:8A:02:87:32:06:00:18:38
05.03.2026_10:01:06.475,AA:55:10:AF:0B:FA:08:0F:09:F9:08:12:01:4A:01:2C:18:15:1D:3F:06:00:5D:4B
05.03.2026_10:01:06.500,AA:55:01:AB:08:C8:05:6F:00:B3:0F:43:36:21:2C:02:98:02:4A:31:04:00:1A:AC
05.03.2026_10:01:06.525,AA:55:02:AB:08:CB:05:11:00:A3:0F:1A:27:1A:00:00:B7:00:C9:31:05:00:18:6F
05.03.2026_10:01:06.550,AA:55:03:AB:08:CA:05:88:00:B4:0F:1E:25:22:C4:02:B1:02:88:32:06:00:18:83
05.03.2026_10:01:06.575,AA:55:10:AF:0B:FE:08:0D:09:F3:08:17:01:4B:01:2B:18:15:1D:23:06:00:5D:30
05.03.2026_10:01:06.600,AA:55:01:AB:08:C8:05:6A:00:B2:0F:44:37:22:18:02:79:02:4B:31:04:00:1A:77
05.03.2026_10:01:06.625,AA:55:02:AB:08:C6:05:13:00:A6:0F:19:27:18:00:00:D6:00:C9:31:05:00:18:8B
05.03.2026_10:01:06.650,AA:55:03:AB:08:C9:05:83:00:B5:0F:1E:25:23:BD:02:99:02:88:32:06:00:18:60
05.03.2026_10:01:06.675,AA:55:10:AF:0B:F9:08:0D:09:F6:08:0A:01:4B:01:2C:18:15:1D:0B:06:00:5D:0A
05.03.2026_10:01:06.700,AA:55:01:AB:08:C8:05:6E:00:AF:0F:44:36:22:1D:02:91:02:4B:31:04:00:1A:94
05.03.2026_10:01:06.725,AA:55:02:AB:08:C9:05:13:00:A3:0F:1A:27:18:0B:00:D4:00:C9:31:05:00:18:95
05.03.2026_10:01:06.750,AA:55:03:AB:08:CA:05:81:00:B5:0F:1E:25:22:B1:02:8D:02:88:32:06:00:18:46
05.03.2026_10:01:06.775,AA:55:10:AF:0B:F9:08:0A:09:F8:08:0C:01:4C:01:2C:18:15:1D:15:06:00:5D:16
05.03.2026_10:01:06.800,AA:55:01:AB:08:C7:05:70:00:B3:0F:43:36:20:2F:02:A0:02:4B:31:04:00:1A:B7
05.03.2026_10:01:06.825,AA:55:02:AB:08:CB:05:14:00:A4:0F:19:27:1B:00:00:D8:00:CA:31:05:00:18:95
05.03.2026_10:01:06.850,AA:55:03:AB:08:CA:05:80:00:B2:0F:1E:25:21:B8:02:89:02:89:32:06:00:18:45
05.03.2026_10:01:06.875,AA:55:10:AF:0B:FF:08:0D:09:F9:08:0F:01:4C:01:2C:18:15:1D:24:06:00:5D:32
05.03.2026_10:01:06.900,AA:55:01:AB:08:C6:05:69:00:AF:0F:43:37:1F:29:02:76:02:4C:31:04:00:1A:7C
05.03.2026_10:01:06.925,AA:55:02:AB:08:C9:05:15:00:A6:0F:19:27:1A:0B:00:E2:00:CA:31:05:00:18:AA
05.03.2026_10:01:06.950,AA:55:03:AB:08:C6:05:82:00:B7:0F:1E:25:23:C4:02:95:02:89:32:06:00:18:62
05.03.2026_10:01:06.975,AA:55:10:AF:0B:FD:08:0A:09:F7:08:0B:01:4C:01:2D:18:15:1D:10:06:00:5D:14
05.03.2026_10:01:07.000,AA:55:01:AB:08:C6:05:6D:00:B4:0F:44:37:1F:18:02:8A:02:4C:31:04:00:1A:89
05.03.2026_10:01:07.025,AA:55:02:AB:08:C8:05:12:00:9F:0F:19:27:18:00:00:C9:00:CA:31:05:00:18:79
05.03.2026_10:01:07.050,AA:55:03:AB:08:CB:05:85:00:B6:0F:1E:26:23:C1:02:A4:02:8A:32:06:00:18:77
05.03.2026_10:01:07.075,AA:55:10:AF:0B:FB:08:10:09:F3:08:0E:01:4C:01:2C:18:15:1D:1A:06:00:5E:21
05.03.2026_10:01:07.100,AA:55:01:AB:08:CA:05:6E:00:B4:0F:44:37:22:27:02:94:02:4C:31:04:00:1A:AA
05.03.2026_10:01:07.125,AA:55:02:AB:08:CA:05:12:00:A5:0F:19:27:17:00:00:C6:00:CB:31:05:00:18:7E
05.03.2026_10:01:07.150,AA:55:03:AB:08:C9:05:82:00:B5:0F:1E:26:22:AF:02:94:02:8A:32:06:00:18:4E
05.03.2026_10:01:07.175,AA:55:10:AF:0B:F8:08:07:09:F5:08:0D:01:4C:01:2C:18:15:1D:11:06:00:5E:0D
05.03.2026_10:01:07.200,AA:55:01:AB:08:C6:05:6D:00:B4:0F:44:37:21:2D:02:8E:02:4D:31:04:00:1A:A5
05.03.2026_10:01:07.225,AA:55:02:AB:08:C9:05:15:00:A2:0F:1A:27:1B:0C:00:EA:00:CB:31:05:00:18:B2
05.03.2026_10:01:07.250,AA:55:03:AB:08:C8:05:83:00:B3:0F:1E:26:22:C1:02:96:02:8A:32:06:00:18:60
05.03.2026_10:01:07.275,AA:55:10:AF:0B:FE:08:0B:09:F2:08:10:01:4C:01:2C:18:15:1D:32:06:00:5E:38
05.03.2026_10:01:07.300,AA:55:01:AB:08:C8:05:6D:00:B2:0F:43:37:20:27:02:8F:02:4D:31:04:00:1A:9E
05.03.2026_10:01:07.325,AA:55:02:AB:08:C6:05:11:00:A0:0F:19:27:1C:00:00:BB:00:CB:31:05:00:18:6E
05.03.2026_10:01:07.350,AA:55:03:AB:08:C5:05:83:00:B3:0F:1F:25:20:AE:02:96:02:8B:32:06:00:18:49
05.03.2026_10:01:07.375,AA:55:10:AF:0B:FB:08:0F:09:F5:08:0D:01:4C:01:2D:18:15:1D:03:06:00:5E:0B
05.03.2026_10:01:07.400,AA:55:01:AB:08:C8:05:6C:00:B0:0F:44:37:22:24:02:88:02:4D:31:04:00:1A:94
05.03.2026_10:01:07.425,AA:55:02:AB:08:CB:05:13:00:A7:0F:19:27:1C:00:00:D0:00:CC:31:05:00:18:92
05.03.2026_10:01:07.450,AA:55:03:AB:08:C7:05:87:00:B7:0F:1F:26:20:BB:02:AD:02:8B:32:06:00:18:78
05.03.2026_10:01:07.475,AA:55:10:AF:0B:FB:08:0D:09:F4:08:14:01:4C:01:2C:18:15:1D:28:06:00:5E:33
05.03.2026_10:01:07.500,AA:55:01:AB:08:C7:05:6C:00:AC:0F:44:37:21:1E:02:83:02:4E:31:04:00:1A:84
05.03.2026_10:01:07.525,AA:55:02:AB:08:C8:05:19:00:A5:0F:19:27:18:08:00:0E:01:CC:31:05:00:18:D6
05.03.2026_10:01:07.550,AA:55:03:AB:08:C9:05:80:00:B2:0F:1F:26:21:AF:02:89:02:8B:32:06:00:18:3F
05.03.2026_10:01:07.575,AA:55:10:AF:0B:FF:08:0F:09:F7:08:10:01:4D:01:2C:18:15:1D:3E:06:00:5E:4F
05.03.2026_10:01:07.600,AA:55:01:AB:08:C5:05:6B:00:AD:0F:44:37:23:29:02:80:02:4E:31:04:00:1A:8C
05.03.2026_10:01:07.625,AA:55:02:AB:08:C8:05:12:00:A1:0F:19:27:1B:00:00:C7:00:CD:31:05:00:18:7F
05.03.2026_10:01:07.650,AA:55:03:AB:08:C7:05:83:00:B7:0F:1E:26:23:BF:02:98:02:8C:32:06:00:18:66
05.03.2026_10:01:07.675,AA:55:10:AF:0B:FC:08:0C:09:F1:08:10:01:4D:01:2D:18:15:1D:02:06:00:5E:08
05.03.2026_10:01:07.700,AA:55:01:AB:08:C6:05:6A:00:B2:0F:44:37:22:19:02:7A:02:4E:31:04:00:1A:7A
05.03.2026_10:01:07.725,AA:55:02:AB:08:C5:05:10:00:A4:0F:19:27:1D:00:00:B2:00:CD:31:05:00:18:6A
05.03.2026_10:01:07.750,AA:55:03:AB:08:C9:05:85:00:B1:0F:1F:26:22:C4:02:A1:02:8C:32:06:00:18:72
05.03.2026_10:01:07.775,AA:55:10:AF:0B:FE:08:0B:09:F9:08:0F:01:4D:01:2D:18:15:1D:F0:05:00:5E:FD
05.03.2026_10:01:07.800,AA:55:01:AB:08:C6:05:6A:00:B3:0F:45:37:23:28:02:78:02:4F:31:04:00:1A:8B
05.03.2026_10:01:07.825,AA:55:02:AB:08:C7:05:17:00:A2:0F:19:27:1B:02:00:FD:00:CD:31:05:00:18:BC
05.03.2026_10:01:07.850,AA:55:03:AB:08:C7:05:84:00:B1:0F:1F:26:20:AE:02:9B:02:8C:32:06:00:18:51
05.03.2026_10:01:07.875,AA:55:10:AF:0B:F9:08:09:09:F9:08:0E:01:4D:01:2C:18:15:1D:33:06:00:5E:38
05.03.2026_10:01:07.900,AA:55:01:AB:08:C7:05:6B:00:AD:0F:45:37:23:22:02:81:02:4F:31:04:00:1A:8A
05.03.2026_10:01:07.925,AA:55:02:AB:08:C5:05:12:00:A1:0F:19:27:1C:00:00:C1:00:CE:31:05:00:18:78
05.03.2026_10:01:07.950,AA:55:03:AB:08:C9:05:81:00:B4:0F:1E:26:24:AE:02:8F:02:8D:32:06:00:18:4B
05.03.2026_10:01:07.975,AA:55:10:AF:0B:FE:08:0F:09:F4:08:09:01:4E:01:2D:18:15:1D:F3:05:00:5E:FA
05.03.2026_10:01:08.000,AA:55:01:AB:08:C7:05:70:00:AE:0F:44:37:21:2C:02:9D:02:50:31:04:00:1A:B4
05.03.2026_10:01:08.025,AA:55:02:AB:08:C6:05:12:00:A2:0F:19:27:1B:00:00:C5:00:CE:31:05:00:18:7D
05.03.2026_10:01:08.050,AA:55:03:AB:08:C8:05:85:00:B8:0F:1F:26:25:BA:02:A4:02:8D:32:06:00:18:75
05.03.2026_10:01:08.075,AA:55:10:AF:0B:FD:08:0C:09:F7:08:12:01:4F:01:2D:18:15:1D:29:06:00:5F:3B
05.03.2026_10:01:08.100,AA:55:01:AB:08:C6:05:6C:00:AF:0F:45:37:20:2C:02:89:02:50:31:04:00:1A:9C
05.03.2026_10:01:08.125,AA:55:02:AB:08:CA:05:15:00:A2:0F:19:27:19:00:00:E6:00:CE:31:05:00:18:A3
05.03.2026_10:01:08.150,AA:55:03:AB:08:C7:05:84:00:B1:0F:1F:26:21:C2:02:9F:02:8E:32:06:00:18:6C
05.03.2026_10:01:08.175,AA:55:10:AF:0B:F9:08:08:09:F2:08:13:01:4F:01:2D:18:15:1D:30:06:00:5F:36
05.03.2026_10:01:08.200,AA:55:01:AB:08:C6:05:6B:00:B0:0F:44:37:22:2A:02:7D:02:50:31:04:00:1A:8F
05.03.2026_10:01:08.225,AA:55:02:AB:08:C9:05:12:00:A4:0F:19:27:1C:00:00:C9:00:CF:31:05:00:18:88
05.03.2026_10:01:08.250,AA:55:03:AB:08:CA:05:83:00:B0:0F:1F:26:20:B7:02:99:02:8E:32:06:00:18:5B
05.03.2026_10:01:08.275,AA:55:10:AF:0B:00:09:0B:09:F3:08:0E:01:50:01:2C:18:15:1D:02:06:00:5F:0F
05.03.2026_10:01:08.300,AA:55:01:AB:08:C9:05:67:00:AC:0F:44:37:1F:1C:02:68:02:51:31:04:00:1A:65
05.03.2026_10:01:08.325,AA:55:02:AB:08:C8:05:14:00:A2:0F:19:27:1C:00:00:DD:00:CF:31:05:00:18:9B
05.03.2026_10:01:08.350,AA:55:03:AB:08:C8:05:82:00:B4:0F:1F:26:20:B9:02:91:02:8E:32:06:00:18:56
05.03.2026_10:01:08.375,AA:55:10:AF:0B:00:09:10:09:F1:08:0D:01:51:01:2D:18:15:1D:F9:05:00:5F:09
05.03.2026_10:01:08.400,AA:55:01:AB:08:C6:05:6D:00:AF:0F:45:37:21:35:02:8E:02:51:31:04:00:1A:AD
05.03.2026_10:01:08.425,AA:55:02:AB:08:C8:05:16:00:A2:0F:19:26:19:00:00:EE:00:CF:31:05:00:18:AA
05.03.2026_10:01:08.450,AA:55:03:AB:08:CA:05:81:00:B0:0F:1F:26:21:B3:02:8F:02:8F:32:06:00:18:4D
05.03.2026_10:01:08.475,AA:55:10:AF:0B:F8:08:09:09:F6:08:0E:01:51:01:2D:18:15:1D:2F:06:00:5F:36
05.03.2026_10:01:08.500,AA:55:01:AB:08:CB:05:69:00:B0:0F:45:37:1E:25:02:72:02:51:31:04:00:1A:80
05.03.2026_10:01:08.525,AA:55:02:AB:08:C9:05:16:00:A7:0F:19:27:18:00:00:EF:00:D0:31:05:00:18:B2
05.03.2026_10:01:08.550,AA:55:03:AB:08:C7:05:80:00:B2:0F:1F:27:24:B1:02:88:02:8F:32:06:00:18:46
05.03.2026_10:01:08.575,AA:55:10:AF:0B:F8:08:0E:09:F9:08:08:01:52:01:2D:18:15:1D:0D:06:00:5F:17
05.03.2026_10:01:08.600,AA:55:01:AB:08:C9:05:69:00:B2:0F:45:38:1F:1B:02:72:02:52:31:04:00:1A:79
05.03.2026_10:01:08.625,AA:55:02:AB:08:C7:05:15:00:A1:0F:19:27:19:02:00:E8:00:D0:31:05:00:18:A5
05.03.2026_10:01:08.650,AA:55:03:AB:08:CA:05:81:00:B1:0F:20:26:22:B7:02:8B:02:8F:32:06:00:18:50
05.03.2026_10:01:08.675,AA:55:10:AF:0B:FA:08:0E:09:F5:08:07:01:52:01:2C:18:15:1D:08:06:00:5F:0E
05.03.2026_10:01:08.700,AA:55:01:AB:08:C8:05:6D:00:B0:0F:46:37:1F:2F:02:89:02:52:31:04:00:1A:A5
05.03.2026_10:01:08.725,AA:55:02:AB:08:C9:05:13:00:A6:0F:19:27:17:03:00:CE:00:D0:31:05:00:18:8F
05.03.2026_10:01:08.750,AA:55:03:AB:08:C5:05:86:00:B3:0F:1F:26:21:B6:02:A9:02:90:32:06:00:18:6E
05.03.2026_10:01:08.775,AA:55:10:AF:0B:F8:08:0A:09:F6:08:0E:01:52:01:2D:18:15:1D:23:06:00:5F:2C
05.03.2026_10:01:08.800,AA:55:01:AB:08:C7:05:6F:00:AF:0F:46:37:23:35:02:9A:02:52:31:04:00:1A:C0
05.03.2026_10:01:08.825,AA:55:02:AB:08:C5:05:18:00:A3:0F:19:27:1C:0A:00:09:01:D1:31:05:00:18:D6
05.03.2026_10:01:08.850,AA:55:03:AB:08:C8:05:87:00:B1:0F:20:27:23:BC:02:AC:02:90:32:06:00:18:7D
05.03.2026_10:01:08.875,AA:55:10:AF:0B:FD:08:0C:09:F8:08:1D:01:52:01:2D:18:15:1D:73:06:00:5F:94
05.03.2026_10:01:08.900,AA:55:01:AB:08:C7:05:6C:00:AF:0F:46:38:20:34:02:87:02:53:31:04:00:1A:A8
05.03.2026_10:01:08.925,AA:55:02:AB:08:C6:05:13:00:A5:0F:19:27:1A:00:00:D1:00:D1:31:05:00:18:8F
05.03.2026_10:01:08.950,AA:55:03:AB:08:C5:05:87:00:B1:0F:20:26:23:BE:02:AB:02:90:32:06:00:18:7A
05.03.2026_10:01:08.975,AA:55:10:AF:0B:FA:08:0D:09:F8:08:14:01:52:01:2D:18:15:1D:26:06:00:5F:3C
05.03.2026_10:01:09.000,AA:55:01:AB:08:CA:05:70:00:AE:0F:45:37:21:34:02:9C:02:53:31:04:00:1A:C2
05.03.2026_10:01:09.025,AA:55:02:AB:08:CA:05:11:00:A0:0F:19:27:18:00:00:BD:00:D2:31:05:00:18:77
05.03.2026_10:01:09.050,AA:55:03:AB:08:C8:05:87:00:B1:0F:20:26:24:BB:02:A9:02:91:32:06:00:18:7A
05.03.2026_10:01:09.075,AA:55:10:AF:0B:FA:08:0E:09:F2:08:14:01:53:01:2D:18:15:1D:25:06:00:60:38
05.03.2026_10:01:09.100,AA:55:01:AB:08:C6:05:6E:00:AD:0F:46:38:1F:20:02:93:02:54:31:04:00:1A:9F
05.03.2026_10:01:09.125,AA:55:02:AB:08:C9:05:12:00:A0:0F:19:27:18:00:00:C6:00:D2:31:05:00:18:80
05.03.2026_10:01:09.150,AA:55:03:AB:08:C9:05:80:00:B4:0F:20:27:24:B7:02:88:02:91:32:06:00:18:53
05.03.2026_10:01:09.175,AA:55:10:AF:0B:F9:08:08:09:FB:08:10:01:53:01:2D:18:15:1D:04:06:00:60:15
05.03.2026_10:01:09.200,AA:55:01:AB:08:C8:05:71:00:B0:0F:46:38:20:33:02:A5:02:54:31:04:00:1A:CD
05.03.2026_10:01:09.225,AA:55:02:AB:08:C9:05:15:00:A3:0F:19:27:19:00:00:E2:00:D2:31:05:00:18:A3
05.03.2026_10:01:09.250,AA:55:03:AB:08:C7:05:84:00:B1:0F:20:27:21:B1:02:9B:02:91:32:06:00:18:5C
05.03.2026_10:01:09.275,AA:55:10:AF:0B:FB:08:0A:09:F3:08:12:01:53:01:2D:18:15:1D:45:06:00:60:54
05.03.2026_10:01:09.300,AA:55:01:AB:08:C8:05:6A:00:AE:0F:45:38:23:18:02:7B:02:54:31:04:00:1A:81
05.03.2026_10:01:09.325,AA:55:02:AB:08:C6:05:13:00:A2:0F:19:27:19:05:00:CC:00:D3:31:05:00:18:8D
05.03.2026_10:01:09.350,AA:55:03:AB:08:C9:05:84:00:B3:0F:20:26:20:B2:02:9E:02:92:32:06:00:18:63
05.03.2026_10:01:09.375,AA:55:10:AF:0B:FE:08:0C:09:F8:08:0F:01:53:01:2D:18:15:1D:09:06:00:60:1F
05.03.2026_10:01:09.400,AA:55:01:AB:08:C6:05:69:00:B1:0F:46:38:20:1D:02:72:02:55:31:04:00:1A:7C
05.03.2026_10:01:09.425,AA:55:02:AB:08:C8:05:18:00:A5:0F:19:27:19:0E:00:07:01:D3:31:05:00:18:DC
05.03.2026_10:01:09.450,AA:55:03:AB:08:CB:05:83:00:B6:0F:20:27:20:B7:02:97:02:92:32:06:00:18:66
05.03.2026_10:01:09.475,AA:55:10:AF:0B:FD:08:10:09:F5:08:0D:01:53:01:2E:18:15:1D:34:06:00:60:49
05.03.2026_10:01:09.500,AA:55:01:AB:08:CA:05:6A:00:B0:0F:46:38:22:29:02:7D:02:55:31:04:00:1A:99
05.03.2026_10:01:09.525,AA:55:02:AB:08:C6:05:12:00:A5:0F:19:27:1B:00:00:C1:00:D3:31:05:00:18:81
05.03.2026_10:01:09.550,AA:55:03:AB:08:CB:05:83:00:B0:0F:20:27:20:AE:02:98:02:93:32:06:00:18:59
05.03.2026_10:01:09.575,AA:55:10:AF:0B:FA:08:0F:09:FA:08:0D:01:54:01:2E:18:15:1D:F9:05:00:60:0F
05.03.2026_10:01:09.600,AA:55:01:AB:08:C9:05:67:00:B1:0F:46:38:22:1C:02:68:02:55:31:04:00:1A:74
05.03.2026_10:01:09.625,AA:55:02:AB:08:CA:05:12:00:9F:0F:19:27:1A:00:00:C7:00:D4:31:05:00:18:85
05.03.2026_10:01:09.650,AA:55:03:AB:08:C6:05:84:00:B3:0F:20:27:23:B4:02:9F:02:93:32:06:00:18:68
05.03.2026_10:01:09.675,AA:55:10:AF:0B:F9:08:10:09:F1:08:08:01:54:01:2E:18:15:1D:F1:05:00:60:F9
05.03.2026_10:01:09.700,AA:55:01:AB:08:C6:05:6F:00:AE:0F:46:38:20:23:02:97:02:56:31:04:00:1A:AB
05.03.2026_10:01:09.725,AA:55:02:AB:08:C6:05:14:00:A4:0F:19:27:1C:04:00:DB:00:D4:31:05:00:18:A2
05.03.2026_10:01:09.750,AA:55:03:AB:08:C7:05:88:00:B2:0F:20:27:24:C5:02:B1:02:93:32:06:00:18:90
05.03.2026_10:01:09.775,AA:55:10:AF:0B:FC:08:07:09:FA:08:15:01:54:01:2E:18:15:1D:45:06:00:60:5E
05.03.2026_10:01:09.800,AA:55:01:AB:08:C8:05:69:00:B1:0F:46:38:21:22:02:77:02:56:31:04:00:1A:8A
05.03.2026_10:01:09.825,AA:55:02:AB:08:C6:05:17:00:A3:0F:19:27:19:0C:00:FD:00:D4:31:05:00:18:CB
05.03.2026_10:01:09.850,AA:55:03:AB:08:CA:05:84:00:B0:0F:21:27:25:BA:02:9E:02:94:32:06:00:18:72
05.03.2026_10:01:09.875,AA:55:10:AF:0B:FC:08:09:09:F4:08:13:01:55:01:2E:18:15:1D:34:06:00:60:48
05.03.2026_10:01:09.900,AA:55:01:AB:08:CB:05:6D:00:B1:0F:46:38:20:34:02:8B:02:56:31:04:00:1A:B6
05.03.2026_10:01:09.925,AA:55:02:AB:08:C5:05:14:00:A5:0F:19:27:1A:00:00:DF:00:D5:31:05:00:18:A1
05.03.2026_10:01:09.950,AA:55:03:AB:08:C8:05:86:00:B3:0F:21:27:26:B3:02:A6:02:94:32:06:00:18:77
05.03.2026_10:01:09.975,AA:55:10:AF:0B:FB:08:0C:09:F8:08:12:01:55:01:2D:18:15:1D:33:06:00:60:4B
05.03.2026_10:01:10.000,AA:55:01:AB:08:CB:05:6B:00:AF:0F:46:38:1E:2A:02:80:02:57:31:04:00:1A:9C
05.03.2026_10:01:10.025,AA:55:02:AB:08:C7:05:11:00:A3:0F:19:27:1A:01:00:BE:00:D5:31:05:00:18:7E
05.03.2026_10:01:10.050,AA:55:03:AB:08:CA:05:81:00:B1:0F:21:27:26:B6:02:8D:02:94:32:06:00:18:5C
05.03.2026_10:01:10.075,AA:55:10:AF:0B:FF:08:0F:09:F4:08:0C:01:54:01:2D:18:15:1D:ED:05:00:61:01
05.03.2026_10:01:10.100,AA:55:01:AB:08:CB:05:70:00:B4:0F:46:38:21:2A:02:9E:02:57:31:04:00:1A:C7
05.03.2026_10:01:10.125,AA:55:02:AB:08:C7:05:16:00:A2:0F:19:27:1A:00:00:EE:00:D6:31:05:00:18:B2
05.03.2026_10:01:10.150,AA:55:03:AB:08:C7:05:85:00:B5:0F:21:27:23:C7:02:A1:02:95:32:06:00:18:84
05.03.2026_10:01:10.175,AA:55:10:AF:0B:F9:08:0F:09:F5:08:18:01:54:01:2D:18:15:1D:50:06:00:61:6C
05.03.2026_10:01:10.200,AA:55:01:AB:08:C9:05:6F:00:B1:0F:46:38:22:31:02:98:02:57:31:04:00:1A:C3
05.03.2026_10:01:10.225,AA:55:02:AB:08:C6:05:15:00:A1:0F:19:27:17:06:00:E6:00:D6:31:05:00:18:AA
05.03.2026_10:01:10.250,AA:55:03:AB:08:C6:05:81:00:B5:0F:21:27:21:B4:02:8C:02:95:32:06:00:18:55
05.03.2026_10:01:10.275,AA:55:10:AF:0B:FA:08:09:09:F3:08:13:01:55:01:2E:18:15:1D:2D:06:00:61:3F
05.03.2026_10:01:10.300,AA:55:01:AB:08:C6:05:6C:00:B2:0F:47:38:1F:24:02:89:02:58:31:04:00:1A:A1
05.03.2026_10:01:10.325,AA:55:02:AB:08:C7:05:11:00:A2:0F:19:27:1C:00:00:BA:00:D6:31:05:00:18:7B
05.03.2026_10:01:10.350,AA:55:03:AB:08:CA:05:83:00:B7:0F:21:27:21:BE:02:98:02:95:32:06:00:18:73
05.03.2026_10:01:10.375,AA:55:10:AF:0B:FD:08:0A:09:F7:08:0B:01:55:01:2D:18:15:1D:FE:05:00:61:0E
05.03.2026_10:01:10.400,AA:55:01:AB:08:C8:05:6A:00:AE:0F:47:38:21:2A:02:7C:02:58:31:04:00:1A:98
05.03.2026_10:01:10.425,AA:55:02:AB:08:C9:05:15:00:A2:0F:19:27:19:06:00:E8:00:D7:31:05:00:18:B3
05.03.2026_10:01:10.450,AA:55:03:AB:08:C5:05:87:00:B6:0F:21:27:22:C0:02:AC:02:96:32:06:00:18:89
05.03.2026_10:01:10.475,AA:55:10:AF:0B:F8:08:0C:09:FB:08:14:01:56:01:2E:18:15:1D:33:06:00:61:50
05.03.2026_10:01:10.500,AA:55:01:AB:08:C6:05:6E:00:B3:0F:47:38:1E:1B:02:90:02:59:31:04:00:1A:A2
05.03.2026_10:01:10.525,AA:55:02:AB:08:C6:05:15:00:A1:0F:19:27:18:0B:00:E2:00:D7:31:05:00:18:AD
05.03.2026_10:01:10.550,AA:55:03:AB:08:C5:05:83:00:B5:0F:21:27:20:C4:02:97:02:96:32:06:00:18:71
05.03.2026_10:01:10.575,AA:55:10:AF:0B:F8:08:0C:09:F2:08:0F:01:56:01:2D:18:15:1D:2C:06:00:61:3A
05.03.2026_10:01:10.600,AA:55:01:AB:08:CA:05:6D:00:B1:0F:47:38:21:26:02:8D:02:59:31:04:00:1A:AE
05.03.2026_10:01:10.625,AA:55:02:AB:08:CA:05:14:00:A0:0F:19:27:1A:00:00:DC:00:D7:31:05:00:18:A0
05.03.2026_10:01:10.650,AA:55:03:AB:08:C7:05:86:00:B1:0F:21:27:21:B6:02:A6:02:97:32:06:00:18:75
05.03.2026_10:01:10.675,AA:55:10:AF:0B:FA:08:0F:09:FA:08:15:01:57:01:2E:18:15:1D:32:06:00:61:55
05.03.2026_10:01:10.700,AA:55:01:AB:08:C7:05:6C:00:AF:0F:47:38:1E:24:02:84:02:59:31:04:00:1A:9A
05.03.2026_10:01:10.725,AA:55:02:AB:08:C8:05:16:00:A4:0F:19:27:19:00:00:EF:00:D8:31:05:00:18:B7
05.03.2026_10:01:10.750,AA:55:03:AB:08:CA:05:83:00:B5:0F:21:27:24:BB:02:98:02:97:32:06:00:18:73
05.03.2026_10:01:10.775,AA:55:10:AF:0B:FA:08:10:09:F5:08:14:01:57:01:2E:18:15:1D:2D:06:00:61:4B
05.03.2026_10:01:10.800,AA:55:01:AB:08:C7:05:6A:00:B3:0F:47:38:1E:2E:02:7C:02:5A:31:04:00:1A:9F
05.03.2026_10:01:10.825,AA:55:02:AB:08:C8:05:13:00:9F:0F:19:27:19:00:00:CC:00:D8:31:05:00:18:8C
05.03.2026_10:01:10.850,AA:55:03:AB:08:C8:05:89:00:B4:0F:21:27:22:C6:02:B4:02:97:32:06:00:18:9B
05.03.2026_10:01:10.875,AA:55:10:AF:0B:FD:08:0C:09:F8:08:12:01:58:01:2E:18:15:1D:1F:06:00:61:3E
05.03.2026_10:01:10.900,AA:55:01:AB:08:C8:05:6E:00:AD:0F:47:39:21:27:02:93:02:5A:31:04:00:1A:B2
05.03.2026_10:01:10.925,AA:55:02:AB:08:C9:05:13:00:A6:0F:19:27:19:00:00:D6:00:D8:31:05:00:18:9E
05.03.2026_10:01:10.950,AA:55:03:AB:08:CB:05:84:00:B7:0F:22:28:20:C9:02:9C:02:98:32:06:00:18:88
05.03.2026_10:01:10.975,AA:55:10:AF:0B:FF:08:0F:09:F5:08:0F:01:58:01:2D:18:15:1D:29:06:00:61:46
05.03.2026_10:01:11.000,AA:55:01:AB:08:CA:05:68:00:AF:0F:47:38:23:1F:02:6D:02:5A:31:04:00:1A:83
05.03.2026_10:01:11.025,AA:55:02:AB:08:C6:05:11:00:A4:0F:19:27:18:00:00:B9:00:D9:31:05:00:18:7A
05.03.2026_10:01:11.050,AA:55:03:AB:08:C6:05:87:00:B7:0F:22:28:22:C5:02:AE:02:98:32:06:00:18:96
05.03.2026_10:01:11.075,AA:55:10:AF:0B:F7:08:0D:09:F3:08:0F:01:58:01:2D:18:15:1D:F7:05:00:62:08
05.03.2026_10:01:11.100,AA:55:01:AB:08:CA:05:6E:00:B4:0F:48:39:21:2D:02:91:02:5B:31:04:00:1A:C1
05.03.2026_10:01:11.125,AA:55:02:AB:08:CB:05:11:00:A1:0F:19:27:17:00:00:BF:00:D9:31:05:00:18:81
05.03.2026_10:01:11.150,AA:55:03:AB:08:CB:05:82:00:B0:0F:21:28:22:B1:02:93:02:98:32:06:00:18:5F
05.03.2026_10:01:11.175,AA:55:10:AF:0B:F9:08:08:09:F9:08:0C:01:59:01:2E:18:15:1D:06:06:00:62:1A
05.03.2026_10:01:11.200,AA:55:01:AB:08:C5:05:69:00:B1:0F:47:39:22:18:02:73:02:5B:31:04:00:1A:81
05.03.2026_10:01:11.225,AA:55:02:AB:08:CA:05:17:00:A4:0F:19:27:18:01:00:FC:00:D9:31:05:00:18:C8
05.03.2026_10:01:11.250,AA:55:03:AB:08:C6:05:86:00:B5:0F:22:27:22:BE:02:A8:02:99:32:06:00:18:86
05.03.2026_10:01:11.275,AA:55:10:AF:0B:FC:08:09:09:F9:08:11:01:59:01:2E:18:15:1D:3A:06:00:62:57
05.03.2026_10:01:11.300,AA:55:01:AB:08:C6:05:6A:00:B2:0F:47:39:21:18:02:7B:02:5B:31:04:00:1A:8B
05.03.2026_10:01:11.325,AA:55:02:AB:08:CB:05:13:00:A3:0F:19:27:17:00:00:CD:00:DA:31:05:00:18:94
05.03.2026_10:01:11.350,AA:55:03:AB:08:CA:05:88:00:B5:0F:22:28:22:C7:02:B0:02:99:32:06:00:18:9E
05.03.2026_10:01:11.375,AA:55:10:AF:0B:FC:08:0D:09:F1:08:14:01:59:01:2E:18:15:1D:1B:06:00:62:37
05.03.2026_10:01:11.400,AA:55:01:AB:08:CA:05:6D:00:B0:0F:48:39:22:20:02:8C:02:5C:31:04:00:1A:AC
05.03.2026_10:01:11.425,AA:55:02:AB:08:C9:05:15:00:A6:0F:19:27:1B:00:00:E4:00:DA:31:05:00:18:B2
05.03.2026_10:01:11.450,AA:55:03:AB:08:CA:05:89:00:B3:0F:22:28:24:CA:02:B5:02:99:32:06:00:18:A7
05.03.2026_10:01:11.475,AA:55:10:AF:0B:FF:08:07:09:F4:08:14:01:5A:01:2E:18:15:1D:49:06:00:62:66
05.03.2026_10:01:11.500,AA:55:01:AB:08:C7:05:6B:00:B0:0F:48:39:22:27:02:7F:02:5C:31:04:00:1A:A1
05.03.2026_10:01:11.525,AA:55:02:AB:08:C5:05:16:00:A4:0F:19:27:1B:03:00:F7:00:DB:31:05:00:18:C4
05.03.2026_10:01:11.550,AA:55:03:AB:08:C9:05:82:00:B1:0F:22:28:21:BB:02:94:02:9A:32:06:00:18:6B
05.03.2026_10:01:11.575,AA:55:10:AF:0B:00:09:07:09:F4:08:10:01:5A:01:2E:18:15:1D:2D:06:00:62:48
05.03.2026_10:01:11.600,AA:55:01:AB:08:C5:05:69:00:AE:0F:48:39:20:18:02:75:02:5D:31:04:00:1A:81
05.03.2026_10:01:11.625,AA:55:02:AB:08:C6:05:14:00:A0:0F:19:27:18:04:00:D7:00:DB:31:05:00:18:9D
05.03.2026_10:01:11.650,AA:55:03:AB:08:C8:05:83:00:B3:0F:22:28:23:BA:02:99:02:9A:32:06:00:18:73
05.03.2026_10:01:11.675,AA:55:10:AF:0B:FA:08:06:09:F7:08:0A:01:5A:01:2E:18:15:1D:08:06:00:62:18
05.03.2026_10:01:11.700,AA:55:01:AB:08:C9:05:6E:00:AD:0F:48:39:1F:1E:02:91:02:5D:31:04:00:1A:AA
05.03.2026_10:01:11.725,AA:55:02:AB:08:C8:05:13:00:A0:0F:19:27:18:00:00:D5:00:DB:31:05:00:18:98
05.03.2026_10:01:11.750,AA:55:03:AB:08:C7:05:81:00:B7:0F:22:28:22:BB:02:8C:02:9A:32:06:00:18:67
05.03.2026_10:01:11.775,AA:55:10:AF:0B:FE:08:0F:09:F6:08:10:01:5A:01:2E:18:15:1D:14:06:00:62:36
05.03.2026_10:01:11.800,AA:55:01:AB:08:CA:05:6F:00:B3:0F:48:39:20:32:02:98:02:5D:31:04:00:1A:CE
05.03.2026_10:01:11.825,AA:55:02:AB:08:C7:05:16:00:A2:0F:19:26:1B:00:00:F6:00:DC:31:05:00:18:C0
05.03.2026_10:01:11.850,AA:55:03:AB:08:CA:05:83:00:B7:0F:22:28:24:C9:02:9A:02:9B:32:06:00:18:8B
05.03.2026_10:01:11.875,AA:55:10:AF:0B:F8:08:0A:09:F3:08:13:01:5A:01:2E:18:15:1D:4C:06:00:62:63
05.03.2026_10:01:11.900,AA:55:01:AB:08:C6:05:6A:00:B2:0F:48:39:20:28:02:7A:02:5E:31:04:00:1A:9D
05.03.2026_10:01:11.925,AA:55:02:AB:08:C8:05:12:00:A5:0F:18:26:19:00:00:C9:00:DC:31:05:00:18:90
05.03.2026_10:01:11.950,AA:55:03:AB:08:C5:05:84:00:B1:0F:22:28:24:C5:02:9A:02:9B:32:06:00:18:7D
05.03.2026_10:01:11.975,AA:55:10:AF:0B:FA:08:0F:09:F7:08:0B:01:5B:01:2E:18:15:1D:00:06:00:62:1B
05.03.2026_10:01:12.000,AA:55:01:82:02:AA:05:67:00:A2:0F:48:39:1C:0A:02:69:02:5E:31:04:00:1A:0C
05.03.2026_10:01:12.025,AA:55:02:82:02:AA:05:00:00:9C:0F:19:27:18:00:00:05:00:DC:31:05:00:18:65
05.03.2026_10:01:12.050,AA:55:03:82:02:AA:05:81:00:A0:0F:22:28:21:A7:02:88:02:9B:32:06:00:19:ED
05.03.2026_10:01:12.075,AA:55:10:AF:0F:FB:08:0D:09:FA:08:F3:00:5A:01:2F:18:15:1D:19:05:00:63:21
05.03.2026_10:01:12.100,AA:55:01:82:02:8C:05:63:00:A0:0F:48:39:1A:EC:01:4B:02:5E:31:04:00:1A:A9
05.03.2026_10:01:12.125,AA:55:02:82:02:8C:05:00:00:9F:0F:18:27:15:00:00:02:00:DC:31:05:00:18:43
05.03.2026_10:01:12.150,AA:55:03:82:02:8C:05:7C:00:9D:0F:22:28:1F:89:02:6F:02:9B:32:06:00:18:8D
05.03.2026_10:01:12.175,AA:55:10:AF:0F:00:09:0A:09:F9:08:ED:00:5A:01:2E:18:15:1D:DF:04:00:63:E1
05.03.2026_10:01:12.200,AA:55:01:82:02:6E:05:5D:00:A1:0F:48:39:19:CE:01:2D:02:5E:31:04:00:1A:49
05.03.2026_10:01:12.225,AA:55:02:82:02:6E:05:00:00:9E:0F:19:26:13:00:00:00:00:DC:31:05:00:18:20
05.03.2026_10:01:12.250,AA:55:03:82:02:6E:05:77:00:9E:0F:22:28:1B:6B:02:55:02:9B:32:06:00:18:2F
05.03.2026_10:01:12.275,AA:55:10:AF:0F:F8:08:0C:09:F2:08:DD:00:59:01:2E:18:15:1D:A5:04:00:63:88
05.03.2026_10:01:12.300,AA:55:01:82:02:50:05:59:00:9E:0F:48:39:18:B0:01:10:02:5E:31:04:00:1A:E8
05.03.2026_10:01:12.325,AA:55:02:82:02:50:05:00:00:9F:0F:18:27:10:00:00:01:00:DC:31:05:00:18:01
05.03.2026_10:01:12.350,AA:55:03:82:02:50:05:72:00:9E:0F:22:28:19:4D:02:3F:02:9B:32:06:00:18:D6
05.03.2026_10:01:12.375,AA:55:10:AF:0F:FC:08:0A:09:FB:08:D8:00:59:01:2E:18:15:1D:72:04:00:63:5B
05.03.2026_10:01:12.400,AA:55:01:82:02:32:05:54:00:A3:0F:48:39:15:92:01:F5:01:5E:31:04:00:1A:8D
05.03.2026_10:01:12.425,AA:55:02:82:02:32:05:00:00:9F:0F:18:27:0E:00:00:04:00:DC:31:05:00:18:E4
05.03.2026_10:01:12.450,AA:55:03:82:02:32:05:6E:00:A1:0F:22:28:16:2F:02:29:02:9B:32:06:00:19:81
05.03.2026_10:01:12.475,AA:55:10:AF:0F:F9:08:0B:09:F9:08:CE:00:58:01:2E:18:15:1D:44:04:00:63:1E
05.03.2026_10:01:12.500,AA:55:01:82:02:14:05:4F:00:9D:0F:48:39:12:74:01:D7:01:5E:31:04:00:1A:25
05.03.2026_10:01:12.525,AA:55:02:82:02:14:05:00:00:9F:0F:19:26:0B:00:00:00:00:DC:31:05:00:18:BF
05.03.2026_10:01:12.550,AA:55:03:82:02:14:05:69:00:9F:0F:22:28:14:11:02:0F:02:9B:32:06:00:18:21
05.03.2026_10:01:12.575,AA:55:10:AF:0F:00:09:0C:09:F3:08:C5:00:58:01:2E:18:15:1D:09:04:00:63:DD
05.03.2026_10:01:12.600,AA:55:01:82:02:F6:04:4B:00:A2:0F:47:39:10:56:01:BE:01:5E:31:04:00:1A:CD
05.03.2026_10:01:12.625,AA:55:02:82:02:F6:04:00:00:A4:0F:18:26:09:00:00:00:00:DC:31:05:00:18:A2
05.03.2026_10:01:12.650,AA:55:03:82:02:F6:04:64:00:9E:0F:22:28:12:F3:01:F6:01:9B:32:06:00:18:C1
05.03.2026_10:01:12.675,AA:55:10:AF:0F:FA:08:0E:09:F1:08:BC:00:57:01:2E:18:15:1D:D7:03:00:63:99
05.03.2026_10:01:12.700,AA:55:01:82:02:D8:04:46:00:9E:0F:48:39:0E:38:01:A3:01:5E:31:04:00:1A:6C
05.03.2026_10:01:12.725,AA:55:02:82:02:D8:04:00:00:9F:0F:19:27:09:00:00:00:00:DC:31:05:00:18:81
05.03.2026_10:01:12.750,AA:55:03:82:02:D8:04:5F:00:A2:0F:22:28:11:D5:01:E1:01:9B:32:06:00:18:6E
05.03.2026_10:01:12.775,AA:55:10:AF:0F:FF:08:06:09:F3:08:AF:00:57:01:2E:18:15:1D:A6:03:00:63:5A
05.03.2026_10:01:12.800,AA:55:01:82:02:BA:04:41:00:9D:0F:48:39:0E:1A:01:83:01:5E:31:04:00:1A:0A
05.03.2026_10:01:12.825,AA:55:02:82:02:BA:04:00:00:9F:0F:19:26:08:00:00:00:00:DC:31:05:00:18:61
05.03.2026_10:01:12.850,AA:55:03:82:02:BA:04:5B:00:9D:0F:22:28:0D:B7:01:C8:01:9B:32:06:00:18:0C
05.03.2026_10:01:12.875,AA:55:10:AF:0F:00:09:0C:09:F5:08:A6:00:57:01:2F:18:15:1D:6E:03:00:63:24
05.03.2026_10:01:12.900,AA:55:01:82:02:9C:04:3C:00:9E:0F:48:39:0D:FC:00:67:01:5E:31:04:00:1A:AC
05.03.2026_10:01:12.925,AA:55:02:82:02:9C:04:00:00:9D:0F:19:26:08:00:00:00:00:DC:31:05:00:18:41
05.03.2026_10:01:12.950,AA:55:03:82:02:9C:04:55:00:A0:0F:22:28:0D:99:01:AE:01:9B:32:06:00:18:B3
05.03.2026_10:01:12.975,AA:55:10:AF:0F:FE:08:0A:09:FB:08:A0:00:56:01:2F:18:15:1D:38:03:00:63:E8
05.03.2026_10:01:13.000,AA:55:01:82:02:7E:04:37:00:A0:0F:48:38:0D:DE:00:48:01:5E:31:04:00:1A:4D
05.03.2026_10:01:13.025,AA:55:02:82:02:7E:04:00:00:A0:0F:19:26:08:00:00:00:00:DC:31:05:00:18:26
05.03.2026_10:01:13.050,AA:55:03:82:02:7E:04:50:00:A1:0F:22:28:0D:7B:01:96:01:9B:32:06:00:19:5C
05.03.2026_10:01:13.075,AA:55:10:AF:0F:F8:08:06:09:F8:08:92:00:56:01:2E:18:15:1D:00:03:00:64:95
05.03.2026_10:01:13.100,AA:55:01:82:00:60:04:33:00:A3:0F:48:38:0E:C0:00:2E:01:5E:31:04:00:1A:F5
05.03.2026_10:01:13.125,AA:55:02:82:00:60:04:00:00:9F:0F:19:26:06:00:00:00:00:DC:31:05:00:18:03
05.03.2026_10:01:13.150,AA:55:03:82:00:60:04:4C:00:9D:0F:22:28:0A:5D:01:7F:01:9B:32:06:00:19:FC
05.03.2026_10:01:13.175,AA:55:10:AF:0F:FC:08:07:09:F8:08:8B:00:55:01:2E:18:15:1D:D0:02:00:64:61
05.03.2026_10:01:13.200,AA:55:01:82:00:42:04:2E:00:9C:0F:47:39:0C:A2:00:13:01:5E:31:04:00:1A:90
05.03.2026_10:01:13.225,AA:55:02:82:00:42:04:00:00:A0:0F:19:26:03:00:00:01:00:DC:31:05:00:18:E4
05.03.2026_10:01:13.250,AA:55:03:82:00:42:04:47:00:A2:0F:22:28:06:3F:01:68:01:9B:32:06:00:18:A4
05.03.2026_10:01:13.275,AA:55:10:AF:0F:FB:08:08:09:F5:08:83:00:54:01:2F:18:15:1D:9F:02:00:64:25
05.03.2026_10:01:13.300,AA:55:01:82:00:24:04:29:00:9D:0F:48:38:09:84:00:F6:00:5E:31:04:00:1A:2F
05.03.2026_10:01:13.325,AA:55:02:82:00:24:04:00:00:A2:0F:19:26:01:00:00:05:00:DC:31:05:00:18:CA
05.03.2026_10:01:13.350,AA:55:03:82:00:24:04:42:00:A1:0F:22:27:03:21:01:4D:01:9B:32:06:00:19:44
05.03.2026_10:01:13.375,AA:55:10:AF:0F:FB:08:0A:09:F4:08:77:00:54:01:2E:18:15:1D:6B:02:00:64:E5
05.03.2026_10:01:13.400,AA:55:01:82:00:06:04:24:00:9D:0F:48:39:08:66:00:D8:00:5E:31:04:00:1A:D0
05.03.2026_10:01:13.425,AA:55:02:82:00:06:04:00:00:A3:0F:19:26:02:00:00:00:00:DC:31:05:00:18:A9
05.03.2026_10:01:13.450,AA:55:03:82:00:06:04:3D:00:A0:0F:22:28:04:03:01:35:01:9B:32:06:00:18:EB
05.03.2026_10:01:13.475,AA:55:10:AF:0F:FD:08:08:09:F8:08:6B:00:54:01:2F:18:15:1D:30:02:00:64:A3
05.03.2026_10:01:13.500,AA:55:01:82:00:E8:03:1F:00:A0:0F:47:39:07:48:00:BA:00:5E:31:04:00:1A:71
05.03.2026_10:01:13.525,AA:55:02:82:00:E8:03:00:00:A3:0F:19:26:00:00:00:04:00:DC:31:05:00:18:8C
05.03.2026_10:01:13.550,AA:55:03:82:00:E8:03:38:00:9D:0F:21:28:01:E5:00:1D:01:9B:32:06:00:18:89
05.03.2026_10:01:13.575,AA:55:10:AF:0F:01:09:07:09:F7:08:67:00:54:01:2E:18:15:1D:FD:01:00:64:6D
05.03.2026_10:01:13.600,AA:55:01:82:00:CA:03:1B:00:A3:0F:47:39:05:2A:00:9F:00:5E:31:04:00:1A:17
05.03.2026_10:01:13.625,AA:55:02:82:00:CA:03:00:00:A2:0F:19:26:01:00:00:00:00:DC:31:05:00:18:6A
05.03.2026_10:01:13.650,AA:55:03:82:00:CA:03:33:00:9F:0F:22:27:00:C7:00:03:01:9B:32:06:00:18:2F
05.03.2026_10:01:13.675,AA:55:10:AF:0F:FB:08:09:09:F1:08:5B:00:54:01:2F:18:15:1D:C6:01:00:64:20
05.03.2026_10:01:13.700,AA:55:01:82:00:AC:03:16:00:A2:0F:48:38:05:0C:00:82:00:5E:31:04:00:1A:B8
05.03.2026_10:01:13.725,AA:55:02:82:00:AC:03:00:00:A3:0F:19:26:00:00:00:00:00:DC:31:05:00:18:4C
05.03.2026_10:01:13.750,AA:55:03:82:00:AC:03:2E:00:A2:0F:21:28:01:A9:00:EB:00:9B:32:06:00:18:D9
05.03.2026_10:01:13.775,AA:55:10:AF:0F:FC:08:07:09:FA:08:52:00:53:01:2F:18:15:1D:8F:01:00:64:E7
05.03.2026_10:01:13.800,AA:55:01:82:00:8E:03:00:00:A3:0F:47:38:03:00:00:00:00:5E:31:04:00:1A:F4
05.03.2026_10:01:13.825,AA:55:02:82:00:8E:03:00:00:9F:0F:19:26:01:00:00:03:00:DC:31:05:00:18:2E
05.03.2026_10:01:13.850,AA:55:03:82:00:8E:03:2B:00:9E:0F:21:27:00:8B:00:D7:00:9B:32:06:00:18:80
05.03.2026_10:01:13.875,AA:55:10:AF:0F:FC:08:0F:09:F2:08:37:00:53:01:2F:18:15:1D:FD:00:00:64:39
05.03.2026_10:01:13.900,AA:55:01:82:00:70:03:00:00:9F:0F:47:38:02:00:00:00:00:5E:31:04:00:1A:D1
05.03.2026_10:01:13.925,AA:55:02:82:00:70:03:00:00:9D:0F:19:26:00:00:00:00:00:DC:31:05:00:18:0A
05.03.2026_10:01:13.950,AA:55:03:82:00:70:03:26:00:9E:0F:22:28:00:6D:00:BF:00:9B:32:06:00:19:2A
05.03.2026_10:01:13.975,AA:55:10:AF:0F:F9:08:09:09:F9:08:30:00:52:01:2F:18:15:1D:E2:00:00:64:14
05.03.2026_10:01:14.000,AA:55:01:82:00:52:03:00:00:9D:0F:47:38:00:00:00:01:00:5E:31:04:00:1A:B0
05.03.2026_10:01:14.025,AA:55:02:82:00:52:03:00:00:9D:0F:19:26:00:00:00:04:00:DC:31:05:00:18:F0
05.03.2026_10:01:14.050,AA:55:03:82:00:52:03:20:00:A0:0F:21:27:00:4F:00:A3:00:9B:32:06:00:19:CC
05.03.2026_10:01:14.075,AA:55:10:AF:0F:FB:08:0C:09:F7:08:2F:00:52:01:2F:18:15:1D:CB:00:00:65:00
05.03.2026_10:01:14.100,AA:55:01:82:00:34:03:00:00:A3:0F:47:38:00:00:00:00:00:5E:31:04:00:1A:97
05.03.2026_10:01:14.125,AA:55:02:82:00:34:03:00:00:A2:0F:19:26:02:00:00:03:00:DC:31:05:00:18:D8
05.03.2026_10:01:14.150,AA:55:03:82:00:34:03:1C:00:9F:0F:22:27:00:31:00:8C:00:9B:32:06:00:18:74
05.03.2026_10:01:14.175,AA:55:10:AF:0F:FF:08:0C:09:F2:08:2C:00:51:01:2E:18:15:1D:B2:00:00:65:E1
05.03.2026_10:01:14.200,AA:55:01:82:00:16:03:00:00:A4:0F:47:38:00:00:00:02:00:5E:31:04:00:1A:7C
05.03.2026_10:01:14.225,AA:55:02:82:00:16:03:00:00:9E:0F:19:26:00:00:00:02:00:DC:31:05:00:18:B3
05.03.2026_10:01:14.250,AA:55:03:82:00:16:03:17:00:A3:0F:22:27:01:13:00:73:00:9B:32:06:00:18:1F
05.03.2026_10:01:14.275,AA:55:10:AF:0F:FE:08:09:09:F2:08:21:00:50:01:2F:18:15:1D:99:00:00:65:B9
05.03.2026_10:01:14.300,AA:55:01:82:00:F8:02:00:00:9D:0F:47:38:00:00:00:00:00:5E:31:04:00:1A:54
05.03.2026_10:01:14.325,AA:55:02:82:00:F8:02:00:00:9F:0F:19:26:00:00:00:00:00:DC:31:05:00:18:93
05.03.2026_10:01:14.350,AA:55:03:82:00:F8:02:00:00:9D:0F:22:27:01:00:00:00:00:9B:32:06:00:18:5D
05.03.2026_10:01:14.375,AA:55:10:AF:0F:FC:08:0D:09:F9:08:0D:00:50:01:2F:18:15:1D:23:00:00:65:38
05.03.2026_10:01:14.400,AA:55:01:82:00:DA:02:00:00:A1:0F:47:38:00:00:00:00:00:5E:31:04:00:1A:3A
05.03.2026_10:01:14.425,AA:55:02:82:00:DA:02:00:00:A2:0F:19:26:02:00:00:01:00:DC:31:05:00:18:7B
05.03.2026_10:01:14.450,AA:55:03:82:00:DA:02:00:00:A2:0F:21:27:00:00:00:01:00:9B:32:06:00:18:43
05.03.2026_10:01:14.475,AA:55:10:AF:0F:FF:08:09:09:F9:08:09:00:4F:01:2F:18:15:1D:26:00:00:65:35
05.03.2026_10:01:14.500,AA:55:01:82:00:BC:02:00:00:A1:0F:47:38:01:00:00:01:00:5E:31:04:00:1A:1E
05.03.2026_10:01:14.525,AA:55:02:82:00:BC:02:00:00:A3:0F:19:26:01:00:00:05:00:DC:31:05:00:18:61
05.03.2026_10:01:14.550,AA:55:03:82:00:BC:02:00:00:A0:0F:21:27:00:00:00:01:00:9B:32:06:00:18:23
05.03.2026_10:01:14.575,AA:55:10:AF:0F:FC:08:0E:09:F4:08:10:00:4F:01:2F:18:15:1D:2A:00:00:65:3D
05.03.2026_10:01:14.600,AA:55:01:82:00:9E:02:00:00:A4:0F:47:38:02:00:00:00:00:5E:31:04:00:1A:03
05.03.2026_10:01:14.625,AA:55:02:82:00:9E:02:00:00:9E:0F:19:26:00:00:00:00:00:DC:31:05:00:18:38
05.03.2026_10:01:14.650,AA:55:03:82:00:9E:02:00:00:A0:0F:22:27:00:00:00:00:00:9B:32:06:00:18:05
05.03.2026_10:01:14.675,AA:55:10:AF:0F:FF:08:09:09:F3:08:0B:00:4E:01:2F:18:15:1D:23:00:00:65:2D
05.03.2026_10:01:14.700,AA:55:01:82:00:80:02:00:00:A4:0F:47:38:02:00:00:02:00:5E:31:04:00:1A:E7
05.03.2026_10:01:14.725,AA:55:02:82:00:80:02:00:00:9F:0F:19:26:01:00:00:05:00:DC:31:05:00:18:21
05.03.2026_10:01:14.750,AA:55:03:82:00:80:02:00:00:A2:0F:21:27:01:00:00:02:00:9B:32:06:00:18:EB
05.03.2026_10:01:14.775,AA:55:10:AF:0F:FA:08:10:09:FA:08:0C:00:4E:01:2F:18:15:1D:2B:00:00:65:3F
05.03.2026_10:01:14.800,AA:55:01:82:00:62:02:00:00:A3:0F:47:38:02:00:00:00:00:5E:31:04:00:1A:C6
05.03.2026_10:01:14.825,AA:55:02:82:00:62:02:00:00:9F:0F:19:26:00:00:00:00:00:DC:31:05:00:18:FD
05.03.2026_10:01:14.850,AA:55:03:82:00:62:02:00:00:9F:0F:21:27:00:00:00:00:00:9B:32:06:00:18:C7
05.03.2026_10:01:14.875,AA:55:10:AF:0F:00:09:0B:09:F3:08:0F:00:4E:01:2F:18:15:1D:23:00:00:65:35
05.03.2026_10:01:14.900,AA:55:01:82:00:44:02:00:00:A3:0F:47:38:00:00:00:00:00:5E:31:04:00:1A:A6
05.03.2026_10:01:14.925,AA:55:02:82:00:44:02:00:00:A3:0F:19:26:00:00:00:00:00:DC:31:05:00:18:E3
05.03.2026_10:01:14.950,AA:55:03:82:00:44:02:00:00:9E:0F:21:27:00:00:00:00:00:9B:32:06:00:18:A8
05.03.2026_10:01:14.975,AA:55:10:AF:0F:F9:08:0F:09:F3:08:0D:00:4D:01:30:18:15:1D:23:00:00:65:2F
05.03.2026_10:01:15.000,AA:55:01:82:00:26:02:00:00:9F:0F:47:38:00:00:00:00:00:5E:31:04:00:1A:84
05.03.2026_10:01:15.025,AA:55:02:82:00:26:02:00:00:9E:0F:19:25:00:00:00:05:00:DC:31:05:00:18:C4
05.03.2026_10:01:15.050,AA:55:03:82:00:26:02:00:00:A0:0F:22:27:00:00:00:02:00:9B:32:06:00:18:8F
05.03.2026_10:01:15.075,AA:55:10:AF:0F:F7:08:0C:09:FB:08:0E:00:4D:01:2F:18:15:1D:2A:00:00:66:3A
05.03.2026_10:01:15.100,AA:55:01:82:00:08:02:00:00:A2:0F:47:38:00:00:00:03:00:5E:31:04:00:1A:6C
05.03.2026_10:01:15.125,AA:55:02:82:00:08:02:00:00:A0:0F:19:25:00:00:00:04:00:DC:31:05:00:18:A7
05.03.2026_10:01:15.150,AA:55:03:82:00:08:02:00:00:A1:0F:21:27:00:00:00:00:00:9B:32:06:00:19:70
05.03.2026_10:01:15.175,AA:55:10:AF:0F:FF:08:09:09:F3:08:10:00:4D:01:30:18:15:1D:29:00:00:66:39
05.03.2026_10:01:15.200,AA:55:01:82:00:EA:01:00:00:A3:0F:47:38:01:00:00:00:00:5E:31:04:00:1A:4C
05.03.2026_10:01:15.225,AA:55:02:82:00:EA:01:00:00:A1:0F:19:26:01:00:00:00:00:DC:31:05:00:18:87
05.03.2026_10:01:15.250,AA:55:03:82:00:EA:01:00:00:A1:0F:21:27:00:00:00:00:00:9B:32:06:00:18:50
05.03.2026_10:01:15.275,AA:55:10:AF:0F:FE:08:0F:09:F2:08:08:00:4C:01:30:18:15:1D:23:00:00:66:2E
05.03.2026_10:01:15.300,AA:55:01:82:00:CC:01:00:00:9C:0F:47:38:00:00:00:01:00:5E:31:04:00:1A:27
05.03.2026_10:01:15.325,AA:55:02:82:00:CC:01:00:00:A0:0F:19:26:02:00:00:00:00:DC:31:05:00:18:69
05.03.2026_10:01:15.350,AA:55:03:82:00:CC:01:00:00:9E:0F:21:27:01:00:00:00:00:9B:32:06:00:18:30
05.03.2026_10:01:15.375,AA:55:10:AF:0F:FD:08:0B:09:F8:08:10:00:4C:01:2F:18:15:1D:24:00:00:66:37
05.03.2026_10:01:15.400,AA:55:01:82:00:AE:01:00:00:A2:0F:47:38:00:00:00:03:00:5E:31:04:00:1A:11
05.03.2026_10:01:15.425,AA:55:02:82:00:AE:01:00:00:9F:0F:19:25:00:00:00:03:00:DC:31:05:00:18:4A
05.03.2026_10:01:15.450,AA:55:03:82:00:AE:01:00:00:A2:0F:21:27:00:00:00:01:00:9B:32:06:00:18:16
05.03.2026_10:01:15.475,AA:55:10:AF:0F:00:09:0A:09:F5:08:10:00:4B:01:30:18:15:1D:2A:00:00:66:3D
05.03.2026_10:01:15.500,AA:55:01:82:00:90:01:00:00:9D:0F:46:38:01:00:00:00:00:5E:31:04:00:1A:EB
05.03.2026_10:01:15.525,AA:55:02:82:00:90:01:00:00:A4:0F:19:25:00:00:00:03:00:DC:31:05:00:18:31
05.03.2026_10:01:15.550,AA:55:03:82:00:90:01:00:00:A1:0F:21:27:00:00:00:01:00:9B:32:06:00:18:F7
05.03.2026_10:01:15.575,AA:55:10:AF:0F:F9:08:0F:09:F6:08:0C:00:4B:01:30:18:15:1D:27:00:00:66:34
05.03.2026_10:01:15.600,AA:55:01:82:00:72:01:00:00:A0:0F:46:38:01:00:00:00:00:5E:31:04:00:1A:D0
05.03.2026_10:01:15.625,AA:55:02:82:00:72:01:00:00:A1:0F:19:26:00:00:00:01:00:DC:31:05:00:18:0F
05.03.2026_10:01:15.650,AA:55:03:82:00:72:01:00:00:9F:0F:21:27:00:00:00:02:00:9B:32:06:00:18:D8
05.03.2026_10:01:15.675,AA:55:10:AF:0F:FB:08:0E:09:F8:08:0F:00:4A:01:30:18:15:1D:27:00:00:66:39
05.03.2026_10:01:15.700,AA:55:01:82:00:54:01:00:00:9D:0F:47:38:00:00:00:01:00:5E:31:04:00:1A:B0
05.03.2026_10:01:15.725,AA:55:02:82:00:54:01:00:00:9C:0F:19:25:00:00:00:02:00:DC:31:05:00:18:EC
05.03.2026_10:01:15.750,AA:55:03:82:00:54:01:00:00:A0:0F:21:27:01:00:00:00:00:9B:32:06:00:18:BA
05.03.2026_10:01:15.775,AA:55:10:AF:0F:F8:08:0F:09:FB:08:0F:00:4A:01:30:18:15:1D:27:00:00:66:3A
05.03.2026_10:01:15.800,AA:55:01:82:00:36:01:00:00:9C:0F:46:38:00:00:00:00:00:5E:31:04:00:1A:8F
05.03.2026_10:01:15.825,AA:55:02:82:00:36:01:00:00:A4:0F:19:26:00:00:00:03:00:DC:31:05:00:18:D8
05.03.2026_10:01:15.850,AA:55:03:82:00:36:01:00:00:A1:0F:21:27:00:00:00:00:00:9B:32:06:00:18:9C
05.03.2026_10:01:15.875,AA:55:10:AF:0F:FB:08:0B:09:F6:08:0F:00:4A:01:30:18:15:1D:26:00:00:66:33
05.03.2026_10:01:15.900,AA:55:01:82:00:18:01:00:00:9D:0F:46:38:02:00:00:01:00:5E:31:04:00:1A:75
05.03.2026_10:01:15.925,AA:55:02:82:00:18:01:00:00:A3:0F:19:25:00:00:00:04:00:DC:31:05:00:18:B9
05.03.2026_10:01:15.950,AA:55:03:82:00:18:01:00:00:A1:0F:21:27:02:00:00:00:00:9B:32:06:00:18:80
05.03.2026_10:01:15.975,AA:55:10:AF:0F:F8:08:07:09:F3:08:0C:00:49:01:30:18:15:1D:28:00:00:66:27
05.03.2026_10:01:16.000,AA:55:01:82:00:FA:00:00:00:A3:0F:47:38:03:00:00:01:00:5E:31:04:00:1A:5E
05.03.2026_10:01:16.025,AA:55:02:82:00:FA:00:00:00:9F:0F:19:25:00:00:00:00:00:DC:31:05:00:18:92
05.03.2026_10:01:16.050,AA:55:03:82:00:FA:00:00:00:A2:0F:21:27:01:00:00:00:00:9B:32:06:00:18:61
05.03.2026_10:01:16.075,AA:55:10:AF:0F:FE:08:07:09:F5:08:0F:00:49:01:30:18:15:1D:24:00:00:67:2F
05.03.2026_10:01:16.100,AA:55:01:82:00:DC:00:00:00:A4:0F:46:38:02:00:00:03:00:5E:31:04:00:1A:41
05.03.2026_10:01:16.125,AA:55:02:82:00:DC:00:00:00:A1:0F:19:25:02:00:00:02:00:DC:31:05:00:18:7A
05.03.2026_10:01:16.150,AA:55:03:82:00:DC:00:00:00:9E:0F:20:27:00:00:00:00:00:9B:32:06:00:18:3D
05.03.2026_10:01:16.175,AA:55:10:AF:0F:FB:08:07:09:F4:08:0E:00:48:01:2F:18:15:1D:28:00:00:67:2C
05.03.2026_10:01:16.200,AA:55:01:82:00:BE:00:00:00:A4:0F:46:38:00:00:00:00:00:5E:31:04:00:1A:1E
05.03.2026_10:01:16.225,AA:55:02:82:00:BE:00:00:00:A1:0F:19:26:03:00:00:04:00:DC:31:05:00:18:60
05.03.2026_10:01:16.250,AA:55:03:82:00:BE:00:00:00:A1:0F:20:27:00:00:00:00:00:9B:32:06:00:18:22
05.03.2026_10:01:16.275,AA:55:10:AF:0F:FE:08:0D:09:FA:08:09:00:48:01:30:18:15:1D:27:00:00:67:36
05.03.2026_10:01:16.300,AA:55:01:82:00:A0:00:00:00:9F:0F:47:38:02:00:00:00:00:5E:31:04:00:1A:FE
05.03.2026_10:01:16.325,AA:55:02:82:00:A0:00:00:00:9C:0F:19:25:00:00:00:00:00:DC:31:05:00:18:35
05.03.2026_10:01:16.350,AA:55:03:82:00:A0:00:00:00:9F:0F:21:27:02:00:00:00:00:9B:32:06:00:18:05
05.03.2026_10:01:16.375,AA:55:10:AF:0F:FE:08:0C:09:F9:08:0F:00:48:01:30:18:15:1D:23:00:00:67:36
05.03.2026_10:01:16.400,AA:55:01:82:00:82:00:00:00:9E:0F:46:38:03:00:00:00:00:5E:31:04:00:1A:DF
05.03.2026_10:01:16.425,AA:55:02:82:00:82:00:00:00:A0:0F:19:25:00:00:00:04:00:DC:31:05:00:18:1F
05.03.2026_10:01:16.450,AA:55:03:82:00:82:00:00:00:A0:0F:21:26:01:00:00:00:00:9B:32:06:00:18:E6
05.03.2026_10:01:16.475,AA:55:10:AF:0F:FB:08:0C:09:F2:08:0A:00:48:01:30:18:15:1D:27:00:00:67:2B
05.03.2026_10:01:16.500,AA:55:01:82:00:64:00:00:00:A1:0F:47:37:00:00:00:02:00:5E:31:04:00:1A:C3
05.03.2026_10:01:16.525,AA:55:02:82:00:64:00:00:00:9D:0F:19:25:02:00:00:00:00:DC:31:05:00:18:FC
05.03.2026_10:01:16.550,AA:55:03:82:00:64:00:00:00:9F:0F:20:27:00:00:00:00:00:9B:32:06:00:19:C7
05.03.2026_10:01:16.575,AA:55:10:AF:0F:FA:08:0E:09:F7:08:0C:00:47:01:30:18:15:1D:25:00:00:67:30
05.03.2026_10:01:16.600,AA:55:01:82:00:46:00:00:00:A1:0F:46:38:02:00:00:02:00:5E:31:04:00:1A:A7
05.03.2026_10:01:16.625,AA:55:02:82:00:46:00:00:00:9E:0F:19:25:00:00:00:01:00:DC:31:05:00:18:DE
05.03.2026_10:01:16.650,AA:55:03:82:00:46:00:00:00:A2:0F:20:26:02:00:00:02:00:9B:32:06:00:18:AE
05.03.2026_10:01:16.675,AA:55:10:AF:0F:FE:08:07:09:FB:08:0B:00:47:01:30:18:15:1D:29:00:00:67:34
05.03.2026_10:01:16.700,AA:55:01:82:00:28:00:00:00:9F:0F:47:37:00:00:00:00:00:5E:31:04:00:1A:83
05.03.2026_10:01:16.725,AA:55:02:82:00:28:00:00:00:A1:0F:19:25:00:00:00:03:00:DC:31:05:00:18:C5
05.03.2026_10:01:16.750,AA:55:03:82:00:28:00:00:00:A1:0F:21:27:00:00:00:00:00:9B:32:06:00:18:8D
05.03.2026_10:01:16.775,AA:55:10:AF:0F:FB:08:07:09:F1:08:10:00:47:01:2F:18:15:1D:26:00:00:67:28
05.03.2026_10:01:16.800,AA:55:01:82:00:0A:00:00:00:A3:0F:46:38:00:00:00:00:00:5E:31:04:00:1A:69
05.03.2026_10:01:16.825,AA:55:02:82:00:0A:00:00:00:A2:0F:19:25:00:00:00:00:00:DC:31:05:00:18:A5
05.03.2026_10:01:16.850,AA:55:03:82:00:0A:00:00:00:9E:0F:21:26:01:00:00:02:00:9B:32:06:00:18:6E
05.03.2026_10:01:16.875,AA:55:10:AF:0F:00:09:0D:09:F8:08:0C:00:46:01:30:18:15:1D:25:00:00:67:36
05.03.2026_10:01:16.900,AA:55:01:82:00:00:00:00:00:9D:0F:46:37:00:00:00:00:00:5E:31:04:00:1A:58
05.03.2026_10:01:16.925,AA:55:02:82:00:00:00:00:00:9C:0F:19:25:00:00:00:05:00:DC:31:05:00:18:9A
05.03.2026_10:01:16.950,AA:55:03:82:00:00:00:00:00:A1:0F:20:27:01:00:00:00:00:9B:32:06:00:18:65
05.03.2026_10:01:16.975,AA:55:10:AF:0F:FA:08:08:09:F5:08:0B:00:46:01:30:18:15:1D:28:00:00:67:29
05.03.2026_10:01:17.000,AA:55:01:82:00:00:00:00:00:9D:0F:46:37:02:00:00:01:00:5E:31:04:00:1A:5B
05.03.2026_10:01:17.025,AA:55:02:82:00:00:00:00:00:A3:0F:19:25:00:00:00:00:00:DC:31:05:00:18:9C
05.03.2026_10:01:17.050,AA:55:03:82:00:00:00:00:00:9F:0F:21:27:01:00:00:00:00:9B:32:06:00:18:64
05.03.2026_10:01:17.075,AA:55:10:AF:0F:01:09:0E:09:F8:08:0E:00:45:01:31:18:15:1D:24:00:00:68:3A
05.03.2026_10:01:17.100,AA:55:01:82:00:00:00:00:00:A3:0F:46:37:04:00:00:00:00:5E:31:04:00:1A:62
05.03.2026_10:01:17.125,AA:55:02:82:00:00:00:00:00:9C:0F:19:25:02:00:00:00:00:DC:31:05:00:18:97
05.03.2026_10:01:17.150,AA:55:03:82:00:00:00:00:00:A1:0F:21:26:00:00:00:00:00:9B:32:06:00:18:64
05.03.2026_10:01:17.175,AA:55:10:AF:0F:00:09:0B:09:F8:08:0C:00:45:01:30:18:15:1D:23:00:00:68:32
05.03.2026_10:01:17.200,AA:55:01:82:00:00:00:00:00:9D:0F:46:38:01:00:00:00:00:5E:31:04:00:1A:5A
05.03.2026_10:01:17.225,AA:55:02:82:00:00:00:00:00:A3:0F:19:25:01:00:00:02:00:DC:31:05:00:18:9F
05.03.2026_10:01:17.250,AA:55:03:82:00:00:00:00:00:9F:0F:20:26:02:00:00:01:00:9B:32:06:00:19:65
05.03.2026_10:01:17.275,AA:55:10:AF:0F:FE:08:09:09:F5:08:0D:00:45:01:30:18:15:1D:25:00:00:68:2D
05.03.2026_10:01:17.300,AA:55:01:82:00:00:00:00:00:9C:0F:46:37:00:00:00:02:00:5E:31:04:00:1A:59
05.03.2026_10:01:17.325,AA:55:02:82:00:00:00:00:00:A2:0F:19:25:00:00:00:02:00:DC:31:05:00:18:9D
05.03.2026_10:01:17.350,AA:55:03:82:00:00:00:00:00:A1:0F:20:26:02:00:00:01:00:9B:32:06:00:18:66
05.03.2026_10:01:17.375,AA:55:10:AF:0F:01:09:0B:09:FB:08:0A:00:44:01:30:18:15:1D:28:00:00:68:38
05.03.2026_10:01:17.400,AA:55:01:82:00:00:00:00:00:A1:0F:46:37:00:00:00:00:00:5E:31:04:00:1A:5C
05.03.2026_10:01:17.425,AA:55:02:82:00:00:00:00:00:A1:0F:19:25:02:00:00:03:00:DC:31:05:00:18:9F
05.03.2026_10:01:17.450,AA:55:03:82:00:00:00:00:00:A4:0F:20:26:01:00:00:02:00:9B:32:06:00:18:69
05.03.2026_10:01:17.475,AA:55:10:AF:0F:FA:08:08:09:F3:08:10:00:44:01:30:18:15:1D:27:00:00:68:2A
05.03.2026_10:01:17.500,AA:55:01:82:00:00:00:00:00:A1:0F:46:38:00:00:00:01:00:5E:31:04:00:1A:5E
05.03.2026_10:01:17.525,AA:55:02:82:00:00:00:00:00:9D:0F:19:25:02:00:00:02:00:DC:31:05:00:18:9A
05.03.2026_10:01:17.550,AA:55:03:82:00:00:00:00:00:A3:0F:21:27:00:00:00:00:00:9B:32:06:00:18:67
05.03.2026_10:01:17.575,AA:55:10:AF:0F:FB:08:0F:09:F4:08:0F:00:44:01:30:18:15:1D:27:00:00:68:32
05.03.2026_10:01:17.600,AA:55:01:82:00:00:00:00:00:A0:0F:46:37:02:00:00:01:00:5E:31:04:00:1A:5E
05.03.2026_10:01:17.625,AA:55:02:82:00:00:00:00:00:9D:0F:19:25:00:00:00:00:00:DC:31:05:00:18:96
05.03.2026_10:01:17.650,AA:55:03:82:00:00:00:00:00:9F:0F:21:26:00:00:00:00:00:9B:32:06:00:18:62
05.03.2026_10:01:17.675,AA:55:10:AF:0F:F9:08:07:09:F8:08:0D:00:43:01:30:18:15:1D:24:00:00:68:26
05.03.2026_10:01:17.700,AA:55:01:82:00:00:00:00:00:9E:0F:46:37:00:00:00:01:00:5E:31:04:00:1A:5A
05.03.2026_10:01:17.725,AA:55:02:82:00:00:00:00:00:9E:0F:19:25:00:00:00:05:00:DC:31:05:00:18:9C
05.03.2026_10:01:17.750,AA:55:03:82:00:00:00:00:00:A3:0F:21:26:01:00:00:02:00:9B:32:06:00:18:69
05.03.2026_10:01:17.775,AA:55:10:AF:0F:FB:08:08:09:F6:08:10:00:43:01:30:18:15:1D:2B:00:00:68:31
05.03.2026_10:01:17.800,AA:55:01:82:00:00:00:00:00:9F:0F:46:37:00:00:00:01:00:5E:31:04:00:1A:5B
05.03.2026_10:01:17.825,AA:55:02:82:00:00:00:00:00:9E:0F:19:25:01:00:00:01:00:DC:31:05:00:18:99
05.03.2026_10:01:17.850,AA:55:03:82:00:00:00:00:00:A2:0F:20:26:00:00:00:02:00:9B:32:06:00:18:66
05.03.2026_10:01:17.875,AA:55:10:AF:0F:01:09:0E:09:F7:08:0A:00:43:01:30:18:15:1D:28:00:00:68:36
05.03.2026_10:01:17.900,AA:55:01:82:00:00:00:00:00:A1:0F:46:37:00:00:00:01:00:5E:31:04:00:1A:5D
05.03.2026_10:01:17.925,AA:55:02:82:00:00:00:00:00:A0:0F:19:25:00:00:00:00:00:DC:31:05:00:18:99
05.03.2026_10:01:17.950,AA:55:03:82:00:00:00:00:00:9F:0F:20:26:00:00:00:01:00:9B:32:06:00:18:62
05.03.2026_10:01:17.975,AA:55:10:AF:0F:FA:08:0B:09:F1:08:0B:00:42:01:30:18:15:1D:24:00:00:68:21
05.03.2026_10:01:18.000,AA:55:01:82:00:00:00:00:00:A1:0F:46:37:00:00:00:00:00:5E:31:04:00:1A:5C
05.03.2026_10:01:18.025,AA:55:02:82:00:00:00:00:00:A3:0F:19:25:01:00:00:00:00:DC:31:05:00:18:9D
05.03.2026_10:01:18.050,AA:55:03:82:00:00:00:00:00:9E:0F:20:26:02:00:00:02:00:9B:32:06:00:18:64
05.03.2026_10:01:18.075,AA:55:10:AF:0F:FA:08:0C:09:F5:08:0F:00:42:01:30:18:15:1D:25:00:00:69:2C
05.03.2026_10:01:18.100,AA:55:01:82:00:00:00:00:00:A1:0F:46:37:00:00:00:03:00:5E:31:04:00:1A:5F
05.03.2026_10:01:18.125,AA:55:02:82:00:00:00:00:00:9E:0F:19:25:01:00:00:00:00:DC:31:05:00:18:98
05.03.2026_10:01:18.150,AA:55:03:82:00:00:00:00:00:A3:0F:20:26:02:00:00:01:00:9B:32:06:00:18:68
05.03.2026_10:01:18.175,AA:55:10:AF:0F:F8:08:0F:09:F8:08:0C:00:41:01:30:18:15:1D:27:00:00:69:2E
05.03.2026_10:01:18.200,AA:55:01:82:00:00:00:00:00:A3:0F:46:37:01:00:00:00:00:5E:31:04:00:1A:5F
05.03.2026_10:01:18.225,AA:55:02:82:00:00:00:00:00:A0:0F:19:24:00:00:00:00:00:DC:31:05:00:18:98
05.03.2026_10:01:18.250,AA:55:03:82:00:00:00:00:00:9C:0F:20:26:01:00:00:00:00:9B:32:06:00:18:5F
05.03.2026_10:01:18.275,AA:55:10:AF:0F:FC:08:0A:09:F8:08:0E:00:41:01:30:18:15:1D:23:00:00:69:2B
05.03.2026_10:01:18.300,AA:55:01:82:00:00:00:00:00:A2:0F:46:37:00:00:00:03:00:5E:31:04:00:1A:60
05.03.2026_10:01:18.325,AA:55:02:82:00:00:00:00:00:A1:0F:19:25:00:00:00:00:00:DC:31:05:00:18:9A
05.03.2026_10:01:18.350,AA:55:03:82:00:00:00:00:00:9F:0F:20:26:01:00:00:02:00:9B:32:06:00:18:64
05.03.2026_10:01:18.375,AA:55:10:AF:0F:FC:08:0E:09:F9:08:0A:00:41:01:30:18:15:1D:28:00:00:69:31
05.03.2026_10:01:18.400,AA:55:01:82:00:00:00:00:00:9E:0F:46:37:01:00:00:00:00:5E:31:04:00:1A:5A
05.03.2026_10:01:18.425,AA:55:02:82:00:00:00:00:00:A3:0F:19:25:00:00:00:00:00:DC:31:05:00:18:9C
05.03.2026_10:01:18.450,AA:55:03:82:00:00:00:00:00:A0:0F:20:26:00:00:00:00:00:9B:32:06:00:18:62
05.03.2026_10:01:18.475,AA:55:10:AF:0F:F9:08:0D:09:F3:08:0F:00:41:01:30:18:15:1D:23:00:00:69:27
05.03.2026_10:01:18.500,AA:55:01:82:00:00:00:00:00:9F:0F:46:37:00:00:00:00:00:5E:31:04:00:1A:5A
05.03.2026_10:01:18.525,AA:55:02:82:00:00:00:00:00:9E:0F:19:25:00:00:00:00:00:DC:31:05:00:18:97
05.03.2026_10:01:18.550,AA:55:03:82:00:00:00:00:00:A2:0F:20:26:01:00:00:00:00:9B:32:06:00:18:65
05.03.2026_10:01:18.575,AA:55:10:AF:0F:FE:08:09:09:F3:08:0B:00:41:01:31:18:15:1D:23:00:00:69:25
05.03.2026_10:01:18.600,AA:55:01:82:00:00:00:00:00:A2:0F:46:37:00:00:00:00:00:5E:31:04:00:1A:5D
05.03.2026_10:01:18.625,AA:55:02:82:00:00:00:00:00:9E:0F:19:25:01:00:00:00:00:DC:31:05:00:18:98
05.03.2026_10:01:18.650,AA:55:03:82:00:00:00:00:00:A1:0F:20:26:02:00:00:00:00:9B:32:06:00:18:65
05.03.2026_10:01:18.675,AA:55:10:AF:0F:FF:08:0D:09:F3:08:0D:00:40:01:30:18:15:1D:23:00:00:69:2A
05.03.2026_10:01:18.700,AA:55:01:82:00:00:00:00:00:9E:0F:46:37:00:00:00:00:00:5E:31:04:00:1A:59
05.03.2026_10:01:18.725,AA:55:02:82:00:00:00:00:00:A1:0F:19:24:00:00:00:00:00:DC:31:05:00:18:99
05.03.2026_10:01:18.750,AA:55:03:82:00:00:00:00:00:A2:0F:20:26:02:00:00:02:00:9B:32:06:00:18:68
05.03.2026_10:01:18.775,AA:55:10:AF:0F:F9:08:0A:09:F3:08:0E:00:40:01:31:18:15:1D:25:00:00:69:25
05.03.2026_10:01:18.800,AA:55:01:82:00:00:00:00:00:9E:0F:46:37:00:00:00:00:00:5E:31:04:00:1A:59
05.03.2026_10:01:18.825,AA:55:02:82:00:00:00:00:00:A3:0F:19:24:00:00:00:01:00:DC:31:05:00:18:9C
05.03.2026_10:01:18.850,AA:55:03:82:00:00:00:00:00:A1:0F:20:26:01:00:00:01:00:9B:32:06:00:18:65
05.03.2026_10:01:18.875,AA:55:10:AF:0F:FE:08:08:09:F5:08:0F:00:40:01:30:18:15:1D:25:00:00:69:2A
05.03.2026_10:01:18.900,AA:55:01:82:00:00:00:00:00:A0:0F:46:37:02:00:00:03:00:5E:31:04:00:1A:60
05.03.2026_10:01:18.925,AA:55:02:82:00:00:00:00:00:A1:0F:19:25:00:00:00:05:00:DC:31:05:00:18:9F
05.03.2026_10:01:18.950,AA:55:03:82:00:00:00:00:00:A0:0F:20:26:02:00:00:02:00:9B:32:06:00:18:66
05.03.2026_10:01:18.975,AA:55:10:AF:0F:FC:08:09:09:F4:08:0D:00:40:01:30:18:15:1D:2C:00:00:69:2D
05.03.2026_10:01:19.000,AA:55:01:82:00:00:00:00:00:A0:0F:46:37:00:00:00:00:00:5E:31:04:00:1A:5B
05.03.2026_10:01:19.025,AA:55:02:82:00:00:00:00:00:A2:0F:19:25:01:00:00:02:00:DC:31:05:00:18:9E
05.03.2026_10:01:19.050,AA:55:03:82:00:00:00:00:00:A1:0F:20:26:03:00:00:02:00:9B:32:06:00:18:68
05.03.2026_10:01:19.075,AA:55:10:AF:0F:F9:08:0F:09:F1:08:09:00:3F:01:30:18:15:1D:26:00:00:6A:23
05.03.2026_10:01:19.100,AA:55:01:82:00:00:00:00:00:9E:0F:45:37:00:00:00:00:00:5E:31:04:00:1A:58
05.03.2026_10:01:19.125,AA:55:02:82:00:00:00:00:00:9E:0F:19:25:00:00:00:04:00:DC:31:05:00:18:9B
05.03.2026_10:01:19.150,AA:55:03:82:00:00:00:00:00:9D:0F:20:26:00:00:00:01:00:9B:32:06:00:18:60
05.03.2026_10:01:19.175,AA:55:10:AF:0F:01:09:08:09:F8:08:10:00:3E:01:31:18:15:1D:28:00:00:6A:35
05.03.2026_10:01:19.200,AA:55:01:82:00:00:00:00:00:A0:0F:46:37:01:00:00:00:00:5E:31:04:00:1A:5C
05.03.2026_10:01:19.225,AA:55:02:82:00:00:00:00:00:A3:0F:19:24:00:00:00:03:00:DC:31:05:00:18:9E
05.03.2026_10:01:19.250,AA:55:03:82:00:00:00:00:00:A1:0F:20:26:00:00:00:00:00:9B:32:06:00:18:63
05.03.2026_10:01:19.275,AA:55:10:AF:0F:FC:08:0B:09:F4:08:0C:00:3E:01:31:18:15:1D:26:00:00:6A:28
05.03.2026_10:01:19.300,AA:55:01:82:00:00:00:00:00:A1:0F:45:37:00:00:00:00:00:5E:31:04:00:1A:5B
05.03.2026_10:01:19.325,AA:55:02:82:00:00:00:00:00:9F:0F:19:24:00:00:00:00:00:DC:31:05:00:18:97
05.03.2026_10:01:19.350,AA:55:03:82:00:00:00:00:00:9E:0F:20:26:00:00:00:00:00:9B:32:06:00:18:60
05.03.2026_10:01:19.375,AA:55:10:AF:0F:FF:08:08:09:FA:08:0B:00:3E:01:30:18:15:1D:23:00:00:6A:29
05.03.2026_10:01:19.400,AA:55:01:82:00:00:00:00:00:A3:0F:45:37:00:00:00:00:00:5E:31:04:00:1A:5D
05.03.2026_10:01:19.425,AA:55:02:82:00:00:00:00:00:A1:0F:19:24:00:00:00:00:00:DC:31:05:00:18:99
05.03.2026_10:01:19.450,AA:55:03:82:00:00:00:00:00:9F:0F:20:26:00:00:00:01:00:9B:32:06:00:18:62
05.03.2026_10:01:19.475,AA:55:10:AF:0F:FB:08:08:09:F6:08:08:00:3D:01:30:18:15:1D:24:00:00:6A:1E
05.03.2026_10:01:19.500,AA:55:01:82:00:00:00:00:00:9E:0F:45:37:02:00:00:00:00:5E:31:04:00:1A:5A
05.03.2026_10:01:19.525,AA:55:02:82:00:00:00:00:00:9D:0F:19:24:02:00:00:04:00:DC:31:05:00:18:9B
05.03.2026_10:01:19.550,AA:55:03:82:00:00:00:00:00:9E:0F:20:26:02:00:00:02:00:9B:32:06:00:18:64
05.03.2026_10:01:19.575,AA:55:10:AF:0F:FE:08:0F:09:F6:08:09:00:3C:01:31:18:15:1D:2A:00:00:6A:2F
05.03.2026_10:01:19.600,AA:55:01:82:00:00:00:00:00:9D:0F:45:36:01:00:00:00:00:5E:31:04:00:1A:57
05.03.2026_10:01:19.625,AA:55:02:82:00:00:00:00:00:A0:0F:19:24:01:00:00:03:00:DC:31:05:00:18:9C
05.03.2026_10:01:19.650,AA:55:03:82:00:00:00:00:00:9C:0F:1F:26:00:00:00:00:00:9B:32:06:00:18:5D
05.03.2026_10:01:19.675,AA:55:10:AF:0F:F9:08:0B:09:F7:08:0C:00:3C:01:31:18:15:1D:26:00:00:6A:26
05.03.2026_10:01:19.700,AA:55:01:82:00:00:00:00:00:A1:0F:45:37:03:00:00:00:00:5E:31:04:00:1A:5E
05.03.2026_10:01:19.725,AA:55:02:82:00:00:00:00:00:A3:0F:19:24:00:00:00:02:00:DC:31:05:00:18:9D
05.03.2026_10:01:19.750,AA:55:03:82:00:00:00:00:00:A2:0F:1F:26:00:00:00:00:00:9B:32:06:00:18:63
05.03.2026_10:01:19.775,AA:55:10:AF:0F:FE:08:07:09:F9:08:0B:00:3B:01:31:18:15:1D:25:00:00:6A:26
05.03.2026_10:01:19.800,AA:55:01:82:00:00:00:00:00:A3:0F:46:36:03:00:00:00:00:5E:31:04:00:1A:60
05.03.2026_10:01:19.825,AA:55:02:82:00:00:00:00:00:9F:0F:19:24:00:00:00:03:00:DC:31:05:00:18:9A
05.03.2026_10:01:19.850,AA:55:03:82:00:00:00:00:00:A3:0F:1F:26:00:00:00:02:00:9B:32:06:00:18:66
05.03.2026_10:01:19.875,AA:55:10:AF:0F:FA:08:10:09:F3:08:0C:00:3B:01:31:18:15:1D:28:00:00:6A:29
05.03.2026_10:01:19.900,AA:55:01:82:00:00:00:00:00:A0:0F:46:37:01:00:00:00:00:5E:31:04:00:1A:5C
05.03.2026_10:01:19.925,AA:55:02:82:00:00:00:00:00:A1:0F:19:24:01:00:00:00:00:DC:31:05:00:18:9A
05.03.2026_10:01:19.950,AA:55:03:82:00:00:00:00:00:A0:0F:20:25:00:00:00:00:00:9B:32:06:00:18:61
05.03.2026_10:01:19.975,AA:55:10:AF:0F:FF:08:0E:09:F4:08:0E:00:3B:01:31:18:15:1D:23:00:00:6A:2A
05.03.2026_10:01:20.000,AA:55:01:82:00:00:00:00:00:9E:0F:45:37:00:00:00:02:00:5E:31:04:00:1A:5A
05.03.2026_10:01:20.025,AA:55:02:82:00:00:00:00:00:9D:0F:19:24:02:00:00:00:00:DC:31:05:00:18:97
05.03.2026_10:01:20.050,AA:55:03:82:00:00:00:00:00:A0:0F:20:25:00:00:00:00:00:9B:32:06:00:18:61
05.03.2026_10:01:20.075,AA:55:10:AF:0F:F9:08:08:09:F2:08:0C:00:3B:01:31:18:15:1D:25:00:00:6B:1D
05.03.2026_10:01:20.100,AA:55:01:82:00:00:00:00:00:A1:0F:45:36:00:00:00:00:00:5E:31:04:00:1A:5A
05.03.2026_10:01:20.125,AA:55:02:82:00:00:00:00:00:A4:0F:19:24:03:00:00:00:00:DC:31:05:00:18:9F
05.03.2026_10:01:20.150,AA:55:03:82:00:00:00:00:00:A0:0F:1F:26:00:00:00:02:00:9B:32:06:00:18:63
05.03.2026_10:01:20.175,AA:55:10:AF:0F:F8:08:0B:09:F6:08:09:00:3A:01:30:18:15:1D:25:00:00:6B:1E
05.03.2026_10:01:20.200,AA:55:01:82:00:00:00:00:00:9F:0F:45:37:01:00:00:00:00:5E:31:04:00:1A:5A
05.03.2026_10:01:20.225,AA:55:02:82:00:00:00:00:00:9D:0F:19:24:01:00:00:00:00:DC:31:05:00:18:96
05.03.2026_10:01:20.250,AA:55:03:82:00:00:00:00:00:9F:0F:1F:25:01:00:00:01:00:9B:32:06:00:18:61
05.03.2026_10:01:20.275,AA:55:10:AF:0F:FA:08:0D:09:F8:08:08:00:3A:01:31:18:15:1D:24:00:00:6B:23
05.03.2026_10:01:20.300,AA:55:01:82:00:00:00:00:00:A2:0F:45:37:02:00:00:01:00:5E:31:04:00:1A:5F
05.03.2026_10:01:20.325,AA:55:02:82:00:00:00:00:00:A2:0F:19:24:02:00:00:00:00:DC:31:05:00:18:9C
05.03.2026_10:01:20.350,AA:55:03:82:00:00:00:00:00:9F:0F:1F:26:00:00:00:02:00:9B:32:06:00:18:62
05.03.2026_10:01:20.375,AA:55:10:AF:0F:FE:08:08:09:F8:08:0B:00:3A:01:31:18:15:1D:26:00:00:6B:27
05.03.2026_10:01:20.400,AA:55:01:82:00:00:00:00:00:9E:0F:45:36:02:00:00:02:00:5E:31:04:00:1A:5B
05.03.2026_10:01:20.425,AA:55:02:82:00:00:00:00:00:A0:0F:19:24:03:00:00:00:00:DC:31:05:00:18:9B
05.03.2026_10:01:20.450,AA:55:03:82:00:00:00:00:00:9F:0F:1F:26:02:00:00:02:00:9B:32:06:00:18:64
05.03.2026_10:01:20.475,AA:55:10:AF:0F:FF:08:0D:09:FB:08:10:00:3A:01:31:18:15:1D:27:00:00:6B:36
05.03.2026_10:01:20.500,AA:55:01:82:00:00:00:00:00:A2:0F:45:37:02:00:00:02:00:5E:31:04:00:1A:60
05.03.2026_10:01:20.525,AA:55:02:82:00:00:00:00:00:A0:0F:19:24:01:00:00:00:00:DC:31:05:00:18:99
05.03.2026_10:01:20.550,AA:55:03:82:00:00:00:00:00:9E:0F:1F:25:03:00:00:00:00:9B:32:06:00:18:61
05.03.2026_10:01:20.575,AA:55:10:AF:0F:00:09:07:09:F3:08:0E:00:39:01:31:18:15:1D:25:00:00:6B:25
05.03.2026_10:01:20.600,AA:55:01:82:00:00:00:00:00:9F:0F:45:36:01:00:00:00:00:5E:31:04:00:1A:59
05.03.2026_10:01:20.625,AA:55:02:82:00:00:00:00:00:A3:0F:19:24:00:00:00:03:00:DC:31:05:00:18:9E
05.03.2026_10:01:20.650,AA:55:03:82:00:00:00:00:00:9D:0F:1F:26:04:00:00:02:00:9B:32:06:00:18:64
05.03.2026_10:01:20.675,AA:55:10:AF:0F:F8:08:09:09:F2:08:0E:00:39:01:31:18:15:1D:28:00:00:6B:20
05.03.2026_10:01:20.700,AA:55:01:82:00:00:00:00:00:A0:0F:45:36:00:00:00:01:00:5E:31:04:00:1A:5A
05.03.2026_10:01:20.725,AA:55:02:82:00:00:00:00:00:9F:0F:19:24:00:00:00:00:00:DC:31:05:00:18:97
05.03.2026_10:01:20.750,AA:55:03:82:00:00:00:00:00:A3:0F:1F:25:01:00:00:00:00:9B:32:06:00:18:64
05.03.2026_10:01:20.775,AA:55:10:AF:0F:FC:08:0B:09:F3:08:09:00:39:01:31:18:15:1D:24:00:00:6B:1E
05.03.2026_10:01:20.800,AA:55:01:82:00:00:00:00:00:9F:0F:45:36:01:00:00:00:00:5E:31:04:00:1A:59
05.03.2026_10:01:20.825,AA:55:02:82:00:00:00:00:00:A3:0F:19:24:00:00:00:02:00:DC:31:05:00:18:9D
05.03.2026_10:01:20.850,AA:55:03:82:00:00:00:00:00:A2:0F:20:26:02:00:00:00:00:9B:32:06:00:18:66
05.03.2026_10:01:20.875,AA:55:10:AF:0F:F9:08:09:09:F6:08:0C:00:38:01:31:18:15:1D:25:00:00:6B:1F
05.03.2026_10:01:20.900,AA:55:01:82:00:00:00:00:00:A4:0F:45:36:01:00:00:00:00:5E:31:04:00:1A:5E
05.03.2026_10:01:20.925,AA:55:02:82:00:00:00:00:00:A1:0F:19:24:01:00:00:00:00:DC:31:05:00:18:9A
05.03.2026_10:01:20.950,AA:55:03:82:00:00:00:00:00:9E:0F:1F:26:00:00:00:00:00:9B:32:06:00:18:5F
05.03.2026_10:01:20.975,AA:55:10:AF:0F:FF:08:0D:09:F9:08:0E:00:38:01:31:18:15:1D:23:00:00:6B:2C
05.03.2026_10:01:21.000,AA:55:01:82:00:00:00:00:00:9F:0F:44:36:00:00:00:01:00:5E:31:04:00:1A:58
05.03.2026_10:01:21.025,AA:55:02:82:00:00:00:00:00:9D:0F:19:24:00:00:00:02:00:DC:31:05:00:18:97
05.03.2026_10:01:21.050,AA:55:03:82:00:00:00:00:00:9F:0F:1F:25:00:00:00:00:00:9B:32:06:00:18:5F
05.03.2026_10:01:21.075,AA:55:10:AF:0F:00:09:0B:09:F6:08:09:00:38:01:31:18:15:1D:27:00:00:6C:29
05.03.2026_10:01:21.100,AA:55:01:82:00:00:00:00:00:A2:0F:45:36:00:00:00:00:00:5E:31:04:00:1A:5B
05.03.2026_10:01:21.125,AA:55:02:82:00:00:00:00:00:9C:0F:19:24:01:00:00:00:00:DC:31:05:00:18:95
05.03.2026_10:01:21.150,AA:55:03:82:00:00:00:00:00:9E:0F:1F:25:00:00:00:00:00:9B:32:06:00:18:5E
05.03.2026_10:01:21.175,AA:55:10:AF:0F:FE:08:09:09:F9:08:0A:00:38:01:31:18:15:1D:23:00:00:6C:24
05.03.2026_10:01:21.200,AA:55:01:82:00:00:00:00:00:9D:0F:45:36:00:00:00:00:00:5E:31:04:00:1A:56
05.03.2026_10:01:21.225,AA:55:02:82:00:00:00:00:00:9E:0F:19:24:00:00:00:00:00:DC:31:05:00:18:96
05.03.2026_10:01:21.250,AA:55:03:82:00:00:00:00:00:A3:0F:1F:25:02:00:00:02:00:9B:32:06:00:18:67
05.03.2026_10:01:21.275,AA:55:10:AF:0F:FA:08:0C:09:F3:08:0B:00:38:01:31:18:15:1D:25:00:00:6C:20
05.03.2026_10:01:21.300,AA:55:01:82:00:00:00:00:00:A4:0F:45:36:02:00:00:00:00:5E:31:04:00:1A:5F
05.03.2026_10:01:21.325,AA:55:02:82:00:00:00:00:00:A3:0F:19:24:02:00:00:00:00:DC:31:05:00:18:9D
05.03.2026_10:01:21.350,AA:55:03:82:00:00:00:00:00:A2:0F:1F:25:03:00:00:00:00:9B:32:06:00:18:65
05.03.2026_10:01:21.375,AA:55:10:AF:0F:F8:08:08:09:F2:08:09:00:38:01:31:18:15:1D:23:00:00:6C:15
05.03.2026_10:01:21.400,AA:55:01:82:00:00:00:00:00:9E:0F:45:36:00:00:00:00:00:5E:31:04:00:1A:57
05.03.2026_10:01:21.425,AA:55:02:82:00:00:00:00:00:A0:0F:19:24:00:00:00:01:00:DC:31:05:00:18:99
05.03.2026_10:01:21.450,AA:55:03:82:00:00:00:00:00:9D:0F:1F:25:01:00:00:02:00:9B:32:06:00:18:60
05.03.2026_10:01:21.475,AA:55:10:AF:0F:01:09:0C:09:F4:08:0F:00:38:01:31:18:15:1D:25:00:00:6C:2D
05.03.2026_10:01:21.500,AA:55:01:82:00:00:00:00:00:9D:0F:45:36:02:00:00:01:00:5E:31:04:00:1A:59
05.03.2026_10:01:21.525,AA:55:02:82:00:00:00:00:00:A3:0F:19:24:01:00:00:00:00:DC:31:05:00:18:9C
05.03.2026_10:01:21.550,AA:55:03:82:00:00:00:00:00:9F:0F:1F:25:00:00:00:01:00:9B:32:06:00:18:60
05.03.2026_10:01:21.575,AA:55:10:AF:0F:FF:08:0B:09:F3:08:0A:00:37:01:31:18:15:1D:25:00:00:6C:22
05.03.2026_10:01:21.600,AA:55:01:82:00:00:00:00:00:9E:0F:45:36:00:00:00:02:00:5E:31:04:00:1A:59
05.03.2026_10:01:21.625,AA:55:02:82:00:00:00:00:00:9F:0F:19:24:00:00:00:05:00:DC:31:05:00:18:9C
05.03.2026_10:01:21.650,AA:55:03:82:00:00:00:00:00:A1:0F:1F:25:00:00:00:00:00:9B:32:06:00:18:61
05.03.2026_10:01:21.675,AA:55:10:AF:0F:F8:08:07:09:FB:08:09:00:37:01:31:18:15:1D:2B:00:00:6C:24
05.03.2026_10:01:21.700,AA:55:01:82:00:00:00:00:00:A3:0F:45:36:00:00:00:00:00:5E:31:04:00:1A:5C
05.03.2026_10:01:21.725,AA:55:02:82:00:00:00:00:00:A2:0F:19:24:01:00:00:00:00:DC:31:05:00:18:9B
05.03.2026_10:01:21.750,AA:55:03:82:00:00:00:00:00:A3:0F:1F:25:01:00:00:01:00:9B:32:06:00:18:65
05.03.2026_10:01:21.775,AA:55:10:AF:0F:FD:08:0E:09:F5:08:09:00:36:01:31:18:15:1D:24:00:00:6C:22
05.03.2026_10:01:21.800,AA:55:01:82:00:00:00:00:00:A2:0F:45:36:02:00:00:01:00:5E:31:04:00:1A:5E
05.03.2026_10:01:21.825,AA:55:02:82:00:00:00:00:00:A3:0F:19:24:02:00:00:02:00:DC:31:05:00:18:9F
05.03.2026_10:01:21.850,AA:55:03:82:00:00:00:00:00:9D:0F:1F:25:00:00:00:00:00:9B:32:06:00:18:5D
05.03.2026_10:01:21.875,AA:55:10:AF:0F:FA:08:0B:09:F4:08:0C:00:36:01:31:18:15:1D:26:00:00:6C:20
05.03.2026_10:01:21.900,AA:55:01:82:00:00:00:00:00:A4:0F:45:36:03:00:00:00:00:5E:31:04:00:1A:60
05.03.2026_10:01:21.925,AA:55:02:82:00:00:00:00:00:A4:0F:19:24:02:00:00:04:00:DC:31:05:00:18:A2
05.03.2026_10:01:21.950,AA:55:03:82:00:00:00:00:00:A3:0F:1F:25:00:00:00:00:00:9B:32:06:00:18:63
05.03.2026_10:01:21.975,AA:55:10:AF:0F:01:09:07:09:F1:08:0D:00:35:01:31:18:15:1D:27:00:00:6C:22
05.03.2026_10:01:22.000,AA:55:01:82:00:00:00:00:00:9F:0F:45:36:03:00:00:00:00:5E:31:04:00:1A:5B
05.03.2026_10:01:22.025,AA:55:02:82:00:00:00:00:00:A3:0F:19:24:01:00:00:04:00:DC:31:05:00:18:A0
05.03.2026_10:01:22.050,AA:55:03:82:00:00:00:00:00:A1:0F:1F:25:02:00:00:00:00:9B:32:06:00:18:63
05.03.2026_10:01:22.075,AA:55:10:AF:0F:FA:08:0F:09:F8:08:0E:00:35:01:31:18:15:1D:28:00:00:6D:2C
05.03.2026_10:01:22.100,AA:55:01:82:00:00:00:00:00:A1:0F:44:36:01:00:00:00:00:5E:31:04:00:1A:5A
05.03.2026_10:01:22.125,AA:55:02:82:00:00:00:00:00:9D:0F:19:24:00:00:00:00:00:DC:31:05:00:18:95
05.03.2026_10:01:22.150,AA:55:03:82:00:00:00:00:00:A1:0F:1F:25:00:00:00:00:00:9B:32:06:00:18:61
05.03.2026_10:01:22.175,AA:55:10:AF:0F:FA:08:0F:09:FA:08:0D:00:34:01:31:18:15:1D:23:00:00:6D:27
05.03.2026_10:01:22.200,AA:55:01:82:00:00:00:00:00:9E:0F:45:36:00:00:00:01:00:5E:31:04:00:1A:58
05.03.2026_10:01:22.225,AA:55:02:82:00:00:00:00:00:9F:0F:19:23:00:00:00:00:00:DC:31:05:00:18:96
05.03.2026_10:01:22.250,AA:55:03:82:00:00:00:00:00:9F:0F:1F:25:01:00:00:00:00:9B:32:06:00:18:60
05.03.2026_10:01:22.275,AA:55:10:AF:0F:00:09:07:09:F4:08:0B:00:33:01:31:18:15:1D:24:00:00:6D:1E
05.03.2026_10:01:22.300,AA:55:01:82:00:00:00:00:00:9C:0F:44:36:02:00:00:00:00:5E:31:04:00:1A:56
05.03.2026_10:01:22.325,AA:55:02:82:00:00:00:00:00:A4:0F:19:24:02:00:00:00:00:DC:31:05:00:18:9E
05.03.2026_10:01:22.350,AA:55:03:82:00:00:00:00:00:A1:0F:1F:25:02:00:00:00:00:9B:32:06:00:18:63
05.03.2026_10:01:22.375,AA:55:10:AF:0F:FE:08:08:09:F6:08:0E:00:33:01:31:18:15:1D:23:00:00:6D:20
05.03.2026_10:01:22.400,AA:55:01:82:00:00:00:00:00:9E:0F:45:36:02:00:00:03:00:5E:31:04:00:1A:5C
05.03.2026_10:01:22.425,AA:55:02:82:00:00:00:00:00:A2:0F:19:23:01:00:00:00:00:DC:31:05:00:18:9A
05.03.2026_10:01:22.450,AA:55:03:82:00:00:00:00:00:A4:0F:1F:25:02:00:00:01:00:9B:32:06:00:18:67
05.03.2026_10:01:22.475,AA:55:10:AF:0F:FC:08:0D:09:F9:08:0C:00:33:01:31:18:15:1D:27:00:00:6D:28
05.03.2026_10:01:22.500,AA:55:01:82:00:00:00:00:00:9F:0F:44:36:03:00:00:00:00:5E:31:04:00:1A:5A
05.03.2026_10:01:22.525,AA:55:02:82:00:00:00:00:00:9C:0F:19:23:00:00:00:00:00:DC:31:05:00:18:93
05.03.2026_10:01:22.550,AA:55:03:82:00:00:00:00:00:A2:0F:1E:25:03:00:00:00:00:9B:32:06:00:18:64
05.03.2026_10:01:22.575,AA:55:10:AF:0F:FB:08:0E:09:F6:08:0F:00:32:01:31:18:15:1D:23:00:00:6D:23
05.03.2026_10:01:22.600,AA:55:01:82:00:00:00:00:00:A0:0F:44:36:02:00:00:02:00:5E:31:04:00:1A:5C
05.03.2026_10:01:22.625,AA:55:02:82:00:00:00:00:00:9E:0F:19:23:00:00:00:00:00:DC:31:05:00:18:95
05.03.2026_10:01:22.650,AA:55:03:82:00:00:00:00:00:9D:0F:1F:25:03:00:00:00:00:9B:32:06:00:18:60
05.03.2026_10:01:22.675,AA:55:10:AF:0F:FB:08:0B:09:F6:08:10:00:32:01:31:18:15:1D:25:00:00:6D:23
05.03.2026_10:01:22.700,AA:55:01:82:00:00:00:00:00:A2:0F:44:36:02:00:00:00:00:5E:31:04:00:1A:5C
05.03.2026_10:01:22.725,AA:55:02:82:00:00:00:00:00:A0:0F:19:23:00:00:00:02:00:DC:31:05:00:18:99
05.03.2026_10:01:22.750,AA:55:03:82:00:00:00:00:00:A3:0F:1F:24:02:00:00:00:00:9B:32:06:00:18:64
05.03.2026_10:01:22.775,AA:55:10:AF:0F:FF:08:07:09:F8:08:0B:00:31:01:31:18:15:1D:25:00:00:6D:1F
05.03.2026_10:01:22.800,AA:55:01:82:00:00:00:00:00:A4:0F:44:36:03:00:00:01:00:5E:31:04:00:1A:60
05.03.2026_10:01:22.825,AA:55:02:82:00:00:00:00:00:9E:0F:19:23:01:00:00:00:00:DC:31:05:00:18:96
05.03.2026_10:01:22.850,AA:55:03:82:00:00:00:00:00:A3:0F:1F:25:01:00:00:00:00:9B:32:06:00:18:64
05.03.2026_10:01:22.875,AA:55:10:AF:0F:F9:08:10:09:F8:08:0C:00:31:01:31:18:15:1D:24:00:00:6D:22
05.03.2026_10:01:22.900,AA:55:01:82:00:00:00:00:00:A0:0F:45:36:01:00:00:00:00:5E:31:04:00:1A:5A
05.03.2026_10:01:22.925,AA:55:02:82:00:00:00:00:00:A4:0F:19:23:01:00:00:03:00:DC:31:05:00:18:9F
05.03.2026_10:01:22.950,AA:55:03:82:00:00:00:00:00:A4:0F:1F:24:02:00:00:02:00:9B:32:06:00:18:67
05.03.2026_10:01:22.975,AA:55:10:AF:0F:FE:08:09:09:F8:08:0C:00:30:01:31:18:15:1D:27:00:00:6D:22
05.03.2026_10:01:23.000,AA:55:01:82:00:00:00:00:00:9C:0F:44:35:00:00:00:00:00:5E:31:04:00:1A:53
05.03.2026_10:01:23.025,AA:55:02:82:00:00:00:00:00:9E:0F:19:24:02:00:00:02:00:DC:31:05:00:18:9A
05.03.2026_10:01:23.050,AA:55:03:82:00:00:00:00:00:9E:0F:1F:25:03:00:00:01:00:9B:32:06:00:18:62
05.03.2026_10:01:23.075,AA:55:10:AF:0F:FD:08:0E:09:F2:08:0D:00:30:01:31:18:15:1D:26:00:00:6E:21
05.03.2026_10:01:23.100,AA:55:01:82:00:00:00:00:00:9F:0F:44:35:00:00:00:00:00:5E:31:04:00:1A:56
05.03.2026_10:01:23.125,AA:55:02:82:00:00:00:00:00:A1:0F:19:23:00:00:00:02:00:DC:31:05:00:18:9A
05.03.2026_10:01:23.150,AA:55:03:82:00:00:00:00:00:9E:0F:1E:25:00:00:00:02:00:9B:32:06:00:18:5F
05.03.2026_10:01:23.175,AA:55:10:AF:0F:FA:08:09:09:F4:08:0C:00:30:01:31:18:15:1D:27:00:00:6E:1B
05.03.2026_10:01:23.200,AA:55:01:82:00:00:00:00:00:A0:0F:44:36:00:00:00:01:00:5E:31:04:00:1A:59
05.03.2026_10:01:23.225,AA:55:02:82:00:00:00:00:00:A2:0F:19:23:02:00:00:01:00:DC:31:05:00:18:9C
05.03.2026_10:01:23.250,AA:55:03:82:00:00:00:00:00:A2:0F:1F:25:00:00:00:00:00:9B:32:06:00:18:62
05.03.2026_10:01:23.275,AA:55:10:AF:0F:FC:08:0E:09:F3:08:0D:00:2F:01:32:18:15:1D:25:00:00:6E:20
05.03.2026_10:01:23.300,AA:55:01:82:00:00:00:00:00:9E:0F:44:35:00:00:00:01:00:5E:31:04:00:1A:56
05.03.2026_10:01:23.325,AA:55:02:82:00:00:00:00:00:9E:0F:19:23:03:00:00:02:00:DC:31:05:00:18:9A
05.03.2026_10:01:23.350,AA:55:03:82:00:00:00:00:00:A3:0F:1F:25:00:00:00:02:00:9B:32:06:00:18:65
05.03.2026_10:01:23.375,AA:55:10:AF:0F:FB:08:07:09:F2:08:0B:00:2E:01:32:18:15:1D:27:00:00:6E:16
05.03.2026_10:01:23.400,AA:55:01:82:00:00:00:00:00:A3:0F:44:36:01:00:00:02:00:5E:31:04:00:1A:5E
05.03.2026_10:01:23.425,AA:55:02:82:00:00:00:00:00:9C:0F:19:23:01:00:00:00:00:DC:31:05:00:18:94
05.03.2026_10:01:23.450,AA:55:03:82:00:00:00:00:00:A1:0F:1E:25:00:00:00:00:00:9B:32:06:00:18:60
05.03.2026_10:01:23.475,AA:55:10:AF:0F:FF:08:0E:09:FA:08:0C:00:2E:01:31:18:15:1D:25:00:00:6E:27
05.03.2026_10:01:23.500,AA:55:01:82:00:00:00:00:00:9F:0F:44:35:00:00:00:00:00:5E:31:04:00:1A:56
05.03.2026_10:01:23.525,AA:55:02:82:00:00:00:00:00:9E:0F:19:23:00:00:00:00:00:DC:31:05:00:18:95
05.03.2026_10:01:23.550,AA:55:03:82:00:00:00:00:00:A2:0F:1F:25:02:00:00:00:00:9B:32:06:00:18:64
05.03.2026_10:01:23.575,AA:55:10:AF:0F:FF:08:0B:09:F8:08:0D:00:2E:01:31:18:15:1D:23:00:00:6E:21
05.03.2026_10:01:23.600,AA:55:01:82:00:00:00:00:00:A4:0F:44:35:02:00:00:00:00:5E:31:04:00:1A:5D
05.03.2026_10:01:23.625,AA:55:02:82:00:00:00:00:00:A3:0F:19:23:00:00:00:00:00:DC:31:05:00:18:9A
05.03.2026_10:01:23.650,AA:55:03:82:00:00:00:00:00:A3:0F:1E:25:00:00:00:00:00:9B:32:06:00:18:62
05.03.2026_10:01:23.675,AA:55:10:AF:0F:FF:08:10:09:F2:08:08:00:2E:01:31:18:15:1D:23:00:00:6E:1B
05.03.2026_10:01:23.700,AA:55:01:82:00:00:00:00:00:9E:0F:44:36:00:00:00:00:00:5E:31:04:00:1A:56
05.03.2026_10:01:23.725,AA:55:02:82:00:00:00:00:00:9D:0F:19:23:00:00:00:00:00:DC:31:05:00:18:94
05.03.2026_10:01:23.750,AA:55:03:82:00:00:00:00:00:A1:0F:1E:25:01:00:00:00:00:9B:32:06:00:18:61
05.03.2026_10:01:23.775,AA:55:10:AF:0F:FF:08:0A:09:F7:08:10:00:2E:01:32:18:15:1D:23:00:00:6E:23
05.03.2026_10:01:23.800,AA:55:01:82:00:00:00:00:00:A3:0F:44:35:01:00:00:00:00:5E:31:04:00:1A:5B
05.03.2026_10:01:23.825,AA:55:02:82:00:00:00:00:00:A2:0F:19:23:00:00:00:03:00:DC:31:05:00:18:9C
05.03.2026_10:01:23.850,AA:55:03:82:00:00:00:00:00:A3:0F:1E:24:01:00:00:02:00:9B:32:06:00:18:64
05.03.2026_10:01:23.875,AA:55:10:AF:0F:FC:08:0D:09:F8:08:0D:00:2E:01:32:18:15:1D:28:00:00:6E:26
05.03.2026_10:01:23.900,AA:55:01:82:00:00:00:00:00:9E:0F:44:35:00:00:00:02:00:5E:31:04:00:1A:57
05.03.2026_10:01:23.925,AA:55:02:82:00:00:00:00:00:9D:0F:19:23:02:00:00:02:00:DC:31:05:00:18:98
05.03.2026_10:01:23.950,AA:55:03:82:00:00:00:00:00:A1:0F:1E:24:00:00:00:02:00:9B:32:06:00:18:61
05.03.2026_10:01:23.975,AA:55:10:AF:0F:F9:08:0C:09:F4:08:10:00:2D:01:31:18:15:1D:2A:00:00:6E:21
05.03.2026_10:01:24.000,AA:55:01:82:00:00:00:00:00:A1:0F:44:35:00:00:00:00:00:5E:31:04:00:1A:58
05.03.2026_10:01:24.025,AA:55:02:82:00:00:00:00:00:A2:0F:19:23:03:00:00:00:00:DC:31:05:00:18:9C
05.03.2026_10:01:24.050,AA:55:03:82:00:00:00:00:00:9F:0F:1E:25:00:00:00:00:00:9B:32:06:00:18:5E
05.03.2026_10:01:24.075,AA:55:10:AF:0F:F8:08:0F:09:F9:08:0C:00:2D:01:31:18:15:1D:23:00:00:6F:1E
05.03.2026_10:01:24.100,AA:55:01:82:00:00:00:00:00:9C:0F:44:35:02:00:00:00:00:5E:31:04:00:1A:55
05.03.2026_10:01:24.125,AA:55:02:82:00:00:00:00:00:9C:0F:19:23:00:00:00:00:00:DC:31:05:00:18:93
05.03.2026_10:01:24.150,AA:55:03:82:00:00:00:00:00:A2:0F:1E:24:02:00:00:02:00:9B:32:06:00:18:64
05.03.2026_10:01:24.175,AA:55:10:AF:0F:FF:08:09:09:F2:08:0C:00:2D:01:31:18:15:1D:26:00:00:6F:1B
05.03.2026_10:01:24.200,AA:55:01:82:00:00:00:00:00:9D:0F:44:35:03:00:00:00:00:5E:31:04:00:1A:57
05.03.2026_10:01:24.225,AA:55:02:82:00:00:00:00:00:A0:0F:19:23:02:00:00:00:00:DC:31:05:00:18:99
05.03.2026_10:01:24.250,AA:55:03:82:00:00:00:00:00:A0:0F:1E:25:00:00:00:01:00:9B:32:06:00:18:60
05.03.2026_10:01:24.275,AA:55:10:AF:0F:00:09:0D:09:F6:08:09:00:2C:01:31:18:15:1D:24:00:00:6F:1F
05.03.2026_10:01:24.300,AA:55:01:82:00:00:00:00:00:A2:0F:44:35:00:00:00:02:00:5E:31:04:00:1A:5B
05.03.2026_10:01:24.325,AA:55:02:82:00:00:00:00:00:A2:0F:19:23:03:00:00:04:00:DC:31:05:00:18:A0
05.03.2026_10:01:24.350,AA:55:03:82:00:00:00:00:00:A1:0F:1E:25:01:00:00:00:00:9B:32:06:00:18:61
05.03.2026_10:01:24.375,AA:55:10:AF:0F:FE:08:0B:09:FA:08:0C:00:2C:01:31:18:15:1D:29:00:00:6F:26
05.03.2026_10:01:24.400,AA:55:01:82:00:00:00:00:00:A3:0F:44:35:02:00:00:00:00:5E:31:04:00:1A:5C
05.03.2026_10:01:24.425,AA:55:02:82:00:00:00:00:00:9F:0F:19:23:03:00:00:00:00:DC:31:05:00:18:99
05.03.2026_10:01:24.450,AA:55:03:82:00:00:00:00:00:9D:0F:1E:24:00:00:00:00:00:9B:32:06:00:18:5B
05.03.2026_10:01:24.475,AA:55:10:AF:0F:F8:08:0E:09:F7:08:0D:00:2C:01:31:18:15:1D:23:00:00:6F:1B
05.03.2026_10:01:24.500,AA:55:01:82:00:00:00:00:00:9E:0F:44:35:01:00:00:00:00:5E:31:04:00:1A:56
05.03.2026_10:01:24.525,AA:55:02:82:00:00:00:00:00:A2:0F:19:23:01:00:00:00:00:DC:31:05:00:18:9A
05.03.2026_10:01:24.550,AA:55:03:82:00:00:00:00:00:9E:0F:1E:24:02:00:00:00:00:9B:32:06:00:18:5E
05.03.2026_10:01:24.575,AA:55:10:AF:0F:FD:08:06:09:F2:08:10:00:2C:01:32:18:15:1D:23:00:00:6F:17
05.03.2026_10:01:24.600,AA:55:01:82:00:00:00:00:00:A3:0F:44:35:00:00:00:02:00:5E:31:04:00:1A:5C
05.03.2026_10:01:24.625,AA:55:02:82:00:00:00:00:00:9D:0F:19:23:03:00:00:00:00:DC:31:05:00:18:97
05.03.2026_10:01:24.650,AA:55:03:82:00:00:00:00:00:A4:0F:1E:24:00:00:00:00:00:9B:32:06:00:18:62
05.03.2026_10:01:24.675,AA:55:10:AF:0F:00:09:09:09:F7:08:09:00:2B:01:31:18:15:1D:25:00:00:6F:1C
05.03.2026_10:01:24.700,AA:55:01:82:00:00:00:00:00:A0:0F:43:35:00:00:00:00:00:5E:31:04:00:1A:56
05.03.2026_10:01:24.725,AA:55:02:82:00:00:00:00:00:A4:0F:19:23:03:00:00:01:00:DC:31:05:00:18:9F
05.03.2026_10:01:24.750,AA:55:03:82:00:00:00:00:00:A1:0F:1E:24:02:00:00:00:00:9B:32:06:00:18:61
05.03.2026_10:01:24.775,AA:55:10:AF:0F:00:09:0B:09:F3:08:08:00:2B:01:31:18:15:1D:24:00:00:6F:18
05.03.2026_10:01:24.800,AA:55:01:82:00:00:00:00:00:9E:0F:43:35:02:00:00:00:00:5E:31:04:00:1A:56
05.03.2026_10:01:24.825,AA:55:02:82:00:00:00:00:00:9D:0F:19:23:00:00:00:02:00:DC:31:05:00:18:96
05.03.2026_10:01:24.850,AA:55:03:82:00:00:00:00:00:9E:0F:1E:24:00:00:00:01:00:9B:32:06:00:18:5D
05.03.2026_10:01:24.875,AA:55:10:AF:0F:FF:08:09:09:F4:08:0B:00:2B:01:32:18:15:1D:26:00:00:6F:1B
05.03.2026_10:01:24.900,AA:55:01:82:00:00:00:00:00:A3:0F:43:35:00:00:00:02:00:5E:31:04:00:1A:5B
05.03.2026_10:01:24.925,AA:55:02:82:00:00:00:00:00:A0:0F:19:23:02:00:00:00:00:DC:31:05:00:18:99
05.03.2026_10:01:24.950,AA:55:03:82:00:00:00:00:00:9D:0F:1E:24:01:00:00:01:00:9B:32:06:00:18:5D
05.03.2026_10:01:24.975,AA:55:10:AF:0F:FD:08:09:09:FA:08:0B:00:2A:01:32:18:15:1D:26:00:00:6F:1E
05.03.2026_10:01:25.000,AA:55:01:82:00:00:00:00:00:9E:0F:43:35:02:00:00:00:00:5E:31:04:00:1A:56
05.03.2026_10:01:25.025,AA:55:02:82:00:00:00:00:00:9C:0F:19:23:01:00:00:05:00:DC:31:05:00:18:99
05.03.2026_10:01:25.050,AA:55:03:82:00:00:00:00:00:A1:0F:1E:24:00:00:00:01:00:9B:32:06:00:18:60
05.03.2026_10:01:25.075,AA:55:10:AF:0F:FE:08:07:09:F7:08:0C:00:2A:01:32:18:15:1D:29:00:00:70:1F
05.03.2026_10:01:25.100,AA:55:01:82:00:00:00:00:00:A0:0F:43:35:00:00:00:00:00:5E:31:04:00:1A:56
05.03.2026_10:01:25.125,AA:55:02:82:00:00:00:00:00:A4:0F:19:23:00:00:00:04:00:DC:31:05:00:18:9F
05.03.2026_10:01:25.150,AA:55:03:82:00:00:00:00:00:9F:0F:1D:24:00:00:00:00:00:9B:32:06:00:18:5C
05.03.2026_10:01:25.175,AA:55:10:AF:0F:FF:08:0F:09:F7:08:10:00:29:01:32:18:15:1D:27:00:00:70:29
05.03.2026_10:01:25.200,AA:55:01:82:00:00:00:00:00:9E:0F:43:35:00:00:00:00:00:5E:31:04:00:1A:54
05.03.2026_10:01:25.225,AA:55:02:82:00:00:00:00:00:A1:0F:19:23:02:00:00:00:00:DC:31:05:00:18:9A
05.03.2026_10:01:25.250,AA:55:03:82:00:00:00:00:00:A4:0F:1E:24:02:00:00:00:00:9B:32:06:00:18:64
05.03.2026_10:01:25.275,AA:55:10:AF:0F:FD:08:10:09:F7:08:09:00:28:01:32:18:15:1D:23:00:00:70:1C
05.03.2026_10:01:25.300,AA:55:01:82:00:00:00:00:00:A1:0F:43:35:00:00:00:00:00:5E:31:04:00:1A:57
05.03.2026_10:01:25.325,AA:55:02:82:00:00:00:00:00:9D:0F:19:22:02:00:00:02:00:DC:31:05:00:18:97
05.03.2026_10:01:25.350,AA:55:03:82:00:00:00:00:00:9E:0F:1E:24:02:00:00:00:00:9B:32:06:00:18:5E
05.03.2026_10:01:25.375,AA:55:10:AF:0F:FF:08:0C:09:F6:08:0C:00:28:01:31:18:15:1D:25:00:00:70:1D
05.03.2026_10:01:25.400,AA:55:01:82:00:00:00:00:00:A3:0F:43:35:00:00:00:02:00:5E:31:04:00:1A:5B
05.03.2026_10:01:25.425,AA:55:02:82:00:00:00:00:00:9F:0F:19:22:00:00:00:05:00:DC:31:05:00:18:9A
05.03.2026_10:01:25.450,AA:55:03:82:00:00:00:00:00:9E:0F:1D:24:00:00:00:00:00:9B:32:06:00:18:5B
05.03.2026_10:01:25.475,AA:55:10:AF:0F:FF:08:10:09:F3:08:0F:00:28:01:32:18:15:1D:2A:00:00:70:27
05.03.2026_10:01:25.500,AA:55:01:82:00:00:00:00:00:A1:0F:43:35:00:00:00:00:00:5E:31:04:00:1A:57
05.03.2026_10:01:25.525,AA:55:02:82:00:00:00:00:00:9D:0F:19:23:00:00:00:03:00:DC:31:05:00:18:97
05.03.2026_10:01:25.550,AA:55:03:82:00:00:00:00:00:9E:0F:1E:24:00:00:00:00:00:9B:32:06:00:18:5C
05.03.2026_10:01:25.575,AA:55:10:AF:0F:FE:08:08:09:F4:08:0F:00:28:01:31:18:15:1D:26:00:00:70:1A
05.03.2026_10:01:25.600,AA:55:01:82:00:00:00:00:00:A1:0F:44:35:00:00:00:00:00:5E:31:04:00:1A:58
05.03.2026_10:01:25.625,AA:55:02:82:00:00:00:00:00:A2:0F:19:22:01:00:00:04:00:DC:31:05:00:18:9D
05.03.2026_10:01:25.650,AA:55:03:82:00:00:00:00:00:9E:0F:1E:24:00:00:00:01:00:9B:32:06:00:18:5D
05.03.2026_10:01:25.675,AA:55:10:AF:0F:F9:08:10:09:FA:08:0D:00:27:01:31:18:15:1D:27:00:00:70:21
05.03.2026_10:01:25.700,AA:55:01:82:00:00:00:00:00:A3:0F:43:35:00:00:00:01:00:5E:31:04:00:1A:5A
05.03.2026_10:01:25.725,AA:55:02:82:00:00:00:00:00:A0:0F:19:22:00:00:00:00:00:DC:31:05:00:18:96
05.03.2026_10:01:25.750,AA:55:03:82:00:00:00:00:00:9D:0F:1E:24:01:00:00:00:00:9B:32:06:00:18:5C
05.03.2026_10:01:25.775,AA:55:10:AF:0F:FA:08:06:09:F9:08:0A:00:26:01:31:18:15:1D:24:00:00:70:10
05.03.2026_10:01:25.800,AA:55:01:82:00:00:00:00:00:9D:0F:43:35:00:00:00:00:00:5E:31:04:00:1A:53
05.03.2026_10:01:25.825,AA:55:02:82:00:00:00:00:00:9F:0F:19:22:01:00:00:00:00:DC:31:05:00:18:96
05.03.2026_10:01:25.850,AA:55:03:82:00:00:00:00:00:9E:0F:1D:24:00:00:00:00:00:9B:32:06:00:18:5B
05.03.2026_10:01:25.875,AA:55:10:AF:0F:F8:08:0D:09:F6:08:09:00:26:01:31:18:15:1D:23:00:00:70:10
05.03.2026_10:01:25.900,AA:55:01:82:00:00:00:00:00:9E:0F:43:35:00:00:00:00:00:5E:31:04:00:1A:54
05.03.2026_10:01:25.925,AA:55:02:82:00:00:00:00:00:A3:0F:19:23:01:00:00:01:00:DC:31:05:00:18:9C
05.03.2026_10:01:25.950,AA:55:03:82:00:00:00:00:00:A2:0F:1E:24:00:00:00:02:00:9B:32:06:00:18:62
05.03.2026_10:01:25.975,AA:55:10:AF:0F:F9:08:07:09:F3:08:0E:00:26:01:31:18:15:1D:25:00:00:70:0F
05.03.2026_10:01:26.000,AA:55:01:82:00:00:00:00:00:9D:0F:43:35:01:00:00:00:00:5E:31:04:00:1A:54
05.03.2026_10:01:26.025,AA:55:02:82:00:00:00:00:00:A0:0F:19:22:00:00:00:00:00:DC:31:05:00:18:96
05.03.2026_10:01:26.050,AA:55:03:82:00:00:00:00:00:9D:0F:1D:24:00:00:00:02:00:9B:32:06:00:18:5C
05.03.2026_10:01:26.075,AA:55:10:AF:0F:FD:08:07:09:F5:08:09:00:26:01:31:18:15:1D:25:00:00:71:11
05.03.2026_10:01:26.100,AA:55:01:82:00:00:00:00:00:9F:0F:43:35:00:00:00:00:00:5E:31:04:00:1A:55
05.03.2026_10:01:26.125,AA:55:02:82:00:00:00:00:00:9C:0F:19:23:00:00:00:02:00:DC:31:05:00:18:95
05.03.2026_10:01:26.150,AA:55:03:82:00:00:00:00:00:A0:0F:1E:24:00:00:00:00:00:9B:32:06:00:18:5E
05.03.2026_10:01:26.175,AA:55:10:AF:0F:00:09:0A:09:F3:08:0D:00:25:01:32:18:15:1D:25:00:00:71:1A
05.03.2026_10:01:26.200,AA:55:01:82:00:00:00:00:00:A0:0F:43:34:00:00:00:01:00:5E:31:04:00:1A:56
05.03.2026_10:01:26.225,AA:55:02:82:00:00:00:00:00:A0:0F:19:22:02:00:00:00:00:DC:31:05:00:18:98
05.03.2026_10:01:26.250,AA:55:03:82:00:00:00:00:00:9C:0F:1D:23:00:00:00:01:00:9B:32:06:00:18:59
05.03.2026_10:01:26.275,AA:55:10:AF:0F:01:09:0D:09:F8:08:10:00:25:01:31:18:15:1D:25:00:00:71:25
05.03.2026_10:01:26.300,AA:55:01:82:00:00:00:00:00:9D:0F:43:35:02:00:00:02:00:5E:31:04:00:1A:57
05.03.2026_10:01:26.325,AA:55:02:82:00:00:00:00:00:9F:0F:19:22:00:00:00:02:00:DC:31:05:00:18:97
05.03.2026_10:01:26.350,AA:55:03:82:00:00:00:00:00:9C:0F:1E:23:00:00:00:00:00:9B:32:06:00:18:59
05.03.2026_10:01:26.375,AA:55:10:AF:0F:FB:08:0B:09:F9:08:09:00:25:01:31:18:15:1D:27:00:00:71:18
05.03.2026_10:01:26.400,AA:55:01:82:00:00:00:00:00:A2:0F:43:35:04:00:00:00:00:5E:31:04:00:1A:5C
05.03.2026_10:01:26.425,AA:55:02:82:00:00:00:00:00:9F:0F:19:22:00:00:00:03:00:DC:31:05:00:18:98
05.03.2026_10:01:26.450,AA:55:03:82:00:00:00:00:00:9D:0F:1D:24:02:00:00:01:00:9B:32:06:00:18:5D
05.03.2026_10:01:26.475,AA:55:10:AF:0F:FA:08:0D:09:F8:08:0A:00:24:01:32:18:15:1D:27:00:00:71:19
05.03.2026_10:01:26.500,AA:55:01:82:00:00:00:00:00:A1:0F:43:35:04:00:00:00:00:5E:31:04:00:1A:5B
05.03.2026_10:01:26.525,AA:55:02:82:00:00:00:00:00:A3:0F:19:22:01:00:00:01:00:DC:31:05:00:18:9B
05.03.2026_10:01:26.550,AA:55:03:82:00:00:00:00:00:A2:0F:1E:24:00:00:00:01:00:9B:32:06:00:18:61
05.03.2026_10:01:26.575,AA:55:10:AF:0F:FB:08:07:09:FB:08:0F:00:24:01:31:18:15:1D:25:00:00:71:19
05.03.2026_10:01:26.600,AA:55:01:82:00:00:00:00:00:A4:0F:43:35:04:00:00:01:00:5E:31:04:00:1A:5F
05.03.2026_10:01:26.625,AA:55:02:82:00:00:00:00:00:9F:0F:19:22:00:00:00:05:00:DC:31:05:00:18:9A
05.03.2026_10:01:26.650,AA:55:03:82:00:00:00:00:00:A1:0F:1D:24:02:00:00:00:00:9B:32:06:00:18:60
05.03.2026_10:01:26.675,AA:55:10:AF:0F:FF:08:06:09:F3:08:10:00:24:01:32:18:15:1D:29:00:00:71:1A
05.03.2026_10:01:26.700,AA:55:01:82:00:00:00:00:00:A4:0F:43:35:04:00:00:00:00:5E:31:04:00:1A:5E
05.03.2026_10:01:26.725,AA:55:02:82:00:00:00:00:00:9E:0F:19:22:00:00:00:03:00:DC:31:05:00:18:97
05.03.2026_10:01:26.750,AA:55:03:82:00:00:00:00:00:9E:0F:1D:23:00:00:00:00:00:9B:32:06:00:18:5A
05.03.2026_10:01:26.775,AA:55:10:AF:0F:FD:08:0B:09:F6:08:0E:00:24:01:32:18:15:1D:26:00:00:71:1B
05.03.2026_10:01:26.800,AA:55:01:82:00:00:00:00:00:A0:0F:43:34:02:00:00:00:00:5E:31:04:00:1A:57
05.03.2026_10:01:26.825,AA:55:02:82:00:00:00:00:00:A3:0F:19:22:00:00:00:02:00:DC:31:05:00:18:9B
05.03.2026_10:01:26.850,AA:55:03:82:00:00:00:00:00:9E:0F:1D:23:01:00:00:02:00:9B:32:06:00:18:5D
05.03.2026_10:01:26.875,AA:55:10:AF:0F:F9:08:07:09:F8:08:10:00:24:01:31:18:15:1D:27:00:00:71:17
05.03.2026_10:01:26.900,AA:55:01:82:00:00:00:00:00:A3:0F:43:35:01:00:00:02:00:5E:31:04:00:1A:5C
05.03.2026_10:01:26.925,AA:55:02:82:00:00:00:00:00:9D:0F:19:22:01:00:00:02:00:DC:31:05:00:18:96
05.03.2026_10:01:26.950,AA:55:03:82:00:00:00:00:00:9D:0F:1D:23:02:00:00:03:00:9B:32:06:00:18:5E
05.03.2026_10:01:26.975,AA:55:10:AF:0F:F9:08:0A:09:FB:08:10:00:23:01:31:18:15:1D:29:00:00:71:1E
05.03.2026_10:01:27.000,AA:55:01:82:00:00:00:00:00:9D:0F:43:34:00:00:00:00:00:5E:31:04:00:1A:52
05.03.2026_10:01:27.025,AA:55:02:82:00:00:00:00:00:A4:0F:19:22:00:00:00:04:00:DC:31:05:00:18:9E
05.03.2026_10:01:27.050,AA:55:03:82:00:00:00:00:00:9E:0F:1D:24:00:00:00:00:00:9B:32:06:00:18:5B
05.03.2026_10:01:27.075,AA:55:10:AF:0F:FF:08:0A:09:F9:08:0D:00:22:01:32:18:15:1D:27:00:00:72:1E
05.03.2026_10:01:27.100,AA:55:01:82:00:00:00:00:00:A3:0F:42:34:01:00:00:02:00:5E:31:04:00:1A:5A
05.03.2026_10:01:27.125,AA:55:02:82:00:00:00:00:00:9D:0F:19:22:00:00:00:00:00:DC:31:05:00:18:93
05.03.2026_10:01:27.150,AA:55:03:82:00:00:00:00:00:9D:0F:1D:23:01:00:00:00:00:9B:32:06:00:18:5A
05.03.2026_10:01:27.175,AA:55:10:AF:0F:FE:08:09:09:F5:08:10:00:23:01:31:18:15:1D:25:00:00:72:19
05.03.2026_10:01:27.200,AA:55:01:82:00:00:00:00:00:A0:0F:43:35:02:00:00:02:00:5E:31:04:00:1A:5A
05.03.2026_10:01:27.225,AA:55:02:82:00:00:00:00:00:A1:0F:19:22:00:00:00:00:00:DC:31:05:00:18:97
05.03.2026_10:01:27.250,AA:55:03:82:00:00:00:00:00:A0:0F:1D:23:00:00:00:00:00:9B:32:06:00:18:5C
05.03.2026_10:01:27.275,AA:55:10:8B:0F:F9:08:06:09:F6:08:0F:00:22:01:32:17:14:1C:25:00:00:72:EA
05.03.2026_10:01:27.300,AA:55:01:82:00:00:00:00:00:A3:0F:43:35:00:00:00:01:00:5E:31:04:00:1A:5A
05.03.2026_10:01:27.325,AA:55:02:82:00:00:00:00:00:9D:0F:19:22:00:00:00:00:00:DC:31:05:00:18:93
05.03.2026_10:01:27.350,AA:55:03:82:00:00:00:00:00:A3:0F:1D:24:01:00:00:02:00:9B:32:06:00:18:63
05.03.2026_10:01:27.375,AA:55:10:8B:0F:01:09:0F:09:F1:08:09:00:21:01:31:16:13:1B:26:00:00:72:ED
05.03.2026_10:01:27.400,AA:55:01:82:00:00:00:00:00:9D:0F:42:34:00:00:00:00:00:5E:31:04:00:1A:51
05.03.2026_10:01:27.425,AA:55:02:82:00:00:00:00:00:9F:0F:19:22:01:00:00:04:00:DC:31:05:00:18:9A
05.03.2026_10:01:27.450,AA:55:03:82:00:00:00:00:00:A2:0F:1D:24:00:00:00:02:00:9B:32:06:00:18:61
05.03.2026_10:01:27.475,AA:55:10:8B:0F:F8:08:08:09:F6:08:0C:00:21:01:31:14:12:19:29:00:00:72:E2
05.03.2026_10:01:27.500,AA:55:01:82:00:00:00:00:00:A2:0F:42:34:00:00:00:00:00:5E:31:04:00:1A:56
05.03.2026_10:01:27.525,AA:55:02:82:00:00:00:00:00:9F:0F:19:22:00:00:00:04:00:DC:31:05:00:18:99
05.03.2026_10:01:27.550,AA:55:03:82:00:00:00:00:00:A3:0F:1D:23:00:00:00:00:00:9B:32:06:00:18:5F
05.03.2026_10:01:27.575,AA:55:10:8B:0F:FF:08:08:09:F3:08:0D:00:21:01:31:13:11:18:27:00:00:72:E2
05.03.2026_10:01:27.600,AA:55:01:82:00:00:00:00:00:9C:0F:43:34:02:00:00:00:00:5E:31:04:00:1A:53
05.03.2026_10:01:27.625,AA:55:02:82:00:00:00:00:00:A3:0F:19:22:01:00:00:00:00:DC:31:05:00:18:9A
05.03.2026_10:01:27.650,AA:55:03:82:00:00:00:00:00:A2:0F:1D:24:00:00:00:01:00:9B:32:06:00:18:60
05.03.2026_10:01:27.675,AA:55:10:8B:0F:F8:08:06:09:F5:08:0F:00:21:01:32:12:11:17:24:00:00:72:D9
05.03.2026_10:01:27.700,AA:55:01:82:00:00:00:00:00:A2:0F:42:34:02:00:00:00:00:5E:31:04:00:1A:58
05.03.2026_10:01:27.725,AA:55:02:82:00:00:00:00:00:A1:0F:19:22:02:00:00:05:00:DC:31:05:00:18:9E
05.03.2026_10:01:27.750,AA:55:03:82:00:00:00:00:00:A2:0F:1D:23:00:00:00:00:00:9B:32:06:00:18:5E
05.03.2026_10:01:27.775,AA:55:10:8B:0F:FF:08:09:09:F6:08:10:00:21:01:32:11:10:16:28:00:00:72:E6
05.03.2026_10:01:27.800,AA:55:01:82:00:00:00:00:00:A3:0F:42:34:00:00:00:00:00:5E:31:04:00:1A:57
05.03.2026_10:01:27.825,AA:55:02:82:00:00:00:00:00:9C:0F:19:22:00:00:00:00:00:DC:31:05:00:18:92
05.03.2026_10:01:27.850,AA:55:03:82:00:00:00:00:00:A4:0F:1D:23:00:00:00:00:00:9B:32:06:00:18:60
05.03.2026_10:01:27.875,AA:55:10:8B:0F:FD:08:0C:09:F4:08:0D:00:21:01:32:10:0F:15:23:00:00:72:DA
05.03.2026_10:01:27.900,AA:55:01:82:00:00:00:00:00:A3:0F:43:34:00:00:00:00:00:5E:31:04:00:1A:58
05.03.2026_10:01:27.925,AA:55:02:82:00:00:00:00:00:A3:0F:19:22:00:00:00:05:00:DC:31:05:00:18:9E
05.03.2026_10:01:27.950,AA:55:03:82:00:00:00:00:00:A2:0F:1D:23:01:00:00:00:00:9B:32:06:00:18:5F
05.03.2026_10:01:27.975,AA:55:10:8B:0F:F9:08:0E:09:F8:08:0F:00:20:01:31:0E:0E:13:28:00:00:72:DC
05.03.2026_10:01:28.000,AA:55:01:82:00:00:00:00:00:9F:0F:42:34:00:00:00:02:00:5E:31:04:00:1A:55
05.03.2026_10:01:28.025,AA:55:02:82:00:00:00:00:00:A2:0F:19:22:00:00:00:02:00:DC:31:05:00:18:9A
05.03.2026_10:01:28.050,AA:55:03:82:00:00:00:00:00:A1:0F:1D:23:00:00:00:01:00:9B:32:06:00:18:5E
05.03.2026_10:01:28.075,AA:55:10:8B:0F:FC:08:08:09:FA:08:09:00:20:01:32:0D:0D:12:28:00:00:73:D4
05.03.2026_10:01:28.100,AA:55:01:82:00:00:00:00:00:A1:0F:42:34:00:00:00:00:00:5E:31:04:00:1A:55
05.03.2026_10:01:28.125,AA:55:02:82:00:00:00:00:00:9F:0F:19:22:01:00:00:03:00:DC:31:05:00:18:99
05.03.2026_10:01:28.150,AA:55:03:82:00:00:00:00:00:A2:0F:1D:23:00:00:00:02:00:9B:32:06:00:18:60
05.03.2026_10:01:28.175,AA:55:10:8B:0F:01:09:0C:09:F7:08:0F:00:20:01:32:0C:0C:11:28:00:00:73:DE
05.03.2026_10:01:28.200,AA:55:01:82:00:00:00:00:00:A1:0F:42:34:02:00:00:01:00:5E:31:04:00:1A:58
05.03.2026_10:01:28.225,AA:55:02:82:00:00:00:00:00:A0:0F:19:22:00:00:00:00:00:DC:31:05:00:18:96
05.03.2026_10:01:28.250,AA:55:03:82:00:00:00:00:00:9F:0F:1D:23:00:00:00:00:00:9B:32:06:00:18:5B
05.03.2026_10:01:28.275,AA:55:10:8B:0F:F8:08:09:09:F9:08:0D:00:20:01:32:0B:0B:10:24:00:00:73:CA
05.03.2026_10:01:28.300,AA:55:01:82:00:00:00:00:00:9E:0F:42:34:02:00:00:01:00:5E:31:04:00:1A:55
05.03.2026_10:01:28.325,AA:55:02:82:00:00:00:00:00:9F:0F:19:22:00:00:00:00:00:DC:31:05:00:18:95
05.03.2026_10:01:28.350,AA:55:03:82:00:00:00:00:00:A1:0F:1C:23:00:00:00:01:00:9B:32:06:00:18:5D
05.03.2026_10:01:28.375,AA:55:10:8B:0F:00:09:0F:09:FB:08:09:00:20:01:31:0A:0A:0F:24:00:00:73:D3
05.03.2026_10:01:28.400,AA:55:01:82:00:00:00:00:00:9D:0F:43:34:03:00:00:01:00:5E:31:04:00:1A:56
05.03.2026_10:01:28.425,AA:55:02:82:00:00:00:00:00:A2:0F:19:22:00:00:00:01:00:DC:31:05:00:18:99
05.03.2026_10:01:28.450,AA:55:03:82:00:00:00:00:00:A2:0F:1D:23:01:00:00:01:00:9B:32:06:00:18:60
05.03.2026_10:01:28.475,AA:55:10:8B:0F:00:09:0A:09:FA:08:0D:00:1F:01:32:08:09:0D:26:00:00:73:CE
05.03.2026_10:01:28.500,AA:55:01:82:00:00:00:00:00:9C:0F:42:34:00:00:00:02:00:5E:31:04:00:1A:52
05.03.2026_10:01:28.525,AA:55:02:82:00:00:00:00:00:A1:0F:19:22:00:00:00:00:00:DC:31:05:00:18:97
05.03.2026_10:01:28.550,AA:55:03:82:00:00:00:00:00:A0:0F:1C:23:00:00:00:00:00:9B:32:06:00:18:5B
05.03.2026_10:01:28.575,AA:55:10:8B:0F:FA:08:0D:09:F2:08:10:00:1F:01:31:07:08:0C:25:00:00:73:C0
05.03.2026_10:01:28.600,AA:55:01:82:00:00:00:00:00:A0:0F:42:34:02:00:00:00:00:5E:31:04:00:1A:56
05.03.2026_10:01:28.625,AA:55:02:82:00:00:00:00:00:A2:0F:19:22:00:00:00:00:00:DC:31:05:00:18:98
05.03.2026_10:01:28.650,AA:55:03:82:00:00:00:00:00:A1:0F:1C:23:00:00:00:01:00:9B:32:06:00:18:5D
05.03.2026_10:01:28.675,AA:55:10:8B:0F:FA:08:0D:09:F7:08:0C:00:1F:01:31:06:08:0B:24:00:00:73:BE
05.03.2026_10:01:28.700,AA:55:01:82:00:00:00:00:00:A0:0F:42:34:02:00:00:00:00:5E:31:04:00:1A:56
05.03.2026_10:01:28.725,AA:55:02:82:00:00:00:00:00:9F:0F:19:22:02:00:00:03:00:DC:31:05:00:18:9A
05.03.2026_10:01:28.750,AA:55:03:82:00:00:00:00:00:A1:0F:1C:23:00:00:00:02:00:9B:32:06:00:18:5E
05.03.2026_10:01:28.775,AA:55:10:8B:0F:F8:08:09:09:F2:08:0C:00:1E:01:31:05:07:0A:28:00:00:73:B3
05.03.2026_10:01:28.800,AA:55:01:82:00:00:00:00:00:A2:0F:42:34:01:00:00:00:00:5E:31:04:00:1A:57
05.03.2026_10:01:28.825,AA:55:02:82:00:00:00:00:00:A1:0F:19:22:00:00:00:02:00:DC:31:05:00:18:99
05.03.2026_10:01:28.850,AA:55:03:82:00:00:00:00:00:A1:0F:1C:23:00:00:00:01:00:9B:32:06:00:18:5D
05.03.2026_10:01:28.875,AA:55:10:8B:0F:FE:08:08:09:F3:08:09:00:1E:01:31:04:06:09:26:00:00:73:B1
05.03.2026_10:01:28.900,AA:55:01:82:00:00:00:00:00:9D:0F:42:34:02:00:00:01:00:5E:31:04:00:1A:54
05.03.2026_10:01:28.925,AA:55:02:82:00:00:00:00:00:A1:0F:19:22:02:00:00:03:00:DC:31:05:00:18:9C
05.03.2026_10:01:28.950,AA:55:03:82:00:00:00:00:00:A2:0F:1D:23:01:00:00:01:00:9B:32:06:00:18:60
05.03.2026_10:01:28.975,AA:55:10:8B:0F:01:09:0F:09:F9:08:0D:00:1D:01:31:02:05:07:27:00:00:73:C1
05.03.2026_10:01:29.000,AA:55:01:82:00:00:00:00:00:9C:0F:42:34:02:00:00:00:00:5E:31:04:00:1A:52
05.03.2026_10:01:29.025,AA:55:02:82:00:00:00:00:00:A3:0F:19:22:03:00:00:00:00:DC:31:05:00:18:9C
05.03.2026_10:01:29.050,AA:55:03:82:00:00:00:00:00:A3:0F:1C:23:02:00:00:00:00:9B:32:06:00:18:60
05.03.2026_10:01:29.075,AA:55:10:8B:0F:FE:08:0F:09:F5:08:0C:00:1C:01:31:01:04:06:23:00:00:74:B1
05.03.2026_10:01:29.100,AA:55:01:82:00:00:00:00:00:A3:0F:42:34:00:00:00:00:00:5E:31:04:00:1A:57
05.03.2026_10:01:29.125,AA:55:02:82:00:00:00:00:00:9E:0F:19:22:03:00:00:01:00:DC:31:05:00:18:98
05.03.2026_10:01:29.150,AA:55:03:82:00:00:00:00:00:9D:0F:1C:23:01:00:00:00:00:9B:32:06:00:18:59
05.03.2026_10:01:29.175,AA:55:10:8B:0F:F9:08:07:09:F9:08:0B:00:1C:01:31:00:03:05:24:00:00:74:A5
05.03.2026_10:01:29.200,AA:55:01:82:00:00:00:00:00:A3:0F:42:34:00:00:00:02:00:5E:31:04:00:1A:59
05.03.2026_10:01:29.225,AA:55:02:82:00:00:00:00:00:9E:0F:19:21:00:00:00:04:00:DC:31:05:00:18:97
05.03.2026_10:01:29.250,AA:55:03:82:00:00:00:00:00:9E:0F:1C:23:02:00:00:00:00:9B:32:06:00:18:5B
05.03.2026_10:01:29.275,AA:55:10:8B:0F:00:09:0E:09:F4:08:0E:00:1C:01:31:00:02:05:29:00:00:74:B6
05.03.2026_10:01:29.300,AA:55:01:82:00:00:00:00:00:A1:0F:42:34:00:00:00:00:00:5E:31:04:00:1A:55
05.03.2026_10:01:29.325,AA:55:02:82:00:00:00:00:00:9C:0F:19:21:00:00:00:00:00:DC:31:05:00:18:91
05.03.2026_10:01:29.350,AA:55:03:82:00:00:00:00:00:A2:0F:1C:23:02:00:00:00:00:9B:32:06:00:18:5F
05.03.2026_10:01:29.375,AA:55:10:8B:0F:FB:08:0C:09:F2:08:0F:00:1D:01:31:00:01:05:24:00:00:74:A8
05.03.2026_10:01:29.400,AA:55:01:82:00:00:00:00:00:A1:0F:42:34:02:00:00:01:00:5E:31:04:00:1A:58
05.03.2026_10:01:29.425,AA:55:02:82:00:00:00:00:00:9C:0F:19:21:00:00:00:00:00:DC:31:05:00:18:91
05.03.2026_10:01:29.450,AA:55:03:82:00:00:00:00:00:A0:0F:1D:23:00:00:00:02:00:9B:32:06:00:18:5E
05.03.2026_10:01:29.475,AA:55:10:8B:0F:FE:08:0D:09:F7:08:0D:00:1D:01:31:00:00:05:26:00:00:74:B0
05.03.2026_10:01:29.500,AA:55:01:82:00:00:00:00:00:9E:0F:42:34:01:00:00:01:00:5E:31:04:00:1A:54
05.03.2026_10:01:29.525,AA:55:02:82:00:00:00:00:00:A1:0F:19:21:00:00:00:00:00:DC:31:05:00:18:96
05.03.2026_10:01:29.550,AA:55:03:82:00:00:00:00:00:9E:0F:1C:23:00:00:00:00:00:9B:32:06:00:18:59
05.03.2026_10:01:29.575,AA:55:10:8B:0F:F9:08:0D:09:F8:08:0D:00:1C:01:31:00:00:05:24:00:00:74:A9
05.03.2026_10:01:29.600,AA:55:01:82:00:00:00:00:00:A0:0F:42:34:00:00:00:02:00:5E:31:04:00:1A:56
05.03.2026_10:01:29.625,AA:55:02:82:00:00:00:00:00:9C:0F:19:21:00:00:00:04:00:DC:31:05:00:18:95
05.03.2026_10:01:29.650,AA:55:03:82:00:00:00:00:00:A4:0F:1C:23:00:00:00:00:00:9B:32:06:00:18:5F
05.03.2026_10:01:29.675,AA:55:10:8B:0F:FF:08:0F:09:F6:08:09:00:1C:01:31:00:00:05:29:00:00:74:B0
05.03.2026_10:01:29.700,AA:55:01:82:00:00:00:00:00:A3:0F:42:33:00:00:00:00:00:5E:31:04:00:1A:56
05.03.2026_10:01:29.725,AA:55:02:82:00:00:00:00:00:A1:0F:19:21:02:00:00:00:00:DC:31:05:00:18:98
05.03.2026_10:01:29.750,AA:55:03:82:00:00:00:00:00:A2:0F:1C:23:00:00:00:02:00:9B:32:06:00:18:5F
05.03.2026_10:01:29.775,AA:55:10:8B:0F:FB:08:0B:09:FA:08:0F:00:1C:01:31:00:00:05:25:00:00:74:AE
05.03.2026_10:01:29.800,AA:55:01:82:00:00:00:00:00:A4:0F:41:34:01:00:00:00:00:5E:31:04:00:1A:58
05.03.2026_10:01:29.825,AA:55:02:82:00:00:00:00:00:A4:0F:19:21:00:00:00:00:00:DC:31:05:00:18:99
05.03.2026_10:01:29.850,AA:55:03:82:00:00:00:00:00:A0:0F:1C:23:00:00:00:00:00:9B:32:06:00:18:5B
05.03.2026_10:01:29.875,AA:55:10:8B:0F:FD:08:0B:09:F5:08:0E:00:1B:01:31:00:00:05:23:00:00:74:A7
05.03.2026_10:01:29.900,AA:55:01:82:00:00:00:00:00:A3:0F:42:33:00:00:00:00:00:5E:31:04:00:1A:56
05.03.2026_10:01:29.925,AA:55:02:82:00:00:00:00:00:A0:0F:19:21:00:00:00:04:00:DC:31:05:00:18:99
05.03.2026_10:01:29.950,AA:55:03:82:00:00:00:00:00:A4:0F:1C:23:00:00:00:01:00:9B:32:06:00:18:60
05.03.2026_10:01:29.975,AA:55:10:8B:0F:FB:08:09:09:F9:08:0C:00:1B:01:31:00:00:05:28:00:00:74:AA
05.03.2026_10:01:30.000,AA:55:01:82:00:00:00:00:00:9E:0F:42:33:00:00:00:00:00:5E:31:04:00:1A:51
05.03.2026_10:01:30.025,AA:55:02:82:00:00:00:00:00:9D:0F:19:21:00:00:00:04:00:DC:31:05:00:18:96
05.03.2026_10:01:30.050,AA:55:03:82:00:00:00:00:00:A2:0F:1C:22:01:00:00:02:00:9B:32:06:00:18:5F
05.03.2026_10:01:30.075,AA:55:10:8B:0F:F9:08:08:09:F6:08:0F:00:1A:01:31:00:00:05:29:00:00:75:A8
